ISO-10303-21;
HEADER;
/* Generated by software containing ST-Developer
 * from STEP Tools, Inc. (www.steptools.com) 
 */

FILE_DESCRIPTION(
/* description */ (''),
/* implementation_level */ '2;1');

FILE_NAME(
/* name */ 'back cover.step',
/* time_stamp */ '2026-09-06T18:01:35+03:00',
/* author */ (''),
/* organization */ (''),
/* preprocessor_version */ 'ST-DEVELOPER v20.1',
/* originating_system */ 'Autodesk Translation Framework v15.8.0.0',
/* authorisation */ '');

FILE_SCHEMA (('AUTOMOTIVE_DESIGN { 1 0 10303 214 3 1 1 }'));
ENDSEC;

DATA;
#10=MECHANICAL_DESIGN_GEOMETRIC_PRESENTATION_REPRESENTATION('',(#13),#5862);
#11=SHAPE_REPRESENTATION_RELATIONSHIP('SRR','None',#5869,#12);
#12=ADVANCED_BREP_SHAPE_REPRESENTATION('',(#14),#5861);
#13=STYLED_ITEM('',(#5878),#14);
#14=MANIFOLD_SOLID_BREP('Body137',#2469);
#15=TOROIDAL_SURFACE('',#2568,8.,2.);
#16=TOROIDAL_SURFACE('',#2570,8.,2.);
#17=CONICAL_SURFACE('',#2556,3.25,0.785398163397448);
#18=CONICAL_SURFACE('',#2562,3.25,0.785398163397448);
#19=CONICAL_SURFACE('',#2635,2.2,0.785398163397448);
#20=CONICAL_SURFACE('',#2640,2.2,0.785398163397448);
#21=CONICAL_SURFACE('',#2644,2.2,0.785398163397448);
#22=CONICAL_SURFACE('',#2650,2.2,0.785398163397448);
#23=B_SPLINE_SURFACE_WITH_KNOTS('',3,3,((#3649,#3650,#3651,#3652),(#3653,
#3654,#3655,#3656),(#3657,#3658,#3659,#3660),(#3661,#3662,#3663,#3664),
(#3665,#3666,#3667,#3668),(#3669,#3670,#3671,#3672)),.UNSPECIFIED.,.F.,
 .F.,.F.,(4,1,1,4),(4,4),(0.,0.285714285714286,0.571428571428571,1.),(-1.61020281998307E-15,
0.199999999999999),.UNSPECIFIED.);
#24=B_SPLINE_SURFACE_WITH_KNOTS('',3,3,((#3724,#3725,#3726,#3727),(#3728,
#3729,#3730,#3731),(#3732,#3733,#3734,#3735),(#3736,#3737,#3738,#3739),
(#3740,#3741,#3742,#3743),(#3744,#3745,#3746,#3747)),.UNSPECIFIED.,.F.,
 .F.,.F.,(4,1,1,4),(4,4),(0.,0.285714285714286,0.571428571428571,1.),(-1.02929331215283E-15,
0.200000000000001),.UNSPECIFIED.);
#25=B_SPLINE_SURFACE_WITH_KNOTS('',3,1,((#3803,#3804),(#3805,#3806),(#3807,
#3808),(#3809,#3810)),.UNSPECIFIED.,.F.,.F.,.F.,(4,4),(2,2),(0.,0.595044552908036),
(0.,0.2),.UNSPECIFIED.);
#26=B_SPLINE_SURFACE_WITH_KNOTS('',3,1,((#3822,#3823),(#3824,#3825),(#3826,
#3827),(#3828,#3829),(#3830,#3831),(#3832,#3833),(#3834,#3835),(#3836,#3837),
(#3838,#3839),(#3840,#3841),(#3842,#3843),(#3844,#3845),(#3846,#3847),(#3848,
#3849),(#3850,#3851),(#3852,#3853)),.UNSPECIFIED.,.F.,.F.,.F.,(4,3,3,3,
3,4),(2,2),(-0.385142145359466,-0.312515578709542,-0.234386684032156,-0.15625778935477,
-0.0781288946773849,0.),(0.,0.2),.UNSPECIFIED.);
#27=B_SPLINE_SURFACE_WITH_KNOTS('',3,1,((#3907,#3908),(#3909,#3910),(#3911,
#3912),(#3913,#3914),(#3915,#3916),(#3917,#3918),(#3919,#3920),(#3921,#3922),
(#3923,#3924),(#3925,#3926),(#3927,#3928),(#3929,#3930),(#3931,#3932)),
 .UNSPECIFIED.,.F.,.F.,.F.,(4,3,3,3,4),(2,2),(-0.00144464483920508,0.,0.704261316889603,
1.,1.00043717277773),(0.,0.2),.UNSPECIFIED.);
#28=B_SPLINE_SURFACE_WITH_KNOTS('',3,1,((#3968,#3969),(#3970,#3971),(#3972,
#3973),(#3974,#3975),(#3976,#3977),(#3978,#3979),(#3980,#3981),(#3982,#3983),
(#3984,#3985),(#3986,#3987),(#3988,#3989),(#3990,#3991),(#3992,#3993)),
 .UNSPECIFIED.,.F.,.F.,.F.,(4,3,3,3,4),(2,2),(-1.00043717277764,-1.,-0.299044297297883,
0.,0.00144464483924163),(0.,0.2),.UNSPECIFIED.);
#29=B_SPLINE_SURFACE_WITH_KNOTS('',3,1,((#4041,#4042),(#4043,#4044),(#4045,
#4046),(#4047,#4048),(#4049,#4050),(#4051,#4052),(#4053,#4054),(#4055,#4056),
(#4057,#4058),(#4059,#4060),(#4061,#4062),(#4063,#4064),(#4065,#4066),(#4067,
#4068),(#4069,#4070),(#4071,#4072)),.UNSPECIFIED.,.F.,.F.,.F.,(4,3,3,3,
3,4),(2,2),(-0.385142145359464,-0.312515578709542,-0.234386684032156,-0.156257789354771,
-0.0781288946773851,0.),(0.,0.2),.UNSPECIFIED.);
#30=B_SPLINE_SURFACE_WITH_KNOTS('',3,1,((#4108,#4109),(#4110,#4111),(#4112,
#4113),(#4114,#4115)),.UNSPECIFIED.,.F.,.F.,.F.,(4,4),(2,2),(-0.595044552908033,
0.),(0.,0.2),.UNSPECIFIED.);
#31=B_SPLINE_SURFACE_WITH_KNOTS('',3,1,((#4163,#4164),(#4165,#4166),(#4167,
#4168),(#4169,#4170),(#4171,#4172),(#4173,#4174),(#4175,#4176)),
 .UNSPECIFIED.,.F.,.F.,.F.,(4,3,4),(2,2),(-0.998917468382222,-0.2676206812417,
-0.000510569342293568),(0.,0.2),.UNSPECIFIED.);
#32=B_SPLINE_SURFACE_WITH_KNOTS('',3,1,((#4200,#4201),(#4202,#4203),(#4204,
#4205),(#4206,#4207),(#4208,#4209),(#4210,#4211),(#4212,#4213)),
 .UNSPECIFIED.,.F.,.F.,.F.,(4,3,4),(2,2),(0.000510569342751794,0.731723466225802,
0.998917468382445),(0.,0.2),.UNSPECIFIED.);
#33=B_SPLINE_SURFACE_WITH_KNOTS('',3,1,((#4258,#4259),(#4260,#4261),(#4262,
#4263),(#4264,#4265),(#4266,#4267),(#4268,#4269),(#4270,#4271)),
 .UNSPECIFIED.,.F.,.F.,.F.,(4,3,4),(2,2),(-0.507171871158959,-0.480071863330653,
0.),(0.,0.2),.UNSPECIFIED.);
#34=B_SPLINE_SURFACE_WITH_KNOTS('',3,1,((#4282,#4283),(#4284,#4285),(#4286,
#4287),(#4288,#4289),(#4290,#4291),(#4292,#4293),(#4294,#4295)),
 .UNSPECIFIED.,.F.,.F.,.F.,(4,3,4),(2,2),(-0.993135424962944,-0.626419054595639,
-0.00313853251576572),(0.,0.2),.UNSPECIFIED.);
#35=B_SPLINE_SURFACE_WITH_KNOTS('',3,1,((#4309,#4310),(#4311,#4312),(#4313,
#4314),(#4315,#4316),(#4317,#4318),(#4319,#4320),(#4321,#4322)),
 .UNSPECIFIED.,.F.,.F.,.F.,(4,3,4),(2,2),(0.00313853251527649,0.227389501093355,
0.993135424962869),(0.,0.2),.UNSPECIFIED.);
#36=B_SPLINE_SURFACE_WITH_KNOTS('',3,1,((#4334,#4335),(#4336,#4337),(#4338,
#4339),(#4340,#4341),(#4342,#4343),(#4344,#4345),(#4346,#4347)),
 .UNSPECIFIED.,.F.,.F.,.F.,(4,3,4),(2,2),(0.,0.161327334804928,0.507171871158975),
(0.,0.2),.UNSPECIFIED.);
#37=B_SPLINE_SURFACE_WITH_KNOTS('',3,1,((#4359,#4360),(#4361,#4362),(#4363,
#4364),(#4365,#4366),(#4367,#4368),(#4369,#4370),(#4371,#4372),(#4373,#4374),
(#4375,#4376),(#4377,#4378),(#4379,#4380),(#4381,#4382),(#4383,#4384),(#4385,
#4386),(#4387,#4388),(#4389,#4390),(#4391,#4392),(#4393,#4394),(#4395,#4396)),
 .UNSPECIFIED.,.F.,.F.,.F.,(4,3,3,3,3,3,4),(2,2),(-0.00866786903555515,
-0.00144464483924163,0.,0.412162658892383,0.912977103639664,1.00043717277767,
1.00262303666539),(0.,0.2),.UNSPECIFIED.);
#38=B_SPLINE_SURFACE_WITH_KNOTS('',3,1,((#4422,#4423),(#4424,#4425),(#4426,
#4427),(#4428,#4429),(#4430,#4431),(#4432,#4433),(#4434,#4435),(#4436,#4437),
(#4438,#4439),(#4440,#4441),(#4442,#4443),(#4444,#4445),(#4446,#4447),(#4448,
#4449),(#4450,#4451),(#4452,#4453),(#4454,#4455),(#4456,#4457),(#4458,#4459),
(#4460,#4461),(#4462,#4463),(#4464,#4465)),.UNSPECIFIED.,.F.,.F.,.F.,(4,
3,3,3,3,3,3,4),(2,2),(-1.00262303666601,-1.00043717277774,-0.980741480355,
-0.852869718847213,-0.502143728571668,0.,0.00144464483920508,0.00866786903535231),
(0.,0.2),.UNSPECIFIED.);
#39=B_SPLINE_SURFACE_WITH_KNOTS('',3,1,((#4494,#4495),(#4496,#4497),(#4498,
#4499),(#4500,#4501),(#4502,#4503),(#4504,#4505),(#4506,#4507),(#4508,#4509),
(#4510,#4511),(#4512,#4513),(#4514,#4515),(#4516,#4517),(#4518,#4519),(#4520,
#4521),(#4522,#4523),(#4524,#4525)),.UNSPECIFIED.,.F.,.F.,.F.,(4,3,3,3,
3,4),(2,2),(-0.018632849474197,0.,0.403484181679931,0.821518069467987,1.,
1.00354260657673),(0.,0.3),.UNSPECIFIED.);
#40=B_SPLINE_SURFACE_WITH_KNOTS('',3,1,((#4567,#4568),(#4569,#4570),(#4571,
#4572),(#4573,#4574),(#4575,#4576),(#4577,#4578),(#4579,#4580),(#4581,#4582),
(#4583,#4584),(#4585,#4586),(#4587,#4588),(#4589,#4590),(#4591,#4592)),
 .UNSPECIFIED.,.F.,.F.,.F.,(4,3,3,3,4),(2,2),(-0.000244363521293872,0.,
0.397052717095607,0.698326548501528,0.997727291078855),(0.,0.3),
 .UNSPECIFIED.);
#41=B_SPLINE_SURFACE_WITH_KNOTS('',3,1,((#4633,#4634),(#4635,#4636),(#4637,
#4638),(#4639,#4640),(#4641,#4642),(#4643,#4644),(#4645,#4646)),
 .UNSPECIFIED.,.F.,.F.,.F.,(4,3,4),(2,2),(0.00949716159724685,0.491553172820709,
0.996911661720915),(0.,0.3),.UNSPECIFIED.);
#42=B_SPLINE_SURFACE_WITH_KNOTS('',3,1,((#4673,#4674),(#4675,#4676),(#4677,
#4678),(#4679,#4680),(#4681,#4682),(#4683,#4684),(#4685,#4686)),
 .UNSPECIFIED.,.F.,.F.,.F.,(4,3,4),(2,2),(-0.996911661720912,-0.491553172826692,
-0.00949716159731224),(0.,0.3),.UNSPECIFIED.);
#43=B_SPLINE_SURFACE_WITH_KNOTS('',3,1,((#4713,#4714),(#4715,#4716),(#4717,
#4718),(#4719,#4720),(#4721,#4722),(#4723,#4724),(#4725,#4726),(#4727,#4728),
(#4729,#4730),(#4731,#4732),(#4733,#4734),(#4735,#4736),(#4737,#4738)),
 .UNSPECIFIED.,.F.,.F.,.F.,(4,3,3,3,4),(2,2),(-0.997727291079232,-0.698326548486165,
-0.397052717092454,0.,0.000244363503539084),(0.,0.3),.UNSPECIFIED.);
#44=B_SPLINE_SURFACE_WITH_KNOTS('',3,1,((#4779,#4780),(#4781,#4782),(#4783,
#4784),(#4785,#4786),(#4787,#4788),(#4789,#4790),(#4791,#4792),(#4793,#4794),
(#4795,#4796),(#4797,#4798),(#4799,#4800),(#4801,#4802),(#4803,#4804),(#4805,
#4806),(#4807,#4808),(#4809,#4810)),.UNSPECIFIED.,.F.,.F.,.F.,(4,3,3,3,
3,4),(2,2),(-1.00354260657677,-1.,-0.821518069443018,-0.403484181677454,
0.,0.0186328494755746),(0.,0.3),.UNSPECIFIED.);
#45=B_SPLINE_SURFACE_WITH_KNOTS('',3,1,((#4849,#4850),(#4851,#4852),(#4853,
#4854),(#4855,#4856),(#4857,#4858),(#4859,#4860),(#4861,#4862),(#4863,#4864),
(#4865,#4866),(#4867,#4868),(#4869,#4870),(#4871,#4872),(#4873,#4874)),
 .UNSPECIFIED.,.F.,.F.,.F.,(4,3,3,3,4),(2,2),(-1.00803297310636,-1.,-0.65358052012586,
0.,0.00381110498428335),(0.,0.3),.UNSPECIFIED.);
#46=B_SPLINE_SURFACE_WITH_KNOTS('',3,1,((#4907,#4908),(#4909,#4910),(#4911,
#4912),(#4913,#4914),(#4915,#4916),(#4917,#4918),(#4919,#4920),(#4921,#4922),
(#4923,#4924),(#4925,#4926),(#4927,#4928),(#4929,#4930),(#4931,#4932)),
 .UNSPECIFIED.,.F.,.F.,.F.,(4,3,3,3,4),(2,2),(-0.00381110498426658,0.,0.653580520118047,
1.,1.00803297310648),(0.,0.3),.UNSPECIFIED.);
#47=B_SPLINE_SURFACE_WITH_KNOTS('',3,3,((#4962,#4963,#4964,#4965,#4966,
#4967,#4968,#4969,#4970,#4971,#4972,#4973,#4974,#4975,#4976,#4977,#4978,
#4979),(#4980,#4981,#4982,#4983,#4984,#4985,#4986,#4987,#4988,#4989,#4990,
#4991,#4992,#4993,#4994,#4995,#4996,#4997),(#4998,#4999,#5000,#5001,#5002,
#5003,#5004,#5005,#5006,#5007,#5008,#5009,#5010,#5011,#5012,#5013,#5014,
#5015),(#5016,#5017,#5018,#5019,#5020,#5021,#5022,#5023,#5024,#5025,#5026,
#5027,#5028,#5029,#5030,#5031,#5032,#5033),(#5034,#5035,#5036,#5037,#5038,
#5039,#5040,#5041,#5042,#5043,#5044,#5045,#5046,#5047,#5048,#5049,#5050,
#5051)),.UNSPECIFIED.,.F.,.F.,.F.,(4,1,4),(4,2,1,1,1,2,1,1,2,1,2,4),(0.,
0.571428571428571,1.),(-1.19161737255491,-1.19131455232729,-0.923657427616233,
-0.880531983445988,-0.85674314643847,-0.722914584082944,-0.522236815429919,
-0.4865651273725,-0.37172848894015,-0.159312209545779,0.,0.00195609341770849),
 .UNSPECIFIED.);
#48=B_SPLINE_SURFACE_WITH_KNOTS('',3,3,((#5107,#5108,#5109,#5110,#5111,
#5112,#5113,#5114,#5115,#5116,#5117,#5118),(#5119,#5120,#5121,#5122,#5123,
#5124,#5125,#5126,#5127,#5128,#5129,#5130),(#5131,#5132,#5133,#5134,#5135,
#5136,#5137,#5138,#5139,#5140,#5141,#5142),(#5143,#5144,#5145,#5146,#5147,
#5148,#5149,#5150,#5151,#5152,#5153,#5154),(#5155,#5156,#5157,#5158,#5159,
#5160,#5161,#5162,#5163,#5164,#5165,#5166)),.UNSPECIFIED.,.F.,.F.,.F.,(4,
1,4),(4,2,2,2,2,4),(0.,0.571428571428571,1.),(-1.04884999236078,-1.04788499869927,
-1.04353988874299,-0.337624881248938,-0.00712912169269724,4.95783969431325E-14),
 .UNSPECIFIED.);
#49=B_SPLINE_SURFACE_WITH_KNOTS('',3,3,((#5222,#5223,#5224,#5225,#5226,
#5227,#5228,#5229,#5230,#5231),(#5232,#5233,#5234,#5235,#5236,#5237,#5238,
#5239,#5240,#5241),(#5242,#5243,#5244,#5245,#5246,#5247,#5248,#5249,#5250,
#5251),(#5252,#5253,#5254,#5255,#5256,#5257,#5258,#5259,#5260,#5261),(#5262,
#5263,#5264,#5265,#5266,#5267,#5268,#5269,#5270,#5271)),.UNSPECIFIED.,.F.,
 .F.,.F.,(4,1,4),(4,2,2,2,4),(0.,0.571428571428571,1.),(-1.07564506510722,
-1.06953396780407,-0.57827501931307,0.,0.00248754070489404),
 .UNSPECIFIED.);
#50=B_SPLINE_SURFACE_WITH_KNOTS('',3,3,((#5322,#5323,#5324,#5325,#5326,
#5327,#5328,#5329,#5330,#5331),(#5332,#5333,#5334,#5335,#5336,#5337,#5338,
#5339,#5340,#5341),(#5342,#5343,#5344,#5345,#5346,#5347,#5348,#5349,#5350,
#5351),(#5352,#5353,#5354,#5355,#5356,#5357,#5358,#5359,#5360,#5361),(#5362,
#5363,#5364,#5365,#5366,#5367,#5368,#5369,#5370,#5371)),.UNSPECIFIED.,.F.,
 .F.,.F.,(4,1,4),(4,2,2,2,4),(0.,0.571428571428571,1.),(-1.07202189320359,
-1.069533967804,-0.491258948497386,0.,0.00611109730318771),
 .UNSPECIFIED.);
#51=B_SPLINE_SURFACE_WITH_KNOTS('',3,3,((#5384,#5385,#5386,#5387,#5388,
#5389,#5390,#5391,#5392,#5393,#5394,#5395,#5396,#5397,#5398,#5399,#5400,
#5401),(#5402,#5403,#5404,#5405,#5406,#5407,#5408,#5409,#5410,#5411,#5412,
#5413,#5414,#5415,#5416,#5417,#5418,#5419),(#5420,#5421,#5422,#5423,#5424,
#5425,#5426,#5427,#5428,#5429,#5430,#5431,#5432,#5433,#5434,#5435,#5436,
#5437),(#5438,#5439,#5440,#5441,#5442,#5443,#5444,#5445,#5446,#5447,#5448,
#5449,#5450,#5451,#5452,#5453,#5454,#5455),(#5456,#5457,#5458,#5459,#5460,
#5461,#5462,#5463,#5464,#5465,#5466,#5467,#5468,#5469,#5470,#5471,#5472,
#5473)),.UNSPECIFIED.,.F.,.F.,.F.,(4,1,4),(4,2,1,2,1,1,1,2,1,1,2,4),(0.,
0.571428571428571,1.),(-1.19355215747769,-1.19159587698075,-0.979179597575624,
-0.819867388021778,-0.681379252582203,-0.669359061538206,-0.619189619377015,
-0.468681292893443,-0.201024168184481,-0.090428968574563,-0.0002813246527604,
8.46545056276681E-16),.UNSPECIFIED.);
#52=B_SPLINE_SURFACE_WITH_KNOTS('',3,3,((#5532,#5533,#5534,#5535,#5536,
#5537,#5538,#5539,#5540,#5541),(#5542,#5543,#5544,#5545,#5546,#5547,#5548,
#5549,#5550,#5551),(#5552,#5553,#5554,#5555,#5556,#5557,#5558,#5559,#5560,
#5561),(#5562,#5563,#5564,#5565,#5566,#5567,#5568,#5569,#5570,#5571),(#5572,
#5573,#5574,#5575,#5576,#5577,#5578,#5579,#5580,#5581)),.UNSPECIFIED.,.F.,
 .F.,.F.,(4,1,4),(4,2,2,2,4),(0.,0.571428571428571,1.),(-1.04788499869916,
-1.0407558770066,-0.710260117458133,-0.00434510995631432,8.87805841716025E-16),
 .UNSPECIFIED.);
#53=B_SPLINE_SURFACE_WITH_KNOTS('',3,3,((#5647,#5648,#5649,#5650,#5651,
#5652,#5653,#5654,#5655,#5656,#5657,#5658,#5659),(#5660,#5661,#5662,#5663,
#5664,#5665,#5666,#5667,#5668,#5669,#5670,#5671,#5672),(#5673,#5674,#5675,
#5676,#5677,#5678,#5679,#5680,#5681,#5682,#5683,#5684,#5685),(#5686,#5687,
#5688,#5689,#5690,#5691,#5692,#5693,#5694,#5695,#5696,#5697,#5698),(#5699,
#5700,#5701,#5702,#5703,#5704,#5705,#5706,#5707,#5708,#5709,#5710,#5711),
(#5712,#5713,#5714,#5715,#5716,#5717,#5718,#5719,#5720,#5721,#5722,#5723,
#5724)),.UNSPECIFIED.,.F.,.F.,.F.,(4,1,1,4),(4,2,2,1,2,2,4),(0.,0.285714285714286,
0.571428571428571,1.),(-0.813123701958916,-0.80325387177279,-0.520713551523528,
-0.367139137818196,-0.174723267562193,-0.00342329457745111,4.7364090901229E-14),
 .UNSPECIFIED.);
#54=B_SPLINE_SURFACE_WITH_KNOTS('',3,3,((#5737,#5738,#5739,#5740,#5741,
#5742,#5743,#5744,#5745,#5746,#5747,#5748,#5749),(#5750,#5751,#5752,#5753,
#5754,#5755,#5756,#5757,#5758,#5759,#5760,#5761,#5762),(#5763,#5764,#5765,
#5766,#5767,#5768,#5769,#5770,#5771,#5772,#5773,#5774,#5775),(#5776,#5777,
#5778,#5779,#5780,#5781,#5782,#5783,#5784,#5785,#5786,#5787,#5788),(#5789,
#5790,#5791,#5792,#5793,#5794,#5795,#5796,#5797,#5798,#5799,#5800,#5801),
(#5802,#5803,#5804,#5805,#5806,#5807,#5808,#5809,#5810,#5811,#5812,#5813,
#5814)),.UNSPECIFIED.,.F.,.F.,.F.,(4,1,1,4),(4,2,2,1,2,2,4),(0.,0.285714285714286,
0.571428571428571,1.),(-0.81312370195947,-0.809700407385552,-0.638400434374249,
-0.445984564178397,-0.292410150433924,-0.00986983018652836,-4.60742555243703E-15),
 .UNSPECIFIED.);
#55=CYLINDRICAL_SURFACE('',#2507,3.);
#56=CYLINDRICAL_SURFACE('',#2511,3.99999999999999);
#57=CYLINDRICAL_SURFACE('',#2513,4.);
#58=CYLINDRICAL_SURFACE('',#2514,3.);
#59=CYLINDRICAL_SURFACE('',#2538,2.5);
#60=CYLINDRICAL_SURFACE('',#2539,1.);
#61=CYLINDRICAL_SURFACE('',#2541,6.8);
#62=CYLINDRICAL_SURFACE('',#2545,1.);
#63=CYLINDRICAL_SURFACE('',#2547,1.);
#64=CYLINDRICAL_SURFACE('',#2549,1.);
#65=CYLINDRICAL_SURFACE('',#2551,6.8);
#66=CYLINDRICAL_SURFACE('',#2553,1.);
#67=CYLINDRICAL_SURFACE('',#2561,3.);
#68=CYLINDRICAL_SURFACE('',#2567,3.);
#69=CYLINDRICAL_SURFACE('',#2573,4.8);
#70=CYLINDRICAL_SURFACE('',#2576,1.6);
#71=CYLINDRICAL_SURFACE('',#2582,1.6);
#72=CYLINDRICAL_SURFACE('',#2585,4.8);
#73=CYLINDRICAL_SURFACE('',#2590,1.60000000000001);
#74=CYLINDRICAL_SURFACE('',#2593,4.79999999999999);
#75=CYLINDRICAL_SURFACE('',#2596,1.6);
#76=CYLINDRICAL_SURFACE('',#2602,1.6);
#77=CYLINDRICAL_SURFACE('',#2605,4.79999999999999);
#78=CYLINDRICAL_SURFACE('',#2608,1.6);
#79=CYLINDRICAL_SURFACE('',#2627,2.);
#80=CYLINDRICAL_SURFACE('',#2628,2.);
#81=CYLINDRICAL_SURFACE('',#2629,2.);
#82=CYLINDRICAL_SURFACE('',#2630,2.);
#83=CYLINDRICAL_SURFACE('',#2631,1.6);
#84=CYLINDRICAL_SURFACE('',#2634,2.);
#85=CYLINDRICAL_SURFACE('',#2636,2.);
#86=CYLINDRICAL_SURFACE('',#2637,1.6);
#87=CYLINDRICAL_SURFACE('',#2641,1.6);
#88=CYLINDRICAL_SURFACE('',#2645,2.);
#89=CYLINDRICAL_SURFACE('',#2646,1.6);
#90=CYLINDRICAL_SURFACE('',#2649,2.);
#91=CYLINDRICAL_SURFACE('',#2652,6.79999999999999);
#92=CYLINDRICAL_SURFACE('',#2654,6.8);
#93=FACE_BOUND('',#408,.T.);
#94=FACE_BOUND('',#409,.T.);
#95=FACE_BOUND('',#410,.T.);
#96=FACE_BOUND('',#411,.T.);
#97=FACE_BOUND('',#412,.T.);
#98=FACE_BOUND('',#415,.T.);
#99=FACE_BOUND('',#425,.T.);
#100=FACE_BOUND('',#426,.T.);
#101=FACE_BOUND('',#427,.T.);
#102=FACE_BOUND('',#428,.T.);
#103=FACE_BOUND('',#429,.T.);
#104=FACE_BOUND('',#434,.T.);
#105=FACE_BOUND('',#456,.T.);
#106=FACE_BOUND('',#460,.T.);
#107=FACE_BOUND('',#546,.T.);
#108=FACE_BOUND('',#547,.T.);
#109=FACE_BOUND('',#548,.T.);
#110=FACE_BOUND('',#549,.T.);
#111=FACE_BOUND('',#550,.T.);
#112=FACE_BOUND('',#554,.T.);
#113=B_SPLINE_CURVE_WITH_KNOTS('',3,(#3245,#3246,#3247,#3248,#3249,#3250,
#3251),.UNSPECIFIED.,.F.,.F.,(4,3,4),(-0.993135424962869,-0.227389501093355,
-0.00313853251527649),.UNSPECIFIED.);
#114=B_SPLINE_CURVE_WITH_KNOTS('',3,(#3255,#3256,#3257,#3258,#3259,#3260,
#3261),.UNSPECIFIED.,.F.,.F.,(4,3,4),(0.00313853251576572,0.626419054595639,
0.993135424962944),.UNSPECIFIED.);
#115=B_SPLINE_CURVE_WITH_KNOTS('',3,(#3277,#3278,#3279,#3280),
 .UNSPECIFIED.,.F.,.F.,(4,4),(0.,0.266331484440311),.UNSPECIFIED.);
#116=B_SPLINE_CURVE_WITH_KNOTS('',3,(#3282,#3283,#3284,#3285,#3286,#3287,
#3288,#3289,#3290,#3291),.UNSPECIFIED.,.F.,.F.,(4,3,3,4),(0.,0.0885690444160999,
0.147615074026833,0.206661103637566),.UNSPECIFIED.);
#117=B_SPLINE_CURVE_WITH_KNOTS('',3,(#3297,#3298,#3299,#3300,#3301,#3302,
#3303,#3304,#3305,#3306,#3307,#3308,#3309,#3310,#3311,#3312,#3313,#3314,
#3315,#3316,#3317,#3318),.UNSPECIFIED.,.F.,.F.,(4,3,3,3,3,3,3,4),(-0.00866786903535231,
-0.00144464483927035,-6.52655013366754E-14,0.502143728571607,0.852869718847153,
0.980741480354942,1.00043717277769,1.00262303666601),.UNSPECIFIED.);
#118=B_SPLINE_CURVE_WITH_KNOTS('',3,(#3322,#3323,#3324,#3325,#3326,#3327,
#3328,#3329,#3330,#3331,#3332,#3333,#3334,#3335,#3336,#3337,#3338,#3339,
#3340),.UNSPECIFIED.,.F.,.F.,(4,3,3,3,3,3,4),(-1.00262303666539,-1.00043717277788,
-0.912977103639859,-0.412162658892472,-2.82412981889024E-15,0.00144464483923911,
0.00866786903555515),.UNSPECIFIED.);
#119=B_SPLINE_CURVE_WITH_KNOTS('',3,(#3348,#3349,#3350,#3351,#3352,#3353,
#3354,#3355,#3356,#3357),.UNSPECIFIED.,.F.,.F.,(4,3,3,4),(0.,0.0885690444161122,
0.147615074026854,0.206661103637595),.UNSPECIFIED.);
#120=B_SPLINE_CURVE_WITH_KNOTS('',3,(#3359,#3360,#3361,#3362,#3363,#3364,
#3365),.UNSPECIFIED.,.F.,.F.,(4,3,4),(-0.266331484440252,-0.161327334804927,
0.),.UNSPECIFIED.);
#121=B_SPLINE_CURVE_WITH_KNOTS('',3,(#3447,#3448,#3449,#3450,#3451,#3452,
#3453,#3454,#3455,#3456,#3457,#3458,#3459,#3460,#3461,#3462,#3463,#3464),
 .UNSPECIFIED.,.F.,.F.,(4,2,1,1,2,1,1,1,2,1,2,4),(0.000187550099837869,
0.0002813246527604,0.090428968574563,0.201024168184481,0.468681292893443,
0.619189619377015,0.669359061538206,0.681379252582203,0.819867388021778,
0.979179597575624,1.19159587698075,1.19355215747769),.UNSPECIFIED.);
#122=B_SPLINE_CURVE_WITH_KNOTS('',3,(#3468,#3469,#3470,#3471,#3472,#3473,
#3474,#3475,#3476,#3477,#3478),.UNSPECIFIED.,.F.,.F.,(4,2,1,2,2,4),(0.079732974834064,
0.292410150433924,0.445984564178397,0.638400434374249,0.809700407385552,
0.810841195925322),.UNSPECIFIED.);
#123=B_SPLINE_CURVE_WITH_KNOTS('',3,(#3484,#3485,#3486,#3487,#3488,#3489,
#3490,#3491,#3492,#3493),.UNSPECIFIED.,.F.,.F.,(4,2,2,2,4),(0.00289615352746725,
0.00434510995631432,0.710260117458133,1.0407558770066,1.04313217468311),
 .UNSPECIFIED.);
#124=B_SPLINE_CURVE_WITH_KNOTS('',3,(#3497,#3498,#3499,#3500,#3501,#3502,
#3503,#3504,#3505,#3506),.UNSPECIFIED.,.F.,.F.,(4,2,2,2,4),(0.00475282401626995,
0.00712912169269724,0.337624881248938,1.04353988874299,1.04498763029522),
 .UNSPECIFIED.);
#125=B_SPLINE_CURVE_WITH_KNOTS('',3,(#3512,#3513,#3514,#3515,#3516,#3517,
#3518,#3519,#3520,#3521,#3522),.UNSPECIFIED.,.F.,.F.,(4,2,2,1,2,4),(0.00228191184025444,
0.00342329457745111,0.174723267562193,0.367139137818196,0.520713551523528,
0.733390727125172),.UNSPECIFIED.);
#126=B_SPLINE_CURVE_WITH_KNOTS('',3,(#3526,#3527,#3528,#3529,#3530,#3531,
#3532,#3533,#3534,#3535,#3536,#3537,#3538,#3539,#3540,#3541,#3542,#3543),
 .UNSPECIFIED.,.F.,.F.,(4,2,1,2,1,1,2,1,1,1,2,4),(-0.00195590633831852,
0.,0.159312209545779,0.37172848894015,0.4865651273725,0.522236815429919,
0.722914584082944,0.85674314643847,0.880531983445988,0.923657427616233,
1.19131455232729,1.19140832657823),.UNSPECIFIED.);
#127=B_SPLINE_CURVE_WITH_KNOTS('',3,(#3553,#3554,#3555,#3556,#3557,#3558,
#3559,#3560,#3561,#3562),.UNSPECIFIED.,.F.,.F.,(4,2,2,2,4),(-0.00248715601006211,
0.,0.57827501931307,1.06953396780407,1.07564506510722),.UNSPECIFIED.);
#128=B_SPLINE_CURVE_WITH_KNOTS('',3,(#3566,#3567,#3568,#3569,#3570,#3571,
#3572,#3573,#3574,#3575),.UNSPECIFIED.,.F.,.F.,(4,2,2,2,4),(-0.00611109730318771,
0.,0.491258948497386,1.069533967804,1.07202189320359),.UNSPECIFIED.);
#129=B_SPLINE_CURVE_WITH_KNOTS('',3,(#3645,#3646,#3647,#3648),
 .UNSPECIFIED.,.F.,.F.,(4,4),(-1.61020281998307E-15,0.199999999999999),
 .UNSPECIFIED.);
#130=B_SPLINE_CURVE_WITH_KNOTS('',3,(#3674,#3675,#3676,#3677,#3678,#3679,
#3680,#3681,#3682,#3683),.UNSPECIFIED.,.F.,.F.,(4,3,3,4),(0.,0.0885690444161123,
0.147615074026854,0.206661103637595),.UNSPECIFIED.);
#131=B_SPLINE_CURVE_WITH_KNOTS('',3,(#3684,#3685,#3686,#3687),
 .UNSPECIFIED.,.F.,.F.,(4,4),(-0.199999999999999,1.61020281998307E-15),
 .UNSPECIFIED.);
#132=B_SPLINE_CURVE_WITH_KNOTS('',3,(#3749,#3750,#3751,#3752),
 .UNSPECIFIED.,.F.,.F.,(4,4),(-1.02929331215283E-15,0.200000000000001),
 .UNSPECIFIED.);
#133=B_SPLINE_CURVE_WITH_KNOTS('',3,(#3754,#3755,#3756,#3757,#3758,#3759,
#3760,#3761,#3762,#3763),.UNSPECIFIED.,.F.,.F.,(4,3,3,4),(0.,0.0885690444160995,
0.147615074026833,0.206661103637566),.UNSPECIFIED.);
#134=B_SPLINE_CURVE_WITH_KNOTS('',3,(#3764,#3765,#3766,#3767),
 .UNSPECIFIED.,.F.,.F.,(4,4),(-0.200000000000001,1.02929331215283E-15),
 .UNSPECIFIED.);
#135=B_SPLINE_CURVE_WITH_KNOTS('',3,(#3812,#3813,#3814,#3815),
 .UNSPECIFIED.,.F.,.F.,(4,4),(0.,0.595044552908036),.UNSPECIFIED.);
#136=B_SPLINE_CURVE_WITH_KNOTS('',3,(#3818,#3819,#3820,#3821),
 .UNSPECIFIED.,.F.,.F.,(4,4),(0.,0.595044552908036),.UNSPECIFIED.);
#137=B_SPLINE_CURVE_WITH_KNOTS('',3,(#3855,#3856,#3857,#3858,#3859,#3860,
#3861,#3862,#3863,#3864,#3865,#3866,#3867,#3868,#3869,#3870),
 .UNSPECIFIED.,.F.,.F.,(4,3,3,3,3,4),(-0.385142145359466,-0.312515578709542,
-0.234386684032156,-0.15625778935477,-0.0781288946773849,0.),
 .UNSPECIFIED.);
#138=B_SPLINE_CURVE_WITH_KNOTS('',3,(#3873,#3874,#3875,#3876,#3877,#3878,
#3879,#3880,#3881,#3882,#3883,#3884,#3885,#3886,#3887,#3888),
 .UNSPECIFIED.,.F.,.F.,(4,3,3,3,3,4),(-0.385142145359466,-0.312515578709542,
-0.234386684032156,-0.15625778935477,-0.0781288946773849,0.),
 .UNSPECIFIED.);
#139=B_SPLINE_CURVE_WITH_KNOTS('',3,(#3934,#3935,#3936,#3937,#3938,#3939,
#3940,#3941,#3942,#3943,#3944,#3945,#3946),.UNSPECIFIED.,.F.,.F.,(4,3,3,
3,4),(-0.00144464483920508,0.,0.704261316889603,1.,1.00043717277773),
 .UNSPECIFIED.);
#140=B_SPLINE_CURVE_WITH_KNOTS('',3,(#3949,#3950,#3951,#3952,#3953,#3954,
#3955,#3956,#3957,#3958,#3959,#3960,#3961),.UNSPECIFIED.,.F.,.F.,(4,3,3,
3,4),(-0.00144464483920508,0.,0.704261316889603,1.,1.00043717277773),
 .UNSPECIFIED.);
#141=B_SPLINE_CURVE_WITH_KNOTS('',3,(#3995,#3996,#3997,#3998,#3999,#4000,
#4001,#4002,#4003,#4004,#4005,#4006,#4007),.UNSPECIFIED.,.F.,.F.,(4,3,3,
3,4),(-1.00043717277764,-1.,-0.299044297297883,0.,0.00144464483924163),
 .UNSPECIFIED.);
#142=B_SPLINE_CURVE_WITH_KNOTS('',3,(#4010,#4011,#4012,#4013,#4014,#4015,
#4016,#4017,#4018,#4019,#4020,#4021,#4022),.UNSPECIFIED.,.F.,.F.,(4,3,3,
3,4),(-1.00043717277764,-1.,-0.299044297297883,0.,0.00144464483924163),
 .UNSPECIFIED.);
#143=B_SPLINE_CURVE_WITH_KNOTS('',3,(#4074,#4075,#4076,#4077,#4078,#4079,
#4080,#4081,#4082,#4083,#4084,#4085,#4086,#4087,#4088,#4089),
 .UNSPECIFIED.,.F.,.F.,(4,3,3,3,3,4),(-0.385142145359464,-0.312515578709542,
-0.234386684032156,-0.156257789354771,-0.0781288946773851,0.),
 .UNSPECIFIED.);
#144=B_SPLINE_CURVE_WITH_KNOTS('',3,(#4092,#4093,#4094,#4095,#4096,#4097,
#4098,#4099,#4100,#4101,#4102,#4103,#4104,#4105,#4106,#4107),
 .UNSPECIFIED.,.F.,.F.,(4,3,3,3,3,4),(-0.385142145359464,-0.312515578709542,
-0.234386684032156,-0.156257789354771,-0.0781288946773851,0.),
 .UNSPECIFIED.);
#145=B_SPLINE_CURVE_WITH_KNOTS('',3,(#4117,#4118,#4119,#4120),
 .UNSPECIFIED.,.F.,.F.,(4,4),(-0.595044552908033,0.),.UNSPECIFIED.);
#146=B_SPLINE_CURVE_WITH_KNOTS('',3,(#4123,#4124,#4125,#4126),
 .UNSPECIFIED.,.F.,.F.,(4,4),(-0.595044552908033,0.),.UNSPECIFIED.);
#147=B_SPLINE_CURVE_WITH_KNOTS('',3,(#4178,#4179,#4180,#4181,#4182,#4183,
#4184),.UNSPECIFIED.,.F.,.F.,(4,3,4),(-0.998917468382222,-0.2676206812417,
-0.000510569342293568),.UNSPECIFIED.);
#148=B_SPLINE_CURVE_WITH_KNOTS('',3,(#4187,#4188,#4189,#4190,#4191,#4192,
#4193),.UNSPECIFIED.,.F.,.F.,(4,3,4),(-0.998917468382222,-0.2676206812417,
-0.000510569342293568),.UNSPECIFIED.);
#149=B_SPLINE_CURVE_WITH_KNOTS('',3,(#4215,#4216,#4217,#4218,#4219,#4220,
#4221),.UNSPECIFIED.,.F.,.F.,(4,3,4),(0.000510569342751794,0.731723466225802,
0.998917468382445),.UNSPECIFIED.);
#150=B_SPLINE_CURVE_WITH_KNOTS('',3,(#4224,#4225,#4226,#4227,#4228,#4229,
#4230),.UNSPECIFIED.,.F.,.F.,(4,3,4),(0.000510569342751794,0.731723466225802,
0.998917468382445),.UNSPECIFIED.);
#151=B_SPLINE_CURVE_WITH_KNOTS('',3,(#4272,#4273,#4274,#4275),
 .UNSPECIFIED.,.F.,.F.,(4,4),(-0.266331484440304,0.),.UNSPECIFIED.);
#152=B_SPLINE_CURVE_WITH_KNOTS('',3,(#4298,#4299,#4300,#4301,#4302,#4303,
#4304),.UNSPECIFIED.,.F.,.F.,(4,3,4),(-0.993135424962944,-0.626419054595639,
-0.00313853251576572),.UNSPECIFIED.);
#153=B_SPLINE_CURVE_WITH_KNOTS('',3,(#4325,#4326,#4327,#4328,#4329,#4330,
#4331),.UNSPECIFIED.,.F.,.F.,(4,3,4),(0.00313853251527649,0.227389501093355,
0.993135424962869),.UNSPECIFIED.);
#154=B_SPLINE_CURVE_WITH_KNOTS('',3,(#4348,#4349,#4350,#4351,#4352,#4353,
#4354),.UNSPECIFIED.,.F.,.F.,(4,3,4),(0.,0.161327334804928,0.266331484440308),
 .UNSPECIFIED.);
#155=B_SPLINE_CURVE_WITH_KNOTS('',3,(#4399,#4400,#4401,#4402,#4403,#4404,
#4405,#4406,#4407,#4408,#4409,#4410,#4411,#4412,#4413,#4414,#4415,#4416,
#4417),.UNSPECIFIED.,.F.,.F.,(4,3,3,3,3,3,4),(-0.00866786903555515,-0.00144464483923911,
2.82412981889024E-15,0.412162658892472,0.912977103639859,1.00043717277788,
1.00262303666539),.UNSPECIFIED.);
#156=B_SPLINE_CURVE_WITH_KNOTS('',3,(#4468,#4469,#4470,#4471,#4472,#4473,
#4474,#4475,#4476,#4477,#4478,#4479,#4480,#4481,#4482,#4483,#4484,#4485,
#4486,#4487,#4488,#4489),.UNSPECIFIED.,.F.,.F.,(4,3,3,3,3,3,3,4),(-1.00262303666601,
-1.00043717277769,-0.980741480354942,-0.852869718847153,-0.502143728571607,
6.52655013366754E-14,0.00144464483927035,0.00866786903535231),
 .UNSPECIFIED.);
#157=B_SPLINE_CURVE_WITH_KNOTS('',3,(#4528,#4529,#4530,#4531,#4532,#4533,
#4534,#4535,#4536,#4537,#4538,#4539,#4540),.UNSPECIFIED.,.F.,.F.,(4,2,2,
1,2,2,4),(-0.813123701958916,-0.80325387177279,-0.520713551523528,-0.367139137818196,
-0.174723267562193,-0.00342329457745111,4.7364090901229E-14),
 .UNSPECIFIED.);
#158=B_SPLINE_CURVE_WITH_KNOTS('',3,(#4544,#4545,#4546,#4547,#4548,#4549,
#4550,#4551,#4552,#4553,#4554,#4555,#4556,#4557,#4558,#4559),
 .UNSPECIFIED.,.F.,.F.,(4,3,3,3,3,4),(-0.018632849474197,0.,0.403484181679931,
0.821518069467987,1.,1.00354260657673),.UNSPECIFIED.);
#159=B_SPLINE_CURVE_WITH_KNOTS('',3,(#4594,#4595,#4596,#4597,#4598,#4599,
#4600,#4601,#4602,#4603,#4604,#4605,#4606,#4607,#4608,#4609,#4610,#4611),
 .UNSPECIFIED.,.F.,.F.,(4,2,1,1,1,2,1,1,2,1,2,4),(-1.1915958811068,-1.19131455232729,
-0.923657427616233,-0.880531983445988,-0.85674314643847,-0.722914584082944,
-0.522236815429919,-0.4865651273725,-0.37172848894015,-0.159312209545779,
0.,9.0811716357838E-5),.UNSPECIFIED.);
#160=B_SPLINE_CURVE_WITH_KNOTS('',3,(#4613,#4614,#4615,#4616,#4617,#4618,
#4619,#4620,#4621,#4622,#4623,#4624,#4625),.UNSPECIFIED.,.F.,.F.,(4,3,3,
3,4),(-0.000244363521293872,0.,0.397052717095607,0.698326548501528,0.997727291078855),
 .UNSPECIFIED.);
#161=B_SPLINE_CURVE_WITH_KNOTS('',3,(#4648,#4649,#4650,#4651,#4652,#4653,
#4654,#4655,#4656,#4657),.UNSPECIFIED.,.F.,.F.,(4,2,2,2,4),(-1.06974631722965,
-1.06953396780407,-0.57827501931307,0.,3.89916787429525E-5),
 .UNSPECIFIED.);
#162=B_SPLINE_CURVE_WITH_KNOTS('',3,(#4659,#4660,#4661,#4662,#4663,#4664,
#4665),.UNSPECIFIED.,.F.,.F.,(4,3,4),(0.00949716159724685,0.491553172820709,
0.996911661720915),.UNSPECIFIED.);
#163=B_SPLINE_CURVE_WITH_KNOTS('',3,(#4688,#4689,#4690,#4691,#4692,#4693,
#4694,#4695,#4696,#4697),.UNSPECIFIED.,.F.,.F.,(4,2,2,2,4),(-1.0695729654881,
-1.069533967804,-0.491258948497386,0.,0.00021234942557327),
 .UNSPECIFIED.);
#164=B_SPLINE_CURVE_WITH_KNOTS('',3,(#4699,#4700,#4701,#4702,#4703,#4704,
#4705),.UNSPECIFIED.,.F.,.F.,(4,3,4),(-0.996911661720912,-0.491553172826692,
-0.00949716159731224),.UNSPECIFIED.);
#165=B_SPLINE_CURVE_WITH_KNOTS('',3,(#4740,#4741,#4742,#4743,#4744,#4745,
#4746,#4747,#4748,#4749,#4750,#4751,#4752,#4753,#4754,#4755,#4756,#4757),
 .UNSPECIFIED.,.F.,.F.,(4,2,1,2,1,1,1,2,1,1,2,4),(-1.19168693825655,-1.19159587698075,
-0.979179597575624,-0.819867388021778,-0.681379252582203,-0.669359061538206,
-0.619189619377015,-0.468681292893443,-0.201024168184481,-0.090428968574563,
-0.0002813246527604,8.46545056276681E-16),.UNSPECIFIED.);
#166=B_SPLINE_CURVE_WITH_KNOTS('',3,(#4759,#4760,#4761,#4762,#4763,#4764,
#4765,#4766,#4767,#4768,#4769,#4770,#4771),.UNSPECIFIED.,.F.,.F.,(4,3,3,
3,4),(-0.997727291079232,-0.698326548486165,-0.397052717092454,0.,0.000244363503539084),
 .UNSPECIFIED.);
#167=B_SPLINE_CURVE_WITH_KNOTS('',3,(#4812,#4813,#4814,#4815,#4816,#4817,
#4818,#4819,#4820,#4821,#4822,#4823,#4824),.UNSPECIFIED.,.F.,.F.,(4,2,2,
1,2,2,4),(-0.81312370195947,-0.809700407385552,-0.638400434374249,-0.445984564178397,
-0.292410150433924,-0.00986983018652836,-4.60742555243703E-15),
 .UNSPECIFIED.);
#168=B_SPLINE_CURVE_WITH_KNOTS('',3,(#4826,#4827,#4828,#4829,#4830,#4831,
#4832,#4833,#4834,#4835,#4836,#4837,#4838,#4839,#4840,#4841),
 .UNSPECIFIED.,.F.,.F.,(4,3,3,3,3,4),(-1.00354260657677,-1.,-0.821518069443018,
-0.403484181677454,0.,0.0186328494755746),.UNSPECIFIED.);
#169=B_SPLINE_CURVE_WITH_KNOTS('',3,(#4876,#4877,#4878,#4879,#4880,#4881,
#4882,#4883,#4884,#4885),.UNSPECIFIED.,.F.,.F.,(4,2,2,2,4),(-1.04788499869916,
-1.0407558770066,-0.710260117458133,-0.00434510995631432,8.87805841716025E-16),
 .UNSPECIFIED.);
#170=B_SPLINE_CURVE_WITH_KNOTS('',3,(#4887,#4888,#4889,#4890,#4891,#4892,
#4893,#4894,#4895,#4896,#4897,#4898,#4899),.UNSPECIFIED.,.F.,.F.,(4,3,3,
3,4),(-1.00803297310636,-1.,-0.65358052012586,0.,0.00381110498428335),
 .UNSPECIFIED.);
#171=B_SPLINE_CURVE_WITH_KNOTS('',3,(#4934,#4935,#4936,#4937,#4938,#4939,
#4940,#4941,#4942,#4943),.UNSPECIFIED.,.F.,.F.,(4,2,2,2,4),(-1.04788499869927,
-1.04353988874299,-0.337624881248938,-0.00712912169269724,4.95783969431325E-14),
 .UNSPECIFIED.);
#172=B_SPLINE_CURVE_WITH_KNOTS('',3,(#4945,#4946,#4947,#4948,#4949,#4950,
#4951,#4952,#4953,#4954,#4955,#4956,#4957),.UNSPECIFIED.,.F.,.F.,(4,3,3,
3,4),(-0.00381110498426658,0.,0.653580520118047,1.,1.00803297310648),
 .UNSPECIFIED.);
#173=B_SPLINE_CURVE_WITH_KNOTS('',3,(#5052,#5053,#5054,#5055,#5056,#5057,
#5058,#5059,#5060,#5061,#5062,#5063,#5064,#5065,#5066,#5067,#5068,#5069,
#5070,#5071,#5072,#5073,#5074,#5075,#5076,#5077,#5078,#5079,#5080,#5081,
#5082,#5083,#5084,#5085,#5086,#5087,#5088,#5089,#5090,#5091,#5092,#5093,
#5094),.UNSPECIFIED.,.F.,.F.,(4,3,3,3,3,3,3,3,3,3,3,3,3,3,4),(0.,0.111854548886651,
0.223705395089854,0.33555281235072,0.44739707432188,0.559238454574537,0.671077226605364,
0.783542149118674,0.895396825584735,1.00724435214543,1.11908582347941,1.23201351928752,
1.34386117393357,1.45732889032271,1.57079660671185),.UNSPECIFIED.);
#174=B_SPLINE_CURVE_WITH_KNOTS('',3,(#5095,#5096,#5097,#5098,#5099,#5100,
#5101,#5102,#5103,#5104,#5105,#5106),.UNSPECIFIED.,.F.,.F.,(4,2,2,2,2,4),
(-0.00101675240052444,0.,0.0797622771671195,0.157893685473695,0.236021209731517,
0.314146762345727),.UNSPECIFIED.);
#175=B_SPLINE_CURVE_WITH_KNOTS('',3,(#5167,#5168,#5169,#5170,#5171,#5172,
#5173,#5174,#5175,#5176,#5177,#5178,#5179,#5180,#5181,#5182,#5183,#5184,
#5185,#5186,#5187,#5188,#5189,#5190,#5191,#5192,#5193,#5194,#5195,#5196,
#5197,#5198,#5199,#5200,#5201,#5202,#5203,#5204,#5205,#5206,#5207,#5208,
#5209),.UNSPECIFIED.,.F.,.F.,(4,3,3,3,3,3,3,3,3,3,3,3,3,3,4),(0.,0.111859281983192,
0.223714861126271,0.335567011181923,0.447416005814366,0.559262118606334,
0.671105623066132,0.783575304503781,0.89543471407178,1.00728697343188,1.11913317730905,
1.23206565162362,1.34391803907449,1.45739055682091,1.57086307456733),
 .UNSPECIFIED.);
#176=B_SPLINE_CURVE_WITH_KNOTS('',3,(#5210,#5211,#5212,#5213,#5214,#5215,
#5216,#5217,#5218,#5219,#5220,#5221),.UNSPECIFIED.,.F.,.F.,(4,2,2,2,2,4),
(-0.315200795521179,-0.314425527402692,-0.23437092876824,-0.156228125740962,
-0.0781082462943005,0.),.UNSPECIFIED.);
#177=B_SPLINE_CURVE_WITH_KNOTS('',3,(#5272,#5273,#5274,#5275,#5276,#5277,
#5278,#5279,#5280,#5281,#5282,#5283),.UNSPECIFIED.,.F.,.F.,(4,2,2,2,2,4),
(-0.000945707055305004,0.,0.0798402419869124,0.157973203563365,0.236099884181749,
0.314223376621721),.UNSPECIFIED.);
#178=B_SPLINE_CURVE_WITH_KNOTS('',3,(#5284,#5285,#5286,#5287,#5288,#5289,
#5290,#5291,#5292,#5293,#5294,#5295,#5296,#5297),.UNSPECIFIED.,.F.,.F.,
(4,2,2,2,2,2,4),(-0.315153978024792,-0.314421348032685,-0.242871431583472,
-0.164715181728629,-0.0865976186857936,-0.00850213355889048,0.),
 .UNSPECIFIED.);
#179=B_SPLINE_CURVE_WITH_KNOTS('',3,(#5299,#5300,#5301,#5302,#5303,#5304,
#5305,#5306,#5307,#5308),.UNSPECIFIED.,.F.,.F.,(4,3,3,4),(0.,0.515305072070155,
0.571431077148936,1.00000419384383),.UNSPECIFIED.);
#180=B_SPLINE_CURVE_WITH_KNOTS('',3,(#5310,#5311,#5312,#5313,#5314,#5315,
#5316,#5317,#5318,#5319,#5320,#5321),.UNSPECIFIED.,.F.,.F.,(4,2,2,2,2,4),
(-0.315168057777337,-0.314222720384213,-0.234382368941438,-0.156249662599966,
-0.0781232371966511,0.),.UNSPECIFIED.);
#181=B_SPLINE_CURVE_WITH_KNOTS('',3,(#5372,#5373,#5374,#5375,#5376,#5377,
#5378,#5379,#5380,#5381,#5382,#5383),.UNSPECIFIED.,.F.,.F.,(4,2,2,2,2,4),
(-0.000732482444790998,0.,0.0801376255051126,0.158291037528376,0.236406563455237,
0.314502867189214),.UNSPECIFIED.);
#182=B_SPLINE_CURVE_WITH_KNOTS('',3,(#5474,#5475,#5476,#5477,#5478,#5479,
#5480),.UNSPECIFIED.,.F.,.F.,(4,3,4),(0.,0.571428594509656,1.00000001758752),
 .UNSPECIFIED.);
#183=B_SPLINE_CURVE_WITH_KNOTS('',3,(#5481,#5482,#5483,#5484,#5485,#5486,
#5487,#5488,#5489,#5490,#5491,#5492),.UNSPECIFIED.,.F.,.F.,(4,2,2,2,2,4),
(-0.315162817837086,-0.314139356501601,-0.234384015886098,-0.156252764006772,
-0.0781253961632073,0.),.UNSPECIFIED.);
#184=B_SPLINE_CURVE_WITH_KNOTS('',3,(#5496,#5497,#5498,#5499,#5500,#5501,
#5502,#5503,#5504,#5505),.UNSPECIFIED.,.F.,.F.,(4,2,2,2,4),(0.670018594328978,
0.671763866695047,0.755619440197137,0.839475013699228,0.848444408250443),
 .UNSPECIFIED.);
#185=B_SPLINE_CURVE_WITH_KNOTS('',3,(#5506,#5507,#5508,#5509,#5510,#5511,
#5512,#5513,#5514,#5515),.UNSPECIFIED.,.F.,.F.,(4,2,2,2,4),(-0.291074921859882,
-0.234356423545606,-0.156200841298219,-0.078089259751478,0.),
 .UNSPECIFIED.);
#186=B_SPLINE_CURVE_WITH_KNOTS('',3,(#5516,#5517,#5518,#5519,#5520,#5521,
#5522,#5523,#5524,#5525,#5526,#5527),.UNSPECIFIED.,.F.,.F.,(4,2,2,2,2,4),
(-0.000776681576103017,0.,0.0800541325757261,0.15819786453998,0.236318672664909,
0.314427847563269),.UNSPECIFIED.);
#187=B_SPLINE_CURVE_WITH_KNOTS('',3,(#5528,#5529,#5530,#5531),
 .UNSPECIFIED.,.F.,.F.,(4,4),(0.848444408250443,0.898919731810188),
 .UNSPECIFIED.);
#188=B_SPLINE_CURVE_WITH_KNOTS('',3,(#5584,#5585,#5586,#5587),
 .UNSPECIFIED.,.F.,.F.,(4,4),(0.612319148584072,0.662794472143864),
 .UNSPECIFIED.);
#189=B_SPLINE_CURVE_WITH_KNOTS('',3,(#5589,#5590,#5591,#5592,#5593,#5594,
#5595,#5596,#5597,#5598),.UNSPECIFIED.,.F.,.F.,(4,2,2,2,4),(0.0234366953126048,
0.0801564853853784,0.158313851386981,0.236427215701272,0.314518257792694),
 .UNSPECIFIED.);
#190=B_SPLINE_CURVE_WITH_KNOTS('',3,(#5599,#5600,#5601,#5602,#5603,#5604,
#5605,#5606,#5607,#5608),.UNSPECIFIED.,.F.,.F.,(4,2,2,2,4),(0.662794472143864,
0.671763866695072,0.755619440197174,0.839475013699276,0.841220286065654),
 .UNSPECIFIED.);
#191=B_SPLINE_CURVE_WITH_KNOTS('',3,(#5616,#5617,#5618,#5619,#5620,#5621,
#5622,#5623,#5624,#5625),.UNSPECIFIED.,.F.,.F.,(4,2,2,2,4),(-0.568417432731597,
-0.508972714620629,-0.425117141118536,-0.341261567616443,-0.281816849505477),
 .UNSPECIFIED.);
#192=B_SPLINE_CURVE_WITH_KNOTS('',3,(#5629,#5630,#5631,#5632,#5633,#5634,
#5635,#5636,#5637,#5638,#5639,#5640),.UNSPECIFIED.,.F.,.F.,(4,2,2,2,2,4),
(-0.315165709060234,-0.314170075503432,-0.234383051507041,-0.156250948467295,
-0.0781241324390978,0.),.UNSPECIFIED.);
#193=B_SPLINE_CURVE_WITH_KNOTS('',3,(#5725,#5726,#5727,#5728),
 .UNSPECIFIED.,.F.,.F.,(4,4),(-0.0538164131769397,0.),.UNSPECIFIED.);
#194=B_SPLINE_CURVE_WITH_KNOTS('',3,(#5815,#5816,#5817,#5818),
 .UNSPECIFIED.,.F.,.F.,(4,4),(-0.116055596392113,-0.00602876920835023),
 .UNSPECIFIED.);
#195=B_SPLINE_CURVE_WITH_KNOTS('',3,(#5819,#5820,#5821,#5822,#5823,#5824,
#5825,#5826,#5827,#5828,#5829,#5830),.UNSPECIFIED.,.F.,.F.,(4,2,2,2,2,4),
(-0.000994025496151829,0.,0.0797888688368674,0.157921185499469,0.236048215133951,
0.314172561162175),.UNSPECIFIED.);
#196=B_SPLINE_CURVE_WITH_KNOTS('',3,(#5841,#5842,#5843,#5844,#5845,#5846,
#5847,#5848,#5849,#5850),.UNSPECIFIED.,.F.,.F.,(4,2,2,2,4),(0.612319148584081,
0.671763866695059,0.755619440197156,0.839475013699253,0.898919731810232),
 .UNSPECIFIED.);
#197=CIRCLE('',#2488,6.8);
#198=CIRCLE('',#2489,1.);
#199=CIRCLE('',#2490,1.);
#200=CIRCLE('',#2491,6.8);
#201=CIRCLE('',#2492,1.);
#202=CIRCLE('',#2493,6.8);
#203=CIRCLE('',#2494,1.);
#204=CIRCLE('',#2495,6.8);
#205=CIRCLE('',#2496,1.);
#206=CIRCLE('',#2497,8.);
#207=CIRCLE('',#2498,8.);
#208=CIRCLE('',#2499,4.);
#209=CIRCLE('',#2500,3.99999999999999);
#210=CIRCLE('',#2503,4.);
#211=CIRCLE('',#2504,3.99999999999999);
#212=CIRCLE('',#2505,3.);
#213=CIRCLE('',#2506,3.);
#214=CIRCLE('',#2508,3.);
#215=CIRCLE('',#2515,3.);
#216=CIRCLE('',#2518,2.8);
#217=CIRCLE('',#2519,2.8);
#218=CIRCLE('',#2520,2.8);
#219=CIRCLE('',#2521,2.8);
#220=CIRCLE('',#2522,2.8);
#221=CIRCLE('',#2523,2.8);
#222=CIRCLE('',#2524,3.);
#223=CIRCLE('',#2525,3.);
#224=CIRCLE('',#2526,2.5);
#225=CIRCLE('',#2531,2.5);
#226=CIRCLE('',#2540,1.);
#227=CIRCLE('',#2542,6.8);
#228=CIRCLE('',#2546,1.);
#229=CIRCLE('',#2548,1.);
#230=CIRCLE('',#2550,1.);
#231=CIRCLE('',#2552,6.8);
#232=CIRCLE('',#2554,1.);
#233=CIRCLE('',#2557,3.5);
#234=CIRCLE('',#2558,3.);
#235=CIRCLE('',#2560,6.);
#236=CIRCLE('',#2563,3.5);
#237=CIRCLE('',#2564,3.);
#238=CIRCLE('',#2566,6.);
#239=CIRCLE('',#2569,2.);
#240=CIRCLE('',#2571,2.);
#241=CIRCLE('',#2574,4.8);
#242=CIRCLE('',#2575,4.8);
#243=CIRCLE('',#2577,1.6);
#244=CIRCLE('',#2578,1.6);
#245=CIRCLE('',#2583,1.6);
#246=CIRCLE('',#2584,1.6);
#247=CIRCLE('',#2586,4.8);
#248=CIRCLE('',#2587,4.8);
#249=CIRCLE('',#2591,1.60000000000001);
#250=CIRCLE('',#2592,1.60000000000001);
#251=CIRCLE('',#2594,4.79999999999999);
#252=CIRCLE('',#2595,4.79999999999999);
#253=CIRCLE('',#2597,1.6);
#254=CIRCLE('',#2598,1.6);
#255=CIRCLE('',#2603,1.6);
#256=CIRCLE('',#2604,1.6);
#257=CIRCLE('',#2606,4.79999999999999);
#258=CIRCLE('',#2607,4.79999999999999);
#259=CIRCLE('',#2609,1.6);
#260=CIRCLE('',#2610,1.6);
#261=CIRCLE('',#2632,1.6);
#262=CIRCLE('',#2633,1.6);
#263=CIRCLE('',#2638,1.6);
#264=CIRCLE('',#2639,1.6);
#265=CIRCLE('',#2642,1.6);
#266=CIRCLE('',#2643,1.6);
#267=CIRCLE('',#2647,1.6);
#268=CIRCLE('',#2648,1.6);
#269=CIRCLE('',#2653,6.79999999999999);
#270=CIRCLE('',#2655,6.8);
#271=FACE_OUTER_BOUND('',#403,.T.);
#272=FACE_OUTER_BOUND('',#404,.T.);
#273=FACE_OUTER_BOUND('',#405,.T.);
#274=FACE_OUTER_BOUND('',#406,.T.);
#275=FACE_OUTER_BOUND('',#407,.T.);
#276=FACE_OUTER_BOUND('',#413,.T.);
#277=FACE_OUTER_BOUND('',#414,.T.);
#278=FACE_OUTER_BOUND('',#416,.T.);
#279=FACE_OUTER_BOUND('',#417,.T.);
#280=FACE_OUTER_BOUND('',#418,.T.);
#281=FACE_OUTER_BOUND('',#419,.T.);
#282=FACE_OUTER_BOUND('',#420,.T.);
#283=FACE_OUTER_BOUND('',#421,.T.);
#284=FACE_OUTER_BOUND('',#422,.T.);
#285=FACE_OUTER_BOUND('',#423,.T.);
#286=FACE_OUTER_BOUND('',#424,.T.);
#287=FACE_OUTER_BOUND('',#430,.T.);
#288=FACE_OUTER_BOUND('',#431,.T.);
#289=FACE_OUTER_BOUND('',#432,.T.);
#290=FACE_OUTER_BOUND('',#433,.T.);
#291=FACE_OUTER_BOUND('',#435,.T.);
#292=FACE_OUTER_BOUND('',#436,.T.);
#293=FACE_OUTER_BOUND('',#437,.T.);
#294=FACE_OUTER_BOUND('',#438,.T.);
#295=FACE_OUTER_BOUND('',#439,.T.);
#296=FACE_OUTER_BOUND('',#440,.T.);
#297=FACE_OUTER_BOUND('',#441,.T.);
#298=FACE_OUTER_BOUND('',#442,.T.);
#299=FACE_OUTER_BOUND('',#443,.T.);
#300=FACE_OUTER_BOUND('',#444,.T.);
#301=FACE_OUTER_BOUND('',#445,.T.);
#302=FACE_OUTER_BOUND('',#446,.T.);
#303=FACE_OUTER_BOUND('',#447,.T.);
#304=FACE_OUTER_BOUND('',#448,.T.);
#305=FACE_OUTER_BOUND('',#449,.T.);
#306=FACE_OUTER_BOUND('',#450,.T.);
#307=FACE_OUTER_BOUND('',#451,.T.);
#308=FACE_OUTER_BOUND('',#452,.T.);
#309=FACE_OUTER_BOUND('',#453,.T.);
#310=FACE_OUTER_BOUND('',#454,.T.);
#311=FACE_OUTER_BOUND('',#455,.T.);
#312=FACE_OUTER_BOUND('',#457,.T.);
#313=FACE_OUTER_BOUND('',#458,.T.);
#314=FACE_OUTER_BOUND('',#459,.T.);
#315=FACE_OUTER_BOUND('',#461,.T.);
#316=FACE_OUTER_BOUND('',#462,.T.);
#317=FACE_OUTER_BOUND('',#463,.T.);
#318=FACE_OUTER_BOUND('',#464,.T.);
#319=FACE_OUTER_BOUND('',#465,.T.);
#320=FACE_OUTER_BOUND('',#466,.T.);
#321=FACE_OUTER_BOUND('',#467,.T.);
#322=FACE_OUTER_BOUND('',#468,.T.);
#323=FACE_OUTER_BOUND('',#469,.T.);
#324=FACE_OUTER_BOUND('',#470,.T.);
#325=FACE_OUTER_BOUND('',#471,.T.);
#326=FACE_OUTER_BOUND('',#472,.T.);
#327=FACE_OUTER_BOUND('',#473,.T.);
#328=FACE_OUTER_BOUND('',#474,.T.);
#329=FACE_OUTER_BOUND('',#475,.T.);
#330=FACE_OUTER_BOUND('',#476,.T.);
#331=FACE_OUTER_BOUND('',#477,.T.);
#332=FACE_OUTER_BOUND('',#478,.T.);
#333=FACE_OUTER_BOUND('',#479,.T.);
#334=FACE_OUTER_BOUND('',#480,.T.);
#335=FACE_OUTER_BOUND('',#481,.T.);
#336=FACE_OUTER_BOUND('',#482,.T.);
#337=FACE_OUTER_BOUND('',#483,.T.);
#338=FACE_OUTER_BOUND('',#484,.T.);
#339=FACE_OUTER_BOUND('',#485,.T.);
#340=FACE_OUTER_BOUND('',#486,.T.);
#341=FACE_OUTER_BOUND('',#487,.T.);
#342=FACE_OUTER_BOUND('',#488,.T.);
#343=FACE_OUTER_BOUND('',#489,.T.);
#344=FACE_OUTER_BOUND('',#490,.T.);
#345=FACE_OUTER_BOUND('',#491,.T.);
#346=FACE_OUTER_BOUND('',#492,.T.);
#347=FACE_OUTER_BOUND('',#493,.T.);
#348=FACE_OUTER_BOUND('',#494,.T.);
#349=FACE_OUTER_BOUND('',#495,.T.);
#350=FACE_OUTER_BOUND('',#496,.T.);
#351=FACE_OUTER_BOUND('',#497,.T.);
#352=FACE_OUTER_BOUND('',#498,.T.);
#353=FACE_OUTER_BOUND('',#499,.T.);
#354=FACE_OUTER_BOUND('',#500,.T.);
#355=FACE_OUTER_BOUND('',#501,.T.);
#356=FACE_OUTER_BOUND('',#502,.T.);
#357=FACE_OUTER_BOUND('',#503,.T.);
#358=FACE_OUTER_BOUND('',#504,.T.);
#359=FACE_OUTER_BOUND('',#505,.T.);
#360=FACE_OUTER_BOUND('',#506,.T.);
#361=FACE_OUTER_BOUND('',#507,.T.);
#362=FACE_OUTER_BOUND('',#508,.T.);
#363=FACE_OUTER_BOUND('',#509,.T.);
#364=FACE_OUTER_BOUND('',#510,.T.);
#365=FACE_OUTER_BOUND('',#511,.T.);
#366=FACE_OUTER_BOUND('',#512,.T.);
#367=FACE_OUTER_BOUND('',#513,.T.);
#368=FACE_OUTER_BOUND('',#514,.T.);
#369=FACE_OUTER_BOUND('',#515,.T.);
#370=FACE_OUTER_BOUND('',#516,.T.);
#371=FACE_OUTER_BOUND('',#517,.T.);
#372=FACE_OUTER_BOUND('',#518,.T.);
#373=FACE_OUTER_BOUND('',#519,.T.);
#374=FACE_OUTER_BOUND('',#520,.T.);
#375=FACE_OUTER_BOUND('',#521,.T.);
#376=FACE_OUTER_BOUND('',#522,.T.);
#377=FACE_OUTER_BOUND('',#523,.T.);
#378=FACE_OUTER_BOUND('',#524,.T.);
#379=FACE_OUTER_BOUND('',#525,.T.);
#380=FACE_OUTER_BOUND('',#526,.T.);
#381=FACE_OUTER_BOUND('',#527,.T.);
#382=FACE_OUTER_BOUND('',#528,.T.);
#383=FACE_OUTER_BOUND('',#529,.T.);
#384=FACE_OUTER_BOUND('',#530,.T.);
#385=FACE_OUTER_BOUND('',#531,.T.);
#386=FACE_OUTER_BOUND('',#532,.T.);
#387=FACE_OUTER_BOUND('',#533,.T.);
#388=FACE_OUTER_BOUND('',#534,.T.);
#389=FACE_OUTER_BOUND('',#535,.T.);
#390=FACE_OUTER_BOUND('',#536,.T.);
#391=FACE_OUTER_BOUND('',#537,.T.);
#392=FACE_OUTER_BOUND('',#538,.T.);
#393=FACE_OUTER_BOUND('',#539,.T.);
#394=FACE_OUTER_BOUND('',#540,.T.);
#395=FACE_OUTER_BOUND('',#541,.T.);
#396=FACE_OUTER_BOUND('',#542,.T.);
#397=FACE_OUTER_BOUND('',#543,.T.);
#398=FACE_OUTER_BOUND('',#544,.T.);
#399=FACE_OUTER_BOUND('',#545,.T.);
#400=FACE_OUTER_BOUND('',#551,.T.);
#401=FACE_OUTER_BOUND('',#552,.T.);
#402=FACE_OUTER_BOUND('',#553,.T.);
#403=EDGE_LOOP('',(#1559,#1560,#1561,#1562));
#404=EDGE_LOOP('',(#1563,#1564,#1565,#1566));
#405=EDGE_LOOP('',(#1567,#1568,#1569,#1570));
#406=EDGE_LOOP('',(#1571,#1572,#1573,#1574));
#407=EDGE_LOOP('',(#1575,#1576,#1577,#1578,#1579,#1580,#1581,#1582,#1583,
#1584,#1585,#1586,#1587,#1588,#1589,#1590,#1591,#1592,#1593,#1594,#1595,
#1596,#1597,#1598,#1599,#1600,#1601,#1602,#1603));
#408=EDGE_LOOP('',(#1604,#1605,#1606,#1607));
#409=EDGE_LOOP('',(#1608,#1609,#1610,#1611));
#410=EDGE_LOOP('',(#1612));
#411=EDGE_LOOP('',(#1613));
#412=EDGE_LOOP('',(#1614,#1615,#1616,#1617));
#413=EDGE_LOOP('',(#1618,#1619,#1620,#1621));
#414=EDGE_LOOP('',(#1622,#1623,#1624,#1625));
#415=EDGE_LOOP('',(#1626,#1627,#1628,#1629));
#416=EDGE_LOOP('',(#1630,#1631,#1632,#1633));
#417=EDGE_LOOP('',(#1634,#1635,#1636,#1637));
#418=EDGE_LOOP('',(#1638,#1639,#1640,#1641));
#419=EDGE_LOOP('',(#1642,#1643,#1644,#1645));
#420=EDGE_LOOP('',(#1646,#1647,#1648,#1649));
#421=EDGE_LOOP('',(#1650,#1651,#1652,#1653));
#422=EDGE_LOOP('',(#1654,#1655,#1656,#1657));
#423=EDGE_LOOP('',(#1658,#1659,#1660,#1661));
#424=EDGE_LOOP('',(#1662,#1663,#1664,#1665,#1666,#1667,#1668,#1669,#1670,
#1671,#1672,#1673,#1674,#1675,#1676,#1677,#1678,#1679,#1680,#1681,#1682,
#1683,#1684,#1685));
#425=EDGE_LOOP('',(#1686,#1687,#1688,#1689));
#426=EDGE_LOOP('',(#1690,#1691,#1692,#1693));
#427=EDGE_LOOP('',(#1694));
#428=EDGE_LOOP('',(#1695));
#429=EDGE_LOOP('',(#1696));
#430=EDGE_LOOP('',(#1697,#1698,#1699,#1700));
#431=EDGE_LOOP('',(#1701,#1702,#1703,#1704));
#432=EDGE_LOOP('',(#1705,#1706,#1707,#1708));
#433=EDGE_LOOP('',(#1709,#1710,#1711,#1712));
#434=EDGE_LOOP('',(#1713));
#435=EDGE_LOOP('',(#1714,#1715,#1716,#1717,#1718,#1719,#1720,#1721));
#436=EDGE_LOOP('',(#1722,#1723,#1724,#1725));
#437=EDGE_LOOP('',(#1726,#1727,#1728,#1729,#1730,#1731,#1732,#1733));
#438=EDGE_LOOP('',(#1734,#1735,#1736,#1737));
#439=EDGE_LOOP('',(#1738,#1739,#1740,#1741));
#440=EDGE_LOOP('',(#1742,#1743,#1744,#1745));
#441=EDGE_LOOP('',(#1746,#1747,#1748,#1749));
#442=EDGE_LOOP('',(#1750,#1751,#1752,#1753));
#443=EDGE_LOOP('',(#1754,#1755,#1756,#1757));
#444=EDGE_LOOP('',(#1758,#1759,#1760,#1761));
#445=EDGE_LOOP('',(#1762,#1763,#1764,#1765));
#446=EDGE_LOOP('',(#1766,#1767,#1768,#1769));
#447=EDGE_LOOP('',(#1770,#1771,#1772,#1773));
#448=EDGE_LOOP('',(#1774,#1775,#1776,#1777));
#449=EDGE_LOOP('',(#1778,#1779,#1780,#1781));
#450=EDGE_LOOP('',(#1782,#1783,#1784,#1785));
#451=EDGE_LOOP('',(#1786,#1787,#1788,#1789));
#452=EDGE_LOOP('',(#1790,#1791,#1792,#1793));
#453=EDGE_LOOP('',(#1794,#1795,#1796,#1797));
#454=EDGE_LOOP('',(#1798,#1799,#1800,#1801));
#455=EDGE_LOOP('',(#1802));
#456=EDGE_LOOP('',(#1803));
#457=EDGE_LOOP('',(#1804,#1805,#1806,#1807));
#458=EDGE_LOOP('',(#1808,#1809,#1810,#1811));
#459=EDGE_LOOP('',(#1812));
#460=EDGE_LOOP('',(#1813));
#461=EDGE_LOOP('',(#1814,#1815,#1816,#1817));
#462=EDGE_LOOP('',(#1818,#1819,#1820,#1821));
#463=EDGE_LOOP('',(#1822,#1823,#1824,#1825));
#464=EDGE_LOOP('',(#1826,#1827,#1828,#1829));
#465=EDGE_LOOP('',(#1830,#1831,#1832,#1833));
#466=EDGE_LOOP('',(#1834,#1835,#1836,#1837));
#467=EDGE_LOOP('',(#1838,#1839,#1840,#1841));
#468=EDGE_LOOP('',(#1842,#1843,#1844,#1845));
#469=EDGE_LOOP('',(#1846,#1847,#1848,#1849));
#470=EDGE_LOOP('',(#1850,#1851,#1852,#1853));
#471=EDGE_LOOP('',(#1854,#1855,#1856,#1857));
#472=EDGE_LOOP('',(#1858,#1859,#1860,#1861));
#473=EDGE_LOOP('',(#1862,#1863,#1864,#1865));
#474=EDGE_LOOP('',(#1866,#1867,#1868,#1869));
#475=EDGE_LOOP('',(#1870,#1871,#1872,#1873));
#476=EDGE_LOOP('',(#1874,#1875,#1876,#1877));
#477=EDGE_LOOP('',(#1878,#1879,#1880,#1881));
#478=EDGE_LOOP('',(#1882,#1883,#1884,#1885));
#479=EDGE_LOOP('',(#1886,#1887,#1888,#1889));
#480=EDGE_LOOP('',(#1890,#1891,#1892,#1893));
#481=EDGE_LOOP('',(#1894,#1895,#1896,#1897));
#482=EDGE_LOOP('',(#1898,#1899,#1900,#1901));
#483=EDGE_LOOP('',(#1902,#1903,#1904,#1905));
#484=EDGE_LOOP('',(#1906,#1907,#1908,#1909));
#485=EDGE_LOOP('',(#1910,#1911,#1912,#1913));
#486=EDGE_LOOP('',(#1914,#1915,#1916,#1917));
#487=EDGE_LOOP('',(#1918,#1919,#1920,#1921));
#488=EDGE_LOOP('',(#1922,#1923,#1924,#1925));
#489=EDGE_LOOP('',(#1926,#1927,#1928,#1929));
#490=EDGE_LOOP('',(#1930,#1931,#1932,#1933));
#491=EDGE_LOOP('',(#1934,#1935,#1936,#1937));
#492=EDGE_LOOP('',(#1938,#1939,#1940,#1941));
#493=EDGE_LOOP('',(#1942,#1943,#1944,#1945));
#494=EDGE_LOOP('',(#1946,#1947,#1948,#1949));
#495=EDGE_LOOP('',(#1950,#1951,#1952,#1953));
#496=EDGE_LOOP('',(#1954,#1955,#1956,#1957));
#497=EDGE_LOOP('',(#1958,#1959,#1960,#1961));
#498=EDGE_LOOP('',(#1962,#1963,#1964,#1965));
#499=EDGE_LOOP('',(#1966,#1967,#1968,#1969));
#500=EDGE_LOOP('',(#1970,#1971,#1972,#1973));
#501=EDGE_LOOP('',(#1974,#1975,#1976,#1977));
#502=EDGE_LOOP('',(#1978,#1979,#1980,#1981));
#503=EDGE_LOOP('',(#1982,#1983,#1984,#1985));
#504=EDGE_LOOP('',(#1986,#1987,#1988,#1989));
#505=EDGE_LOOP('',(#1990,#1991,#1992,#1993));
#506=EDGE_LOOP('',(#1994,#1995,#1996,#1997));
#507=EDGE_LOOP('',(#1998,#1999,#2000,#2001));
#508=EDGE_LOOP('',(#2002,#2003,#2004,#2005));
#509=EDGE_LOOP('',(#2006,#2007,#2008,#2009));
#510=EDGE_LOOP('',(#2010,#2011,#2012,#2013));
#511=EDGE_LOOP('',(#2014,#2015,#2016,#2017));
#512=EDGE_LOOP('',(#2018,#2019,#2020,#2021));
#513=EDGE_LOOP('',(#2022,#2023,#2024,#2025));
#514=EDGE_LOOP('',(#2026,#2027,#2028,#2029));
#515=EDGE_LOOP('',(#2030,#2031,#2032,#2033));
#516=EDGE_LOOP('',(#2034,#2035,#2036,#2037));
#517=EDGE_LOOP('',(#2038,#2039,#2040,#2041));
#518=EDGE_LOOP('',(#2042,#2043,#2044,#2045));
#519=EDGE_LOOP('',(#2046,#2047,#2048,#2049));
#520=EDGE_LOOP('',(#2050,#2051,#2052,#2053));
#521=EDGE_LOOP('',(#2054,#2055,#2056,#2057));
#522=EDGE_LOOP('',(#2058,#2059,#2060,#2061));
#523=EDGE_LOOP('',(#2062,#2063,#2064,#2065));
#524=EDGE_LOOP('',(#2066,#2067,#2068,#2069));
#525=EDGE_LOOP('',(#2070,#2071,#2072,#2073));
#526=EDGE_LOOP('',(#2074,#2075,#2076,#2077));
#527=EDGE_LOOP('',(#2078,#2079,#2080,#2081));
#528=EDGE_LOOP('',(#2082,#2083,#2084,#2085,#2086,#2087));
#529=EDGE_LOOP('',(#2088,#2089,#2090,#2091));
#530=EDGE_LOOP('',(#2092,#2093,#2094,#2095,#2096,#2097));
#531=EDGE_LOOP('',(#2098,#2099,#2100,#2101));
#532=EDGE_LOOP('',(#2102,#2103,#2104,#2105,#2106,#2107));
#533=EDGE_LOOP('',(#2108,#2109,#2110,#2111,#2112,#2113));
#534=EDGE_LOOP('',(#2114,#2115,#2116,#2117));
#535=EDGE_LOOP('',(#2118,#2119,#2120,#2121));
#536=EDGE_LOOP('',(#2122,#2123,#2124,#2125,#2126));
#537=EDGE_LOOP('',(#2127,#2128,#2129,#2130,#2131,#2132,#2133));
#538=EDGE_LOOP('',(#2134,#2135,#2136,#2137));
#539=EDGE_LOOP('',(#2138,#2139,#2140,#2141,#2142));
#540=EDGE_LOOP('',(#2143,#2144,#2145,#2146,#2147,#2148,#2149));
#541=EDGE_LOOP('',(#2150,#2151,#2152,#2153));
#542=EDGE_LOOP('',(#2154,#2155,#2156,#2157));
#543=EDGE_LOOP('',(#2158,#2159,#2160,#2161,#2162,#2163));
#544=EDGE_LOOP('',(#2164,#2165,#2166,#2167,#2168,#2169));
#545=EDGE_LOOP('',(#2170,#2171,#2172,#2173,#2174,#2175,#2176,#2177,#2178,
#2179,#2180,#2181,#2182,#2183,#2184,#2185));
#546=EDGE_LOOP('',(#2186,#2187,#2188,#2189,#2190,#2191,#2192,#2193,#2194,
#2195,#2196,#2197,#2198,#2199,#2200,#2201,#2202,#2203,#2204,#2205,#2206,
#2207,#2208,#2209,#2210,#2211,#2212,#2213));
#547=EDGE_LOOP('',(#2214));
#548=EDGE_LOOP('',(#2215));
#549=EDGE_LOOP('',(#2216));
#550=EDGE_LOOP('',(#2217));
#551=EDGE_LOOP('',(#2218,#2219,#2220,#2221));
#552=EDGE_LOOP('',(#2222,#2223,#2224,#2225));
#553=EDGE_LOOP('',(#2226,#2227,#2228,#2229,#2230,#2231,#2232,#2233,#2234,
#2235,#2236,#2237,#2238,#2239,#2240,#2241,#2242,#2243,#2244,#2245,#2246,
#2247,#2248,#2249,#2250,#2251,#2252,#2253));
#554=EDGE_LOOP('',(#2254,#2255,#2256,#2257,#2258,#2259,#2260,#2261,#2262,
#2263,#2264,#2265,#2266,#2267,#2268,#2269,#2270,#2271,#2272,#2273,#2274,
#2275,#2276,#2277,#2278,#2279,#2280,#2281,#2282));
#555=LINE('',#3215,#759);
#556=LINE('',#3217,#760);
#557=LINE('',#3219,#761);
#558=LINE('',#3220,#762);
#559=LINE('',#3223,#763);
#560=LINE('',#3225,#764);
#561=LINE('',#3226,#765);
#562=LINE('',#3229,#766);
#563=LINE('',#3231,#767);
#564=LINE('',#3232,#768);
#565=LINE('',#3234,#769);
#566=LINE('',#3235,#770);
#567=LINE('',#3243,#771);
#568=LINE('',#3253,#772);
#569=LINE('',#3263,#773);
#570=LINE('',#3271,#774);
#571=LINE('',#3273,#775);
#572=LINE('',#3275,#776);
#573=LINE('',#3295,#777);
#574=LINE('',#3320,#778);
#575=LINE('',#3342,#779);
#576=LINE('',#3367,#780);
#577=LINE('',#3369,#781);
#578=LINE('',#3371,#782);
#579=LINE('',#3375,#783);
#580=LINE('',#3377,#784);
#581=LINE('',#3379,#785);
#582=LINE('',#3380,#786);
#583=LINE('',#3387,#787);
#584=LINE('',#3391,#788);
#585=LINE('',#3396,#789);
#586=LINE('',#3397,#790);
#587=LINE('',#3398,#791);
#588=LINE('',#3404,#792);
#589=LINE('',#3407,#793);
#590=LINE('',#3410,#794);
#591=LINE('',#3414,#795);
#592=LINE('',#3418,#796);
#593=LINE('',#3421,#797);
#594=LINE('',#3424,#798);
#595=LINE('',#3425,#799);
#596=LINE('',#3427,#800);
#597=LINE('',#3428,#801);
#598=LINE('',#3430,#802);
#599=LINE('',#3432,#803);
#600=LINE('',#3436,#804);
#601=LINE('',#3439,#805);
#602=LINE('',#3445,#806);
#603=LINE('',#3466,#807);
#604=LINE('',#3482,#808);
#605=LINE('',#3495,#809);
#606=LINE('',#3508,#810);
#607=LINE('',#3524,#811);
#608=LINE('',#3545,#812);
#609=LINE('',#3551,#813);
#610=LINE('',#3564,#814);
#611=LINE('',#3577,#815);
#612=LINE('',#3588,#816);
#613=LINE('',#3589,#817);
#614=LINE('',#3590,#818);
#615=LINE('',#3594,#819);
#616=LINE('',#3596,#820);
#617=LINE('',#3598,#821);
#618=LINE('',#3599,#822);
#619=LINE('',#3603,#823);
#620=LINE('',#3605,#824);
#621=LINE('',#3607,#825);
#622=LINE('',#3608,#826);
#623=LINE('',#3610,#827);
#624=LINE('',#3611,#828);
#625=LINE('',#3616,#829);
#626=LINE('',#3617,#830);
#627=LINE('',#3619,#831);
#628=LINE('',#3620,#832);
#629=LINE('',#3623,#833);
#630=LINE('',#3624,#834);
#631=LINE('',#3627,#835);
#632=LINE('',#3628,#836);
#633=LINE('',#3629,#837);
#634=LINE('',#3632,#838);
#635=LINE('',#3635,#839);
#636=LINE('',#3638,#840);
#637=LINE('',#3641,#841);
#638=LINE('',#3690,#842);
#639=LINE('',#3691,#843);
#640=LINE('',#3694,#844);
#641=LINE('',#3695,#845);
#642=LINE('',#3699,#846);
#643=LINE('',#3702,#847);
#644=LINE('',#3705,#848);
#645=LINE('',#3708,#849);
#646=LINE('',#3711,#850);
#647=LINE('',#3715,#851);
#648=LINE('',#3719,#852);
#649=LINE('',#3722,#853);
#650=LINE('',#3723,#854);
#651=LINE('',#3772,#855);
#652=LINE('',#3778,#856);
#653=LINE('',#3783,#857);
#654=LINE('',#3789,#858);
#655=LINE('',#3797,#859);
#656=LINE('',#3799,#860);
#657=LINE('',#3801,#861);
#658=LINE('',#3802,#862);
#659=LINE('',#3817,#863);
#660=LINE('',#3872,#864);
#661=LINE('',#3893,#865);
#662=LINE('',#3899,#866);
#663=LINE('',#3903,#867);
#664=LINE('',#3905,#868);
#665=LINE('',#3906,#869);
#666=LINE('',#3948,#870);
#667=LINE('',#3964,#871);
#668=LINE('',#3966,#872);
#669=LINE('',#3967,#873);
#670=LINE('',#4009,#874);
#671=LINE('',#4025,#875);
#672=LINE('',#4027,#876);
#673=LINE('',#4028,#877);
#674=LINE('',#4033,#878);
#675=LINE('',#4039,#879);
#676=LINE('',#4091,#880);
#677=LINE('',#4122,#881);
#678=LINE('',#4129,#882);
#679=LINE('',#4131,#883);
#680=LINE('',#4132,#884);
#681=LINE('',#4135,#885);
#682=LINE('',#4137,#886);
#683=LINE('',#4138,#887);
#684=LINE('',#4143,#888);
#685=LINE('',#4149,#889);
#686=LINE('',#4155,#890);
#687=LINE('',#4159,#891);
#688=LINE('',#4161,#892);
#689=LINE('',#4162,#893);
#690=LINE('',#4186,#894);
#691=LINE('',#4196,#895);
#692=LINE('',#4198,#896);
#693=LINE('',#4199,#897);
#694=LINE('',#4223,#898);
#695=LINE('',#4233,#899);
#696=LINE('',#4235,#900);
#697=LINE('',#4236,#901);
#698=LINE('',#4241,#902);
#699=LINE('',#4247,#903);
#700=LINE('',#4253,#904);
#701=LINE('',#4256,#905);
#702=LINE('',#4257,#906);
#703=LINE('',#4277,#907);
#704=LINE('',#4280,#908);
#705=LINE('',#4281,#909);
#706=LINE('',#4297,#910);
#707=LINE('',#4307,#911);
#708=LINE('',#4308,#912);
#709=LINE('',#4324,#913);
#710=LINE('',#4333,#914);
#711=LINE('',#4357,#915);
#712=LINE('',#4358,#916);
#713=LINE('',#4398,#917);
#714=LINE('',#4420,#918);
#715=LINE('',#4421,#919);
#716=LINE('',#4467,#920);
#717=LINE('',#4492,#921);
#718=LINE('',#4493,#922);
#719=LINE('',#4542,#923);
#720=LINE('',#4560,#924);
#721=LINE('',#4563,#925);
#722=LINE('',#4565,#926);
#723=LINE('',#4566,#927);
#724=LINE('',#4626,#928);
#725=LINE('',#4629,#929);
#726=LINE('',#4631,#930);
#727=LINE('',#4632,#931);
#728=LINE('',#4666,#932);
#729=LINE('',#4669,#933);
#730=LINE('',#4671,#934);
#731=LINE('',#4672,#935);
#732=LINE('',#4706,#936);
#733=LINE('',#4709,#937);
#734=LINE('',#4711,#938);
#735=LINE('',#4712,#939);
#736=LINE('',#4772,#940);
#737=LINE('',#4775,#941);
#738=LINE('',#4777,#942);
#739=LINE('',#4778,#943);
#740=LINE('',#4842,#944);
#741=LINE('',#4845,#945);
#742=LINE('',#4847,#946);
#743=LINE('',#4848,#947);
#744=LINE('',#4900,#948);
#745=LINE('',#4903,#949);
#746=LINE('',#4905,#950);
#747=LINE('',#4906,#951);
#748=LINE('',#4958,#952);
#749=LINE('',#4960,#953);
#750=LINE('',#4961,#954);
#751=LINE('',#5613,#955);
#752=LINE('',#5627,#956);
#753=LINE('',#5645,#957);
#754=LINE('',#5730,#958);
#755=LINE('',#5735,#959);
#756=LINE('',#5832,#960);
#757=LINE('',#5838,#961);
#758=LINE('',#5852,#962);
#759=VECTOR('',#2661,10.);
#760=VECTOR('',#2662,10.);
#761=VECTOR('',#2663,10.);
#762=VECTOR('',#2664,10.);
#763=VECTOR('',#2667,10.);
#764=VECTOR('',#2668,10.);
#765=VECTOR('',#2669,10.);
#766=VECTOR('',#2672,10.);
#767=VECTOR('',#2673,10.);
#768=VECTOR('',#2674,10.);
#769=VECTOR('',#2677,10.);
#770=VECTOR('',#2678,10.);
#771=VECTOR('',#2685,10.);
#772=VECTOR('',#2686,10.);
#773=VECTOR('',#2687,10.);
#774=VECTOR('',#2694,10.);
#775=VECTOR('',#2695,10.);
#776=VECTOR('',#2696,10.);
#777=VECTOR('',#2699,10.);
#778=VECTOR('',#2700,10.);
#779=VECTOR('',#2701,10.);
#780=VECTOR('',#2706,10.);
#781=VECTOR('',#2707,10.);
#782=VECTOR('',#2708,10.);
#783=VECTOR('',#2711,10.);
#784=VECTOR('',#2712,10.);
#785=VECTOR('',#2713,10.);
#786=VECTOR('',#2714,10.);
#787=VECTOR('',#2719,10.);
#788=VECTOR('',#2722,10.);
#789=VECTOR('',#2727,10.);
#790=VECTOR('',#2728,10.);
#791=VECTOR('',#2729,10.);
#792=VECTOR('',#2734,10.);
#793=VECTOR('',#2737,10.);
#794=VECTOR('',#2738,10.);
#795=VECTOR('',#2741,10.);
#796=VECTOR('',#2746,10.);
#797=VECTOR('',#2749,10.);
#798=VECTOR('',#2752,10.);
#799=VECTOR('',#2753,10.);
#800=VECTOR('',#2756,10.);
#801=VECTOR('',#2757,10.);
#802=VECTOR('',#2760,10.);
#803=VECTOR('',#2763,10.);
#804=VECTOR('',#2768,10.);
#805=VECTOR('',#2773,10.);
#806=VECTOR('',#2778,10.);
#807=VECTOR('',#2779,10.);
#808=VECTOR('',#2782,10.);
#809=VECTOR('',#2783,10.);
#810=VECTOR('',#2784,10.);
#811=VECTOR('',#2787,10.);
#812=VECTOR('',#2788,10.);
#813=VECTOR('',#2793,10.);
#814=VECTOR('',#2794,10.);
#815=VECTOR('',#2795,10.);
#816=VECTOR('',#2806,10.);
#817=VECTOR('',#2807,10.);
#818=VECTOR('',#2808,10.);
#819=VECTOR('',#2811,10.);
#820=VECTOR('',#2812,10.);
#821=VECTOR('',#2813,10.);
#822=VECTOR('',#2814,10.);
#823=VECTOR('',#2817,10.);
#824=VECTOR('',#2818,10.);
#825=VECTOR('',#2819,10.);
#826=VECTOR('',#2820,10.);
#827=VECTOR('',#2823,10.);
#828=VECTOR('',#2824,10.);
#829=VECTOR('',#2829,10.);
#830=VECTOR('',#2830,10.);
#831=VECTOR('',#2831,10.);
#832=VECTOR('',#2832,10.);
#833=VECTOR('',#2835,10.);
#834=VECTOR('',#2836,10.);
#835=VECTOR('',#2839,10.);
#836=VECTOR('',#2840,10.);
#837=VECTOR('',#2841,10.);
#838=VECTOR('',#2846,10.);
#839=VECTOR('',#2851,2.5);
#840=VECTOR('',#2854,10.);
#841=VECTOR('',#2857,10.);
#842=VECTOR('',#2864,10.);
#843=VECTOR('',#2865,10.);
#844=VECTOR('',#2868,10.);
#845=VECTOR('',#2869,10.);
#846=VECTOR('',#2874,10.);
#847=VECTOR('',#2877,10.);
#848=VECTOR('',#2880,10.);
#849=VECTOR('',#2883,10.);
#850=VECTOR('',#2886,10.);
#851=VECTOR('',#2891,10.);
#852=VECTOR('',#2896,10.);
#853=VECTOR('',#2899,10.);
#854=VECTOR('',#2900,10.);
#855=VECTOR('',#2905,3.25);
#856=VECTOR('',#2914,3.1);
#857=VECTOR('',#2919,3.25);
#858=VECTOR('',#2928,3.1);
#859=VECTOR('',#2939,10.);
#860=VECTOR('',#2940,10.);
#861=VECTOR('',#2941,10.);
#862=VECTOR('',#2942,10.);
#863=VECTOR('',#2943,10.);
#864=VECTOR('',#2944,10.);
#865=VECTOR('',#2949,10.);
#866=VECTOR('',#2956,10.);
#867=VECTOR('',#2961,10.);
#868=VECTOR('',#2962,10.);
#869=VECTOR('',#2963,10.);
#870=VECTOR('',#2964,10.);
#871=VECTOR('',#2967,10.);
#872=VECTOR('',#2968,10.);
#873=VECTOR('',#2969,10.);
#874=VECTOR('',#2970,10.);
#875=VECTOR('',#2973,10.);
#876=VECTOR('',#2974,10.);
#877=VECTOR('',#2975,10.);
#878=VECTOR('',#2980,10.);
#879=VECTOR('',#2987,10.);
#880=VECTOR('',#2990,10.);
#881=VECTOR('',#2991,10.);
#882=VECTOR('',#2994,10.);
#883=VECTOR('',#2995,10.);
#884=VECTOR('',#2996,10.);
#885=VECTOR('',#2999,10.);
#886=VECTOR('',#3000,10.);
#887=VECTOR('',#3001,10.);
#888=VECTOR('',#3006,10.);
#889=VECTOR('',#3013,10.);
#890=VECTOR('',#3020,10.);
#891=VECTOR('',#3025,10.);
#892=VECTOR('',#3026,10.);
#893=VECTOR('',#3027,10.);
#894=VECTOR('',#3028,10.);
#895=VECTOR('',#3031,10.);
#896=VECTOR('',#3032,10.);
#897=VECTOR('',#3033,10.);
#898=VECTOR('',#3034,10.);
#899=VECTOR('',#3037,10.);
#900=VECTOR('',#3038,10.);
#901=VECTOR('',#3039,10.);
#902=VECTOR('',#3044,10.);
#903=VECTOR('',#3051,10.);
#904=VECTOR('',#3058,10.);
#905=VECTOR('',#3063,10.);
#906=VECTOR('',#3064,10.);
#907=VECTOR('',#3067,10.);
#908=VECTOR('',#3070,10.);
#909=VECTOR('',#3071,10.);
#910=VECTOR('',#3072,10.);
#911=VECTOR('',#3075,10.);
#912=VECTOR('',#3076,10.);
#913=VECTOR('',#3077,10.);
#914=VECTOR('',#3080,10.);
#915=VECTOR('',#3083,10.);
#916=VECTOR('',#3084,10.);
#917=VECTOR('',#3085,10.);
#918=VECTOR('',#3088,10.);
#919=VECTOR('',#3089,10.);
#920=VECTOR('',#3090,10.);
#921=VECTOR('',#3093,10.);
#922=VECTOR('',#3094,10.);
#923=VECTOR('',#3095,10.);
#924=VECTOR('',#3096,10.);
#925=VECTOR('',#3099,10.);
#926=VECTOR('',#3100,10.);
#927=VECTOR('',#3101,10.);
#928=VECTOR('',#3102,10.);
#929=VECTOR('',#3105,10.);
#930=VECTOR('',#3106,10.);
#931=VECTOR('',#3107,10.);
#932=VECTOR('',#3108,10.);
#933=VECTOR('',#3111,10.);
#934=VECTOR('',#3112,10.);
#935=VECTOR('',#3113,10.);
#936=VECTOR('',#3114,10.);
#937=VECTOR('',#3117,10.);
#938=VECTOR('',#3118,10.);
#939=VECTOR('',#3119,10.);
#940=VECTOR('',#3120,10.);
#941=VECTOR('',#3123,10.);
#942=VECTOR('',#3124,10.);
#943=VECTOR('',#3125,10.);
#944=VECTOR('',#3126,10.);
#945=VECTOR('',#3129,10.);
#946=VECTOR('',#3130,10.);
#947=VECTOR('',#3131,10.);
#948=VECTOR('',#3132,10.);
#949=VECTOR('',#3135,10.);
#950=VECTOR('',#3136,10.);
#951=VECTOR('',#3137,10.);
#952=VECTOR('',#3138,10.);
#953=VECTOR('',#3141,10.);
#954=VECTOR('',#3142,10.);
#955=VECTOR('',#3155,1.4);
#956=VECTOR('',#3162,2.2);
#957=VECTOR('',#3169,1.4);
#958=VECTOR('',#3174,2.2);
#959=VECTOR('',#3179,1.4);
#960=VECTOR('',#3184,2.2);
#961=VECTOR('',#3191,1.4);
#962=VECTOR('',#3198,2.2);
#963=VERTEX_POINT('',#3213);
#964=VERTEX_POINT('',#3214);
#965=VERTEX_POINT('',#3216);
#966=VERTEX_POINT('',#3218);
#967=VERTEX_POINT('',#3222);
#968=VERTEX_POINT('',#3224);
#969=VERTEX_POINT('',#3228);
#970=VERTEX_POINT('',#3230);
#971=VERTEX_POINT('',#3237);
#972=VERTEX_POINT('',#3238);
#973=VERTEX_POINT('',#3240);
#974=VERTEX_POINT('',#3242);
#975=VERTEX_POINT('',#3244);
#976=VERTEX_POINT('',#3252);
#977=VERTEX_POINT('',#3254);
#978=VERTEX_POINT('',#3262);
#979=VERTEX_POINT('',#3264);
#980=VERTEX_POINT('',#3266);
#981=VERTEX_POINT('',#3268);
#982=VERTEX_POINT('',#3270);
#983=VERTEX_POINT('',#3272);
#984=VERTEX_POINT('',#3274);
#985=VERTEX_POINT('',#3276);
#986=VERTEX_POINT('',#3281);
#987=VERTEX_POINT('',#3292);
#988=VERTEX_POINT('',#3294);
#989=VERTEX_POINT('',#3296);
#990=VERTEX_POINT('',#3319);
#991=VERTEX_POINT('',#3321);
#992=VERTEX_POINT('',#3341);
#993=VERTEX_POINT('',#3343);
#994=VERTEX_POINT('',#3345);
#995=VERTEX_POINT('',#3347);
#996=VERTEX_POINT('',#3358);
#997=VERTEX_POINT('',#3366);
#998=VERTEX_POINT('',#3368);
#999=VERTEX_POINT('',#3370);
#1000=VERTEX_POINT('',#3373);
#1001=VERTEX_POINT('',#3374);
#1002=VERTEX_POINT('',#3376);
#1003=VERTEX_POINT('',#3378);
#1004=VERTEX_POINT('',#3381);
#1005=VERTEX_POINT('',#3383);
#1006=VERTEX_POINT('',#3385);
#1007=VERTEX_POINT('',#3386);
#1008=VERTEX_POINT('',#3388);
#1009=VERTEX_POINT('',#3390);
#1010=VERTEX_POINT('',#3394);
#1011=VERTEX_POINT('',#3395);
#1012=VERTEX_POINT('',#3400);
#1013=VERTEX_POINT('',#3401);
#1014=VERTEX_POINT('',#3403);
#1015=VERTEX_POINT('',#3405);
#1016=VERTEX_POINT('',#3408);
#1017=VERTEX_POINT('',#3409);
#1018=VERTEX_POINT('',#3411);
#1019=VERTEX_POINT('',#3413);
#1020=VERTEX_POINT('',#3417);
#1021=VERTEX_POINT('',#3419);
#1022=VERTEX_POINT('',#3423);
#1023=VERTEX_POINT('',#3435);
#1024=VERTEX_POINT('',#3441);
#1025=VERTEX_POINT('',#3442);
#1026=VERTEX_POINT('',#3444);
#1027=VERTEX_POINT('',#3446);
#1028=VERTEX_POINT('',#3465);
#1029=VERTEX_POINT('',#3467);
#1030=VERTEX_POINT('',#3479);
#1031=VERTEX_POINT('',#3481);
#1032=VERTEX_POINT('',#3483);
#1033=VERTEX_POINT('',#3494);
#1034=VERTEX_POINT('',#3496);
#1035=VERTEX_POINT('',#3507);
#1036=VERTEX_POINT('',#3509);
#1037=VERTEX_POINT('',#3511);
#1038=VERTEX_POINT('',#3523);
#1039=VERTEX_POINT('',#3525);
#1040=VERTEX_POINT('',#3544);
#1041=VERTEX_POINT('',#3546);
#1042=VERTEX_POINT('',#3548);
#1043=VERTEX_POINT('',#3550);
#1044=VERTEX_POINT('',#3552);
#1045=VERTEX_POINT('',#3563);
#1046=VERTEX_POINT('',#3565);
#1047=VERTEX_POINT('',#3576);
#1048=VERTEX_POINT('',#3579);
#1049=VERTEX_POINT('',#3581);
#1050=VERTEX_POINT('',#3583);
#1051=VERTEX_POINT('',#3586);
#1052=VERTEX_POINT('',#3587);
#1053=VERTEX_POINT('',#3592);
#1054=VERTEX_POINT('',#3593);
#1055=VERTEX_POINT('',#3595);
#1056=VERTEX_POINT('',#3597);
#1057=VERTEX_POINT('',#3601);
#1058=VERTEX_POINT('',#3602);
#1059=VERTEX_POINT('',#3604);
#1060=VERTEX_POINT('',#3606);
#1061=VERTEX_POINT('',#3612);
#1062=VERTEX_POINT('',#3615);
#1063=VERTEX_POINT('',#3618);
#1064=VERTEX_POINT('',#3622);
#1065=VERTEX_POINT('',#3626);
#1066=VERTEX_POINT('',#3637);
#1067=VERTEX_POINT('',#3639);
#1068=VERTEX_POINT('',#3643);
#1069=VERTEX_POINT('',#3673);
#1070=VERTEX_POINT('',#3689);
#1071=VERTEX_POINT('',#3693);
#1072=VERTEX_POINT('',#3697);
#1073=VERTEX_POINT('',#3701);
#1074=VERTEX_POINT('',#3703);
#1075=VERTEX_POINT('',#3707);
#1076=VERTEX_POINT('',#3709);
#1077=VERTEX_POINT('',#3713);
#1078=VERTEX_POINT('',#3717);
#1079=VERTEX_POINT('',#3721);
#1080=VERTEX_POINT('',#3748);
#1081=VERTEX_POINT('',#3753);
#1082=VERTEX_POINT('',#3769);
#1083=VERTEX_POINT('',#3771);
#1084=VERTEX_POINT('',#3775);
#1085=VERTEX_POINT('',#3780);
#1086=VERTEX_POINT('',#3782);
#1087=VERTEX_POINT('',#3786);
#1088=VERTEX_POINT('',#3795);
#1089=VERTEX_POINT('',#3796);
#1090=VERTEX_POINT('',#3798);
#1091=VERTEX_POINT('',#3800);
#1092=VERTEX_POINT('',#3811);
#1093=VERTEX_POINT('',#3816);
#1094=VERTEX_POINT('',#3854);
#1095=VERTEX_POINT('',#3871);
#1096=VERTEX_POINT('',#3890);
#1097=VERTEX_POINT('',#3892);
#1098=VERTEX_POINT('',#3896);
#1099=VERTEX_POINT('',#3898);
#1100=VERTEX_POINT('',#3902);
#1101=VERTEX_POINT('',#3904);
#1102=VERTEX_POINT('',#3933);
#1103=VERTEX_POINT('',#3947);
#1104=VERTEX_POINT('',#3963);
#1105=VERTEX_POINT('',#3965);
#1106=VERTEX_POINT('',#3994);
#1107=VERTEX_POINT('',#4008);
#1108=VERTEX_POINT('',#4024);
#1109=VERTEX_POINT('',#4026);
#1110=VERTEX_POINT('',#4030);
#1111=VERTEX_POINT('',#4032);
#1112=VERTEX_POINT('',#4036);
#1113=VERTEX_POINT('',#4038);
#1114=VERTEX_POINT('',#4073);
#1115=VERTEX_POINT('',#4090);
#1116=VERTEX_POINT('',#4116);
#1117=VERTEX_POINT('',#4121);
#1118=VERTEX_POINT('',#4128);
#1119=VERTEX_POINT('',#4130);
#1120=VERTEX_POINT('',#4134);
#1121=VERTEX_POINT('',#4136);
#1122=VERTEX_POINT('',#4140);
#1123=VERTEX_POINT('',#4142);
#1124=VERTEX_POINT('',#4146);
#1125=VERTEX_POINT('',#4148);
#1126=VERTEX_POINT('',#4152);
#1127=VERTEX_POINT('',#4154);
#1128=VERTEX_POINT('',#4158);
#1129=VERTEX_POINT('',#4160);
#1130=VERTEX_POINT('',#4177);
#1131=VERTEX_POINT('',#4185);
#1132=VERTEX_POINT('',#4195);
#1133=VERTEX_POINT('',#4197);
#1134=VERTEX_POINT('',#4214);
#1135=VERTEX_POINT('',#4222);
#1136=VERTEX_POINT('',#4232);
#1137=VERTEX_POINT('',#4234);
#1138=VERTEX_POINT('',#4238);
#1139=VERTEX_POINT('',#4240);
#1140=VERTEX_POINT('',#4244);
#1141=VERTEX_POINT('',#4246);
#1142=VERTEX_POINT('',#4250);
#1143=VERTEX_POINT('',#4252);
#1144=VERTEX_POINT('',#4279);
#1145=VERTEX_POINT('',#4296);
#1146=VERTEX_POINT('',#4306);
#1147=VERTEX_POINT('',#4323);
#1148=VERTEX_POINT('',#4356);
#1149=VERTEX_POINT('',#4397);
#1150=VERTEX_POINT('',#4419);
#1151=VERTEX_POINT('',#4466);
#1152=VERTEX_POINT('',#4491);
#1153=VERTEX_POINT('',#4526);
#1154=VERTEX_POINT('',#4527);
#1155=VERTEX_POINT('',#4541);
#1156=VERTEX_POINT('',#4543);
#1157=VERTEX_POINT('',#4562);
#1158=VERTEX_POINT('',#4564);
#1159=VERTEX_POINT('',#4593);
#1160=VERTEX_POINT('',#4612);
#1161=VERTEX_POINT('',#4628);
#1162=VERTEX_POINT('',#4630);
#1163=VERTEX_POINT('',#4647);
#1164=VERTEX_POINT('',#4658);
#1165=VERTEX_POINT('',#4668);
#1166=VERTEX_POINT('',#4670);
#1167=VERTEX_POINT('',#4687);
#1168=VERTEX_POINT('',#4698);
#1169=VERTEX_POINT('',#4708);
#1170=VERTEX_POINT('',#4710);
#1171=VERTEX_POINT('',#4739);
#1172=VERTEX_POINT('',#4758);
#1173=VERTEX_POINT('',#4774);
#1174=VERTEX_POINT('',#4776);
#1175=VERTEX_POINT('',#4811);
#1176=VERTEX_POINT('',#4825);
#1177=VERTEX_POINT('',#4844);
#1178=VERTEX_POINT('',#4846);
#1179=VERTEX_POINT('',#4875);
#1180=VERTEX_POINT('',#4886);
#1181=VERTEX_POINT('',#4902);
#1182=VERTEX_POINT('',#4904);
#1183=VERTEX_POINT('',#4933);
#1184=VERTEX_POINT('',#4944);
#1185=VERTEX_POINT('',#5494);
#1186=VERTEX_POINT('',#5495);
#1187=VERTEX_POINT('',#5583);
#1188=VERTEX_POINT('',#5588);
#1189=VERTEX_POINT('',#5610);
#1190=VERTEX_POINT('',#5612);
#1191=VERTEX_POINT('',#5642);
#1192=VERTEX_POINT('',#5644);
#1193=VERTEX_POINT('',#5732);
#1194=VERTEX_POINT('',#5734);
#1195=VERTEX_POINT('',#5835);
#1196=VERTEX_POINT('',#5837);
#1197=EDGE_CURVE('',#963,#964,#555,.T.);
#1198=EDGE_CURVE('',#965,#963,#556,.T.);
#1199=EDGE_CURVE('',#966,#965,#557,.T.);
#1200=EDGE_CURVE('',#966,#964,#558,.T.);
#1201=EDGE_CURVE('',#964,#967,#559,.T.);
#1202=EDGE_CURVE('',#968,#966,#560,.T.);
#1203=EDGE_CURVE('',#968,#967,#561,.T.);
#1204=EDGE_CURVE('',#967,#969,#562,.T.);
#1205=EDGE_CURVE('',#970,#968,#563,.T.);
#1206=EDGE_CURVE('',#970,#969,#564,.T.);
#1207=EDGE_CURVE('',#969,#963,#565,.T.);
#1208=EDGE_CURVE('',#965,#970,#566,.T.);
#1209=EDGE_CURVE('',#971,#972,#197,.T.);
#1210=EDGE_CURVE('',#972,#973,#198,.T.);
#1211=EDGE_CURVE('',#973,#974,#567,.T.);
#1212=EDGE_CURVE('',#974,#975,#113,.T.);
#1213=EDGE_CURVE('',#975,#976,#568,.T.);
#1214=EDGE_CURVE('',#976,#977,#114,.T.);
#1215=EDGE_CURVE('',#977,#978,#569,.T.);
#1216=EDGE_CURVE('',#978,#979,#199,.T.);
#1217=EDGE_CURVE('',#980,#979,#200,.T.);
#1218=EDGE_CURVE('',#980,#981,#201,.T.);
#1219=EDGE_CURVE('',#981,#982,#570,.T.);
#1220=EDGE_CURVE('',#983,#982,#571,.T.);
#1221=EDGE_CURVE('',#983,#984,#572,.T.);
#1222=EDGE_CURVE('',#984,#985,#115,.T.);
#1223=EDGE_CURVE('',#985,#986,#116,.T.);
#1224=EDGE_CURVE('',#987,#986,#202,.T.);
#1225=EDGE_CURVE('',#987,#988,#573,.T.);
#1226=EDGE_CURVE('',#988,#989,#117,.T.);
#1227=EDGE_CURVE('',#989,#990,#574,.T.);
#1228=EDGE_CURVE('',#990,#991,#118,.T.);
#1229=EDGE_CURVE('',#991,#992,#575,.T.);
#1230=EDGE_CURVE('',#992,#993,#203,.T.);
#1231=EDGE_CURVE('',#994,#993,#204,.T.);
#1232=EDGE_CURVE('',#994,#995,#119,.T.);
#1233=EDGE_CURVE('',#995,#996,#120,.T.);
#1234=EDGE_CURVE('',#996,#997,#576,.T.);
#1235=EDGE_CURVE('',#998,#997,#577,.T.);
#1236=EDGE_CURVE('',#998,#999,#578,.T.);
#1237=EDGE_CURVE('',#999,#971,#205,.T.);
#1238=EDGE_CURVE('',#1000,#1001,#579,.T.);
#1239=EDGE_CURVE('',#1001,#1002,#580,.T.);
#1240=EDGE_CURVE('',#1002,#1003,#581,.T.);
#1241=EDGE_CURVE('',#1003,#1000,#582,.T.);
#1242=EDGE_CURVE('',#1004,#1004,#206,.T.);
#1243=EDGE_CURVE('',#1005,#1005,#207,.T.);
#1244=EDGE_CURVE('',#1006,#1007,#583,.T.);
#1245=EDGE_CURVE('',#1007,#1008,#208,.T.);
#1246=EDGE_CURVE('',#1008,#1009,#584,.T.);
#1247=EDGE_CURVE('',#1009,#1006,#209,.T.);
#1248=EDGE_CURVE('',#1010,#1011,#585,.T.);
#1249=EDGE_CURVE('',#1010,#998,#586,.T.);
#1250=EDGE_CURVE('',#997,#1011,#587,.T.);
#1251=EDGE_CURVE('',#1012,#1013,#210,.T.);
#1252=EDGE_CURVE('',#1014,#1012,#588,.T.);
#1253=EDGE_CURVE('',#1015,#1014,#211,.T.);
#1254=EDGE_CURVE('',#1013,#1015,#589,.T.);
#1255=EDGE_CURVE('',#1016,#1017,#590,.T.);
#1256=EDGE_CURVE('',#1018,#1016,#212,.T.);
#1257=EDGE_CURVE('',#1019,#1018,#591,.T.);
#1258=EDGE_CURVE('',#1017,#1019,#213,.T.);
#1259=EDGE_CURVE('',#1019,#1020,#592,.T.);
#1260=EDGE_CURVE('',#1021,#1020,#214,.T.);
#1261=EDGE_CURVE('',#1017,#1021,#593,.T.);
#1262=EDGE_CURVE('',#1018,#1022,#594,.T.);
#1263=EDGE_CURVE('',#1020,#1022,#595,.T.);
#1264=EDGE_CURVE('',#1006,#1014,#596,.T.);
#1265=EDGE_CURVE('',#1007,#1012,#597,.T.);
#1266=EDGE_CURVE('',#1009,#1015,#598,.T.);
#1267=EDGE_CURVE('',#1008,#1013,#599,.T.);
#1268=EDGE_CURVE('',#1016,#1023,#600,.T.);
#1269=EDGE_CURVE('',#1022,#1023,#215,.T.);
#1270=EDGE_CURVE('',#1023,#1021,#601,.T.);
#1271=EDGE_CURVE('',#1024,#1025,#216,.T.);
#1272=EDGE_CURVE('',#1026,#1024,#602,.T.);
#1273=EDGE_CURVE('',#1027,#1026,#121,.T.);
#1274=EDGE_CURVE('',#1028,#1027,#603,.T.);
#1275=EDGE_CURVE('',#1029,#1028,#122,.T.);
#1276=EDGE_CURVE('',#1030,#1029,#217,.T.);
#1277=EDGE_CURVE('',#1031,#1030,#604,.T.);
#1278=EDGE_CURVE('',#1032,#1031,#123,.T.);
#1279=EDGE_CURVE('',#1033,#1032,#605,.T.);
#1280=EDGE_CURVE('',#1034,#1033,#124,.T.);
#1281=EDGE_CURVE('',#1035,#1034,#606,.T.);
#1282=EDGE_CURVE('',#1036,#1035,#218,.T.);
#1283=EDGE_CURVE('',#1037,#1036,#125,.T.);
#1284=EDGE_CURVE('',#1038,#1037,#607,.T.);
#1285=EDGE_CURVE('',#1039,#1038,#126,.T.);
#1286=EDGE_CURVE('',#1040,#1039,#608,.T.);
#1287=EDGE_CURVE('',#1041,#1040,#219,.T.);
#1288=EDGE_CURVE('',#1042,#1041,#220,.T.);
#1289=EDGE_CURVE('',#1043,#1042,#609,.T.);
#1290=EDGE_CURVE('',#1044,#1043,#127,.T.);
#1291=EDGE_CURVE('',#1045,#1044,#610,.T.);
#1292=EDGE_CURVE('',#1046,#1045,#128,.T.);
#1293=EDGE_CURVE('',#1047,#1046,#611,.T.);
#1294=EDGE_CURVE('',#1025,#1047,#221,.T.);
#1295=EDGE_CURVE('',#1048,#1048,#222,.F.);
#1296=EDGE_CURVE('',#1049,#1049,#223,.F.);
#1297=EDGE_CURVE('',#1050,#1050,#224,.T.);
#1298=EDGE_CURVE('',#1051,#1052,#612,.T.);
#1299=EDGE_CURVE('',#1051,#983,#613,.T.);
#1300=EDGE_CURVE('',#982,#1052,#614,.T.);
#1301=EDGE_CURVE('',#1053,#1054,#615,.T.);
#1302=EDGE_CURVE('',#1054,#1055,#616,.T.);
#1303=EDGE_CURVE('',#1055,#1056,#617,.T.);
#1304=EDGE_CURVE('',#1053,#1056,#618,.T.);
#1305=EDGE_CURVE('',#1057,#1058,#619,.T.);
#1306=EDGE_CURVE('',#1058,#1059,#620,.T.);
#1307=EDGE_CURVE('',#1059,#1060,#621,.T.);
#1308=EDGE_CURVE('',#1057,#1060,#622,.T.);
#1309=EDGE_CURVE('',#1060,#1055,#623,.T.);
#1310=EDGE_CURVE('',#1056,#1059,#624,.T.);
#1311=EDGE_CURVE('',#1061,#1061,#225,.T.);
#1312=EDGE_CURVE('',#1000,#1062,#625,.T.);
#1313=EDGE_CURVE('',#1062,#1057,#626,.T.);
#1314=EDGE_CURVE('',#1054,#1063,#627,.T.);
#1315=EDGE_CURVE('',#1001,#1063,#628,.T.);
#1316=EDGE_CURVE('',#1003,#1064,#629,.T.);
#1317=EDGE_CURVE('',#1064,#1062,#630,.T.);
#1318=EDGE_CURVE('',#1002,#1065,#631,.T.);
#1319=EDGE_CURVE('',#1065,#1053,#632,.T.);
#1320=EDGE_CURVE('',#1058,#1064,#633,.T.);
#1321=EDGE_CURVE('',#1063,#1065,#634,.T.);
#1322=EDGE_CURVE('',#1061,#1050,#635,.T.);
#1323=EDGE_CURVE('',#992,#1066,#636,.T.);
#1324=EDGE_CURVE('',#1066,#1067,#226,.T.);
#1325=EDGE_CURVE('',#1067,#993,#637,.T.);
#1326=EDGE_CURVE('',#1068,#1067,#227,.T.);
#1327=EDGE_CURVE('',#994,#1068,#129,.T.);
#1328=EDGE_CURVE('',#1068,#1069,#130,.T.);
#1329=EDGE_CURVE('',#1069,#995,#131,.T.);
#1330=EDGE_CURVE('',#996,#1070,#638,.T.);
#1331=EDGE_CURVE('',#1011,#1070,#639,.T.);
#1332=EDGE_CURVE('',#1071,#1010,#640,.T.);
#1333=EDGE_CURVE('',#999,#1071,#641,.T.);
#1334=EDGE_CURVE('',#1071,#1072,#228,.T.);
#1335=EDGE_CURVE('',#1072,#971,#642,.T.);
#1336=EDGE_CURVE('',#972,#1073,#643,.T.);
#1337=EDGE_CURVE('',#1073,#1074,#229,.T.);
#1338=EDGE_CURVE('',#1074,#973,#644,.T.);
#1339=EDGE_CURVE('',#978,#1075,#645,.T.);
#1340=EDGE_CURVE('',#1075,#1076,#230,.T.);
#1341=EDGE_CURVE('',#1076,#979,#646,.T.);
#1342=EDGE_CURVE('',#1077,#1076,#231,.T.);
#1343=EDGE_CURVE('',#980,#1077,#647,.T.);
#1344=EDGE_CURVE('',#1077,#1078,#232,.T.);
#1345=EDGE_CURVE('',#1078,#981,#648,.T.);
#1346=EDGE_CURVE('',#1079,#1051,#649,.T.);
#1347=EDGE_CURVE('',#984,#1079,#650,.T.);
#1348=EDGE_CURVE('',#985,#1080,#132,.T.);
#1349=EDGE_CURVE('',#1080,#1081,#133,.T.);
#1350=EDGE_CURVE('',#1081,#986,#134,.T.);
#1351=EDGE_CURVE('',#1082,#1082,#233,.T.);
#1352=EDGE_CURVE('',#1082,#1083,#651,.T.);
#1353=EDGE_CURVE('',#1083,#1083,#234,.T.);
#1354=EDGE_CURVE('',#1084,#1084,#235,.T.);
#1355=EDGE_CURVE('',#1049,#1083,#652,.T.);
#1356=EDGE_CURVE('',#1085,#1085,#236,.T.);
#1357=EDGE_CURVE('',#1085,#1086,#653,.T.);
#1358=EDGE_CURVE('',#1086,#1086,#237,.T.);
#1359=EDGE_CURVE('',#1087,#1087,#238,.T.);
#1360=EDGE_CURVE('',#1048,#1086,#654,.T.);
#1361=EDGE_CURVE('',#1084,#1005,#239,.T.);
#1362=EDGE_CURVE('',#1087,#1004,#240,.T.);
#1363=EDGE_CURVE('',#1088,#1089,#655,.T.);
#1364=EDGE_CURVE('',#1089,#1090,#656,.T.);
#1365=EDGE_CURVE('',#1091,#1090,#657,.T.);
#1366=EDGE_CURVE('',#1088,#1091,#658,.T.);
#1367=EDGE_CURVE('',#1089,#1092,#135,.T.);
#1368=EDGE_CURVE('',#1092,#1093,#659,.T.);
#1369=EDGE_CURVE('',#1090,#1093,#136,.T.);
#1370=EDGE_CURVE('',#1092,#1094,#137,.T.);
#1371=EDGE_CURVE('',#1094,#1095,#660,.T.);
#1372=EDGE_CURVE('',#1093,#1095,#138,.T.);
#1373=EDGE_CURVE('',#1096,#1094,#241,.T.);
#1374=EDGE_CURVE('',#1096,#1097,#661,.T.);
#1375=EDGE_CURVE('',#1095,#1097,#242,.T.);
#1376=EDGE_CURVE('',#1096,#1098,#243,.T.);
#1377=EDGE_CURVE('',#1098,#1099,#662,.T.);
#1378=EDGE_CURVE('',#1097,#1099,#244,.T.);
#1379=EDGE_CURVE('',#1098,#1100,#663,.T.);
#1380=EDGE_CURVE('',#1100,#1101,#664,.T.);
#1381=EDGE_CURVE('',#1099,#1101,#665,.T.);
#1382=EDGE_CURVE('',#1100,#1102,#139,.T.);
#1383=EDGE_CURVE('',#1102,#1103,#666,.T.);
#1384=EDGE_CURVE('',#1101,#1103,#140,.T.);
#1385=EDGE_CURVE('',#1102,#1104,#667,.T.);
#1386=EDGE_CURVE('',#1104,#1105,#668,.T.);
#1387=EDGE_CURVE('',#1103,#1105,#669,.T.);
#1388=EDGE_CURVE('',#1104,#1106,#141,.T.);
#1389=EDGE_CURVE('',#1106,#1107,#670,.T.);
#1390=EDGE_CURVE('',#1105,#1107,#142,.T.);
#1391=EDGE_CURVE('',#1106,#1108,#671,.T.);
#1392=EDGE_CURVE('',#1108,#1109,#672,.T.);
#1393=EDGE_CURVE('',#1107,#1109,#673,.T.);
#1394=EDGE_CURVE('',#1108,#1110,#245,.T.);
#1395=EDGE_CURVE('',#1110,#1111,#674,.T.);
#1396=EDGE_CURVE('',#1109,#1111,#246,.T.);
#1397=EDGE_CURVE('',#1112,#1110,#247,.T.);
#1398=EDGE_CURVE('',#1112,#1113,#675,.T.);
#1399=EDGE_CURVE('',#1111,#1113,#248,.T.);
#1400=EDGE_CURVE('',#1112,#1114,#143,.T.);
#1401=EDGE_CURVE('',#1114,#1115,#676,.T.);
#1402=EDGE_CURVE('',#1113,#1115,#144,.T.);
#1403=EDGE_CURVE('',#1114,#1116,#145,.T.);
#1404=EDGE_CURVE('',#1116,#1117,#677,.T.);
#1405=EDGE_CURVE('',#1115,#1117,#146,.T.);
#1406=EDGE_CURVE('',#1116,#1118,#678,.T.);
#1407=EDGE_CURVE('',#1118,#1119,#679,.T.);
#1408=EDGE_CURVE('',#1117,#1119,#680,.T.);
#1409=EDGE_CURVE('',#1120,#1118,#681,.T.);
#1410=EDGE_CURVE('',#1120,#1121,#682,.T.);
#1411=EDGE_CURVE('',#1119,#1121,#683,.T.);
#1412=EDGE_CURVE('',#1120,#1122,#249,.T.);
#1413=EDGE_CURVE('',#1122,#1123,#684,.T.);
#1414=EDGE_CURVE('',#1121,#1123,#250,.T.);
#1415=EDGE_CURVE('',#1124,#1122,#251,.T.);
#1416=EDGE_CURVE('',#1124,#1125,#685,.T.);
#1417=EDGE_CURVE('',#1123,#1125,#252,.T.);
#1418=EDGE_CURVE('',#1124,#1126,#253,.T.);
#1419=EDGE_CURVE('',#1126,#1127,#686,.T.);
#1420=EDGE_CURVE('',#1125,#1127,#254,.T.);
#1421=EDGE_CURVE('',#1126,#1128,#687,.T.);
#1422=EDGE_CURVE('',#1128,#1129,#688,.T.);
#1423=EDGE_CURVE('',#1127,#1129,#689,.T.);
#1424=EDGE_CURVE('',#1128,#1130,#147,.T.);
#1425=EDGE_CURVE('',#1130,#1131,#690,.T.);
#1426=EDGE_CURVE('',#1129,#1131,#148,.T.);
#1427=EDGE_CURVE('',#1130,#1132,#691,.T.);
#1428=EDGE_CURVE('',#1132,#1133,#692,.T.);
#1429=EDGE_CURVE('',#1131,#1133,#693,.T.);
#1430=EDGE_CURVE('',#1132,#1134,#149,.T.);
#1431=EDGE_CURVE('',#1134,#1135,#694,.T.);
#1432=EDGE_CURVE('',#1133,#1135,#150,.T.);
#1433=EDGE_CURVE('',#1134,#1136,#695,.T.);
#1434=EDGE_CURVE('',#1136,#1137,#696,.T.);
#1435=EDGE_CURVE('',#1135,#1137,#697,.T.);
#1436=EDGE_CURVE('',#1136,#1138,#255,.T.);
#1437=EDGE_CURVE('',#1138,#1139,#698,.T.);
#1438=EDGE_CURVE('',#1137,#1139,#256,.T.);
#1439=EDGE_CURVE('',#1140,#1138,#257,.T.);
#1440=EDGE_CURVE('',#1140,#1141,#699,.T.);
#1441=EDGE_CURVE('',#1139,#1141,#258,.T.);
#1442=EDGE_CURVE('',#1140,#1142,#259,.T.);
#1443=EDGE_CURVE('',#1142,#1143,#700,.T.);
#1444=EDGE_CURVE('',#1141,#1143,#260,.T.);
#1445=EDGE_CURVE('',#1142,#1088,#701,.T.);
#1446=EDGE_CURVE('',#1143,#1091,#702,.T.);
#1447=EDGE_CURVE('',#1080,#1079,#151,.T.);
#1448=EDGE_CURVE('',#1052,#1078,#703,.T.);
#1449=EDGE_CURVE('',#977,#1144,#704,.T.);
#1450=EDGE_CURVE('',#1075,#1144,#705,.T.);
#1451=EDGE_CURVE('',#976,#1145,#706,.T.);
#1452=EDGE_CURVE('',#1144,#1145,#152,.T.);
#1453=EDGE_CURVE('',#975,#1146,#707,.T.);
#1454=EDGE_CURVE('',#1145,#1146,#708,.T.);
#1455=EDGE_CURVE('',#974,#1147,#709,.T.);
#1456=EDGE_CURVE('',#1146,#1147,#153,.T.);
#1457=EDGE_CURVE('',#1147,#1074,#710,.T.);
#1458=EDGE_CURVE('',#1070,#1069,#154,.T.);
#1459=EDGE_CURVE('',#991,#1148,#711,.T.);
#1460=EDGE_CURVE('',#1066,#1148,#712,.T.);
#1461=EDGE_CURVE('',#990,#1149,#713,.T.);
#1462=EDGE_CURVE('',#1148,#1149,#155,.T.);
#1463=EDGE_CURVE('',#989,#1150,#714,.T.);
#1464=EDGE_CURVE('',#1149,#1150,#715,.T.);
#1465=EDGE_CURVE('',#988,#1151,#716,.T.);
#1466=EDGE_CURVE('',#1150,#1151,#156,.T.);
#1467=EDGE_CURVE('',#987,#1152,#717,.T.);
#1468=EDGE_CURVE('',#1151,#1152,#718,.T.);
#1469=EDGE_CURVE('',#1153,#1154,#157,.T.);
#1470=EDGE_CURVE('',#1155,#1153,#719,.T.);
#1471=EDGE_CURVE('',#1155,#1156,#158,.T.);
#1472=EDGE_CURVE('',#1156,#1154,#720,.T.);
#1473=EDGE_CURVE('',#1154,#1157,#721,.T.);
#1474=EDGE_CURVE('',#1156,#1158,#722,.T.);
#1475=EDGE_CURVE('',#1158,#1157,#723,.T.);
#1476=EDGE_CURVE('',#1157,#1159,#159,.T.);
#1477=EDGE_CURVE('',#1158,#1160,#160,.T.);
#1478=EDGE_CURVE('',#1160,#1159,#724,.T.);
#1479=EDGE_CURVE('',#1159,#1161,#725,.T.);
#1480=EDGE_CURVE('',#1160,#1162,#726,.T.);
#1481=EDGE_CURVE('',#1162,#1161,#727,.T.);
#1482=EDGE_CURVE('',#1161,#1163,#161,.T.);
#1483=EDGE_CURVE('',#1162,#1164,#162,.T.);
#1484=EDGE_CURVE('',#1164,#1163,#728,.T.);
#1485=EDGE_CURVE('',#1163,#1165,#729,.T.);
#1486=EDGE_CURVE('',#1164,#1166,#730,.T.);
#1487=EDGE_CURVE('',#1166,#1165,#731,.T.);
#1488=EDGE_CURVE('',#1165,#1167,#163,.T.);
#1489=EDGE_CURVE('',#1166,#1168,#164,.T.);
#1490=EDGE_CURVE('',#1168,#1167,#732,.T.);
#1491=EDGE_CURVE('',#1167,#1169,#733,.T.);
#1492=EDGE_CURVE('',#1168,#1170,#734,.T.);
#1493=EDGE_CURVE('',#1170,#1169,#735,.T.);
#1494=EDGE_CURVE('',#1169,#1171,#165,.T.);
#1495=EDGE_CURVE('',#1170,#1172,#166,.T.);
#1496=EDGE_CURVE('',#1172,#1171,#736,.T.);
#1497=EDGE_CURVE('',#1171,#1173,#737,.T.);
#1498=EDGE_CURVE('',#1172,#1174,#738,.T.);
#1499=EDGE_CURVE('',#1174,#1173,#739,.T.);
#1500=EDGE_CURVE('',#1173,#1175,#167,.T.);
#1501=EDGE_CURVE('',#1174,#1176,#168,.T.);
#1502=EDGE_CURVE('',#1176,#1175,#740,.T.);
#1503=EDGE_CURVE('',#1175,#1177,#741,.T.);
#1504=EDGE_CURVE('',#1176,#1178,#742,.T.);
#1505=EDGE_CURVE('',#1178,#1177,#743,.T.);
#1506=EDGE_CURVE('',#1177,#1179,#169,.T.);
#1507=EDGE_CURVE('',#1178,#1180,#170,.T.);
#1508=EDGE_CURVE('',#1180,#1179,#744,.T.);
#1509=EDGE_CURVE('',#1179,#1181,#745,.T.);
#1510=EDGE_CURVE('',#1180,#1182,#746,.T.);
#1511=EDGE_CURVE('',#1182,#1181,#747,.T.);
#1512=EDGE_CURVE('',#1181,#1183,#171,.T.);
#1513=EDGE_CURVE('',#1182,#1184,#172,.T.);
#1514=EDGE_CURVE('',#1184,#1183,#748,.T.);
#1515=EDGE_CURVE('',#1183,#1153,#749,.T.);
#1516=EDGE_CURVE('',#1184,#1155,#750,.T.);
#1517=EDGE_CURVE('',#1157,#1038,#173,.T.);
#1518=EDGE_CURVE('',#1039,#1159,#174,.T.);
#1519=EDGE_CURVE('',#1181,#1033,#175,.T.);
#1520=EDGE_CURVE('',#1034,#1183,#176,.T.);
#1521=EDGE_CURVE('',#1044,#1163,#177,.T.);
#1522=EDGE_CURVE('',#1043,#1161,#178,.T.);
#1523=EDGE_CURVE('',#1179,#1032,#179,.T.);
#1524=EDGE_CURVE('',#1045,#1165,#180,.T.);
#1525=EDGE_CURVE('',#1046,#1167,#181,.T.);
#1526=EDGE_CURVE('',#1171,#1027,#182,.T.);
#1527=EDGE_CURVE('',#1026,#1169,#183,.T.);
#1528=EDGE_CURVE('',#1185,#1186,#184,.T.);
#1529=EDGE_CURVE('',#1185,#1175,#185,.T.);
#1530=EDGE_CURVE('',#1031,#1177,#186,.T.);
#1531=EDGE_CURVE('',#1186,#1030,#187,.T.);
#1532=EDGE_CURVE('',#1035,#1187,#188,.T.);
#1533=EDGE_CURVE('',#1188,#1153,#189,.T.);
#1534=EDGE_CURVE('',#1187,#1188,#190,.T.);
#1535=EDGE_CURVE('',#1189,#1189,#261,.T.);
#1536=EDGE_CURVE('',#1189,#1190,#751,.T.);
#1537=EDGE_CURVE('',#1190,#1190,#262,.T.);
#1538=EDGE_CURVE('',#1040,#1042,#191,.T.);
#1539=EDGE_CURVE('',#1041,#1189,#752,.T.);
#1540=EDGE_CURVE('',#1037,#1154,#192,.T.);
#1541=EDGE_CURVE('',#1191,#1191,#263,.T.);
#1542=EDGE_CURVE('',#1191,#1192,#753,.T.);
#1543=EDGE_CURVE('',#1192,#1192,#264,.T.);
#1544=EDGE_CURVE('',#1188,#1036,#193,.T.);
#1545=EDGE_CURVE('',#1187,#1191,#754,.T.);
#1546=EDGE_CURVE('',#1193,#1193,#265,.T.);
#1547=EDGE_CURVE('',#1193,#1194,#755,.T.);
#1548=EDGE_CURVE('',#1194,#1194,#266,.T.);
#1549=EDGE_CURVE('',#1029,#1185,#194,.T.);
#1550=EDGE_CURVE('',#1028,#1173,#195,.T.);
#1551=EDGE_CURVE('',#1186,#1193,#756,.T.);
#1552=EDGE_CURVE('',#1195,#1195,#267,.T.);
#1553=EDGE_CURVE('',#1195,#1196,#757,.T.);
#1554=EDGE_CURVE('',#1196,#1196,#268,.T.);
#1555=EDGE_CURVE('',#1047,#1024,#196,.T.);
#1556=EDGE_CURVE('',#1025,#1195,#758,.T.);
#1557=EDGE_CURVE('',#1073,#1072,#269,.T.);
#1558=EDGE_CURVE('',#1152,#1081,#270,.T.);
#1559=ORIENTED_EDGE('',*,*,#1197,.F.);
#1560=ORIENTED_EDGE('',*,*,#1198,.F.);
#1561=ORIENTED_EDGE('',*,*,#1199,.F.);
#1562=ORIENTED_EDGE('',*,*,#1200,.T.);
#1563=ORIENTED_EDGE('',*,*,#1201,.F.);
#1564=ORIENTED_EDGE('',*,*,#1200,.F.);
#1565=ORIENTED_EDGE('',*,*,#1202,.F.);
#1566=ORIENTED_EDGE('',*,*,#1203,.T.);
#1567=ORIENTED_EDGE('',*,*,#1204,.F.);
#1568=ORIENTED_EDGE('',*,*,#1203,.F.);
#1569=ORIENTED_EDGE('',*,*,#1205,.F.);
#1570=ORIENTED_EDGE('',*,*,#1206,.T.);
#1571=ORIENTED_EDGE('',*,*,#1207,.F.);
#1572=ORIENTED_EDGE('',*,*,#1206,.F.);
#1573=ORIENTED_EDGE('',*,*,#1208,.F.);
#1574=ORIENTED_EDGE('',*,*,#1198,.T.);
#1575=ORIENTED_EDGE('',*,*,#1209,.T.);
#1576=ORIENTED_EDGE('',*,*,#1210,.T.);
#1577=ORIENTED_EDGE('',*,*,#1211,.T.);
#1578=ORIENTED_EDGE('',*,*,#1212,.T.);
#1579=ORIENTED_EDGE('',*,*,#1213,.T.);
#1580=ORIENTED_EDGE('',*,*,#1214,.T.);
#1581=ORIENTED_EDGE('',*,*,#1215,.T.);
#1582=ORIENTED_EDGE('',*,*,#1216,.T.);
#1583=ORIENTED_EDGE('',*,*,#1217,.F.);
#1584=ORIENTED_EDGE('',*,*,#1218,.T.);
#1585=ORIENTED_EDGE('',*,*,#1219,.T.);
#1586=ORIENTED_EDGE('',*,*,#1220,.F.);
#1587=ORIENTED_EDGE('',*,*,#1221,.T.);
#1588=ORIENTED_EDGE('',*,*,#1222,.T.);
#1589=ORIENTED_EDGE('',*,*,#1223,.T.);
#1590=ORIENTED_EDGE('',*,*,#1224,.F.);
#1591=ORIENTED_EDGE('',*,*,#1225,.T.);
#1592=ORIENTED_EDGE('',*,*,#1226,.T.);
#1593=ORIENTED_EDGE('',*,*,#1227,.T.);
#1594=ORIENTED_EDGE('',*,*,#1228,.T.);
#1595=ORIENTED_EDGE('',*,*,#1229,.T.);
#1596=ORIENTED_EDGE('',*,*,#1230,.T.);
#1597=ORIENTED_EDGE('',*,*,#1231,.F.);
#1598=ORIENTED_EDGE('',*,*,#1232,.T.);
#1599=ORIENTED_EDGE('',*,*,#1233,.T.);
#1600=ORIENTED_EDGE('',*,*,#1234,.T.);
#1601=ORIENTED_EDGE('',*,*,#1235,.F.);
#1602=ORIENTED_EDGE('',*,*,#1236,.T.);
#1603=ORIENTED_EDGE('',*,*,#1237,.T.);
#1604=ORIENTED_EDGE('',*,*,#1205,.T.);
#1605=ORIENTED_EDGE('',*,*,#1202,.T.);
#1606=ORIENTED_EDGE('',*,*,#1199,.T.);
#1607=ORIENTED_EDGE('',*,*,#1208,.T.);
#1608=ORIENTED_EDGE('',*,*,#1238,.T.);
#1609=ORIENTED_EDGE('',*,*,#1239,.T.);
#1610=ORIENTED_EDGE('',*,*,#1240,.T.);
#1611=ORIENTED_EDGE('',*,*,#1241,.T.);
#1612=ORIENTED_EDGE('',*,*,#1242,.F.);
#1613=ORIENTED_EDGE('',*,*,#1243,.F.);
#1614=ORIENTED_EDGE('',*,*,#1244,.T.);
#1615=ORIENTED_EDGE('',*,*,#1245,.T.);
#1616=ORIENTED_EDGE('',*,*,#1246,.T.);
#1617=ORIENTED_EDGE('',*,*,#1247,.T.);
#1618=ORIENTED_EDGE('',*,*,#1248,.F.);
#1619=ORIENTED_EDGE('',*,*,#1249,.T.);
#1620=ORIENTED_EDGE('',*,*,#1235,.T.);
#1621=ORIENTED_EDGE('',*,*,#1250,.T.);
#1622=ORIENTED_EDGE('',*,*,#1251,.F.);
#1623=ORIENTED_EDGE('',*,*,#1252,.F.);
#1624=ORIENTED_EDGE('',*,*,#1253,.F.);
#1625=ORIENTED_EDGE('',*,*,#1254,.F.);
#1626=ORIENTED_EDGE('',*,*,#1255,.F.);
#1627=ORIENTED_EDGE('',*,*,#1256,.F.);
#1628=ORIENTED_EDGE('',*,*,#1257,.F.);
#1629=ORIENTED_EDGE('',*,*,#1258,.F.);
#1630=ORIENTED_EDGE('',*,*,#1258,.T.);
#1631=ORIENTED_EDGE('',*,*,#1259,.T.);
#1632=ORIENTED_EDGE('',*,*,#1260,.F.);
#1633=ORIENTED_EDGE('',*,*,#1261,.F.);
#1634=ORIENTED_EDGE('',*,*,#1257,.T.);
#1635=ORIENTED_EDGE('',*,*,#1262,.T.);
#1636=ORIENTED_EDGE('',*,*,#1263,.F.);
#1637=ORIENTED_EDGE('',*,*,#1259,.F.);
#1638=ORIENTED_EDGE('',*,*,#1244,.F.);
#1639=ORIENTED_EDGE('',*,*,#1264,.T.);
#1640=ORIENTED_EDGE('',*,*,#1252,.T.);
#1641=ORIENTED_EDGE('',*,*,#1265,.F.);
#1642=ORIENTED_EDGE('',*,*,#1247,.F.);
#1643=ORIENTED_EDGE('',*,*,#1266,.T.);
#1644=ORIENTED_EDGE('',*,*,#1253,.T.);
#1645=ORIENTED_EDGE('',*,*,#1264,.F.);
#1646=ORIENTED_EDGE('',*,*,#1246,.F.);
#1647=ORIENTED_EDGE('',*,*,#1267,.T.);
#1648=ORIENTED_EDGE('',*,*,#1254,.T.);
#1649=ORIENTED_EDGE('',*,*,#1266,.F.);
#1650=ORIENTED_EDGE('',*,*,#1245,.F.);
#1651=ORIENTED_EDGE('',*,*,#1265,.T.);
#1652=ORIENTED_EDGE('',*,*,#1251,.T.);
#1653=ORIENTED_EDGE('',*,*,#1267,.F.);
#1654=ORIENTED_EDGE('',*,*,#1256,.T.);
#1655=ORIENTED_EDGE('',*,*,#1268,.T.);
#1656=ORIENTED_EDGE('',*,*,#1269,.F.);
#1657=ORIENTED_EDGE('',*,*,#1262,.F.);
#1658=ORIENTED_EDGE('',*,*,#1255,.T.);
#1659=ORIENTED_EDGE('',*,*,#1261,.T.);
#1660=ORIENTED_EDGE('',*,*,#1270,.F.);
#1661=ORIENTED_EDGE('',*,*,#1268,.F.);
#1662=ORIENTED_EDGE('',*,*,#1271,.F.);
#1663=ORIENTED_EDGE('',*,*,#1272,.F.);
#1664=ORIENTED_EDGE('',*,*,#1273,.F.);
#1665=ORIENTED_EDGE('',*,*,#1274,.F.);
#1666=ORIENTED_EDGE('',*,*,#1275,.F.);
#1667=ORIENTED_EDGE('',*,*,#1276,.F.);
#1668=ORIENTED_EDGE('',*,*,#1277,.F.);
#1669=ORIENTED_EDGE('',*,*,#1278,.F.);
#1670=ORIENTED_EDGE('',*,*,#1279,.F.);
#1671=ORIENTED_EDGE('',*,*,#1280,.F.);
#1672=ORIENTED_EDGE('',*,*,#1281,.F.);
#1673=ORIENTED_EDGE('',*,*,#1282,.F.);
#1674=ORIENTED_EDGE('',*,*,#1283,.F.);
#1675=ORIENTED_EDGE('',*,*,#1284,.F.);
#1676=ORIENTED_EDGE('',*,*,#1285,.F.);
#1677=ORIENTED_EDGE('',*,*,#1286,.F.);
#1678=ORIENTED_EDGE('',*,*,#1287,.F.);
#1679=ORIENTED_EDGE('',*,*,#1288,.F.);
#1680=ORIENTED_EDGE('',*,*,#1289,.F.);
#1681=ORIENTED_EDGE('',*,*,#1290,.F.);
#1682=ORIENTED_EDGE('',*,*,#1291,.F.);
#1683=ORIENTED_EDGE('',*,*,#1292,.F.);
#1684=ORIENTED_EDGE('',*,*,#1293,.F.);
#1685=ORIENTED_EDGE('',*,*,#1294,.F.);
#1686=ORIENTED_EDGE('',*,*,#1204,.T.);
#1687=ORIENTED_EDGE('',*,*,#1207,.T.);
#1688=ORIENTED_EDGE('',*,*,#1197,.T.);
#1689=ORIENTED_EDGE('',*,*,#1201,.T.);
#1690=ORIENTED_EDGE('',*,*,#1263,.T.);
#1691=ORIENTED_EDGE('',*,*,#1269,.T.);
#1692=ORIENTED_EDGE('',*,*,#1270,.T.);
#1693=ORIENTED_EDGE('',*,*,#1260,.T.);
#1694=ORIENTED_EDGE('',*,*,#1295,.T.);
#1695=ORIENTED_EDGE('',*,*,#1296,.T.);
#1696=ORIENTED_EDGE('',*,*,#1297,.T.);
#1697=ORIENTED_EDGE('',*,*,#1298,.F.);
#1698=ORIENTED_EDGE('',*,*,#1299,.T.);
#1699=ORIENTED_EDGE('',*,*,#1220,.T.);
#1700=ORIENTED_EDGE('',*,*,#1300,.T.);
#1701=ORIENTED_EDGE('',*,*,#1301,.T.);
#1702=ORIENTED_EDGE('',*,*,#1302,.T.);
#1703=ORIENTED_EDGE('',*,*,#1303,.T.);
#1704=ORIENTED_EDGE('',*,*,#1304,.F.);
#1705=ORIENTED_EDGE('',*,*,#1305,.T.);
#1706=ORIENTED_EDGE('',*,*,#1306,.T.);
#1707=ORIENTED_EDGE('',*,*,#1307,.T.);
#1708=ORIENTED_EDGE('',*,*,#1308,.F.);
#1709=ORIENTED_EDGE('',*,*,#1303,.F.);
#1710=ORIENTED_EDGE('',*,*,#1309,.F.);
#1711=ORIENTED_EDGE('',*,*,#1307,.F.);
#1712=ORIENTED_EDGE('',*,*,#1310,.F.);
#1713=ORIENTED_EDGE('',*,*,#1311,.F.);
#1714=ORIENTED_EDGE('',*,*,#1238,.F.);
#1715=ORIENTED_EDGE('',*,*,#1312,.T.);
#1716=ORIENTED_EDGE('',*,*,#1313,.T.);
#1717=ORIENTED_EDGE('',*,*,#1308,.T.);
#1718=ORIENTED_EDGE('',*,*,#1309,.T.);
#1719=ORIENTED_EDGE('',*,*,#1302,.F.);
#1720=ORIENTED_EDGE('',*,*,#1314,.T.);
#1721=ORIENTED_EDGE('',*,*,#1315,.F.);
#1722=ORIENTED_EDGE('',*,*,#1241,.F.);
#1723=ORIENTED_EDGE('',*,*,#1316,.T.);
#1724=ORIENTED_EDGE('',*,*,#1317,.T.);
#1725=ORIENTED_EDGE('',*,*,#1312,.F.);
#1726=ORIENTED_EDGE('',*,*,#1240,.F.);
#1727=ORIENTED_EDGE('',*,*,#1318,.T.);
#1728=ORIENTED_EDGE('',*,*,#1319,.T.);
#1729=ORIENTED_EDGE('',*,*,#1304,.T.);
#1730=ORIENTED_EDGE('',*,*,#1310,.T.);
#1731=ORIENTED_EDGE('',*,*,#1306,.F.);
#1732=ORIENTED_EDGE('',*,*,#1320,.T.);
#1733=ORIENTED_EDGE('',*,*,#1316,.F.);
#1734=ORIENTED_EDGE('',*,*,#1305,.F.);
#1735=ORIENTED_EDGE('',*,*,#1313,.F.);
#1736=ORIENTED_EDGE('',*,*,#1317,.F.);
#1737=ORIENTED_EDGE('',*,*,#1320,.F.);
#1738=ORIENTED_EDGE('',*,*,#1239,.F.);
#1739=ORIENTED_EDGE('',*,*,#1315,.T.);
#1740=ORIENTED_EDGE('',*,*,#1321,.T.);
#1741=ORIENTED_EDGE('',*,*,#1318,.F.);
#1742=ORIENTED_EDGE('',*,*,#1321,.F.);
#1743=ORIENTED_EDGE('',*,*,#1314,.F.);
#1744=ORIENTED_EDGE('',*,*,#1301,.F.);
#1745=ORIENTED_EDGE('',*,*,#1319,.F.);
#1746=ORIENTED_EDGE('',*,*,#1311,.T.);
#1747=ORIENTED_EDGE('',*,*,#1322,.T.);
#1748=ORIENTED_EDGE('',*,*,#1297,.F.);
#1749=ORIENTED_EDGE('',*,*,#1322,.F.);
#1750=ORIENTED_EDGE('',*,*,#1230,.F.);
#1751=ORIENTED_EDGE('',*,*,#1323,.T.);
#1752=ORIENTED_EDGE('',*,*,#1324,.T.);
#1753=ORIENTED_EDGE('',*,*,#1325,.T.);
#1754=ORIENTED_EDGE('',*,*,#1325,.F.);
#1755=ORIENTED_EDGE('',*,*,#1326,.F.);
#1756=ORIENTED_EDGE('',*,*,#1327,.F.);
#1757=ORIENTED_EDGE('',*,*,#1231,.T.);
#1758=ORIENTED_EDGE('',*,*,#1232,.F.);
#1759=ORIENTED_EDGE('',*,*,#1327,.T.);
#1760=ORIENTED_EDGE('',*,*,#1328,.T.);
#1761=ORIENTED_EDGE('',*,*,#1329,.T.);
#1762=ORIENTED_EDGE('',*,*,#1250,.F.);
#1763=ORIENTED_EDGE('',*,*,#1234,.F.);
#1764=ORIENTED_EDGE('',*,*,#1330,.T.);
#1765=ORIENTED_EDGE('',*,*,#1331,.F.);
#1766=ORIENTED_EDGE('',*,*,#1249,.F.);
#1767=ORIENTED_EDGE('',*,*,#1332,.F.);
#1768=ORIENTED_EDGE('',*,*,#1333,.F.);
#1769=ORIENTED_EDGE('',*,*,#1236,.F.);
#1770=ORIENTED_EDGE('',*,*,#1237,.F.);
#1771=ORIENTED_EDGE('',*,*,#1333,.T.);
#1772=ORIENTED_EDGE('',*,*,#1334,.T.);
#1773=ORIENTED_EDGE('',*,*,#1335,.T.);
#1774=ORIENTED_EDGE('',*,*,#1210,.F.);
#1775=ORIENTED_EDGE('',*,*,#1336,.T.);
#1776=ORIENTED_EDGE('',*,*,#1337,.T.);
#1777=ORIENTED_EDGE('',*,*,#1338,.T.);
#1778=ORIENTED_EDGE('',*,*,#1216,.F.);
#1779=ORIENTED_EDGE('',*,*,#1339,.T.);
#1780=ORIENTED_EDGE('',*,*,#1340,.T.);
#1781=ORIENTED_EDGE('',*,*,#1341,.T.);
#1782=ORIENTED_EDGE('',*,*,#1341,.F.);
#1783=ORIENTED_EDGE('',*,*,#1342,.F.);
#1784=ORIENTED_EDGE('',*,*,#1343,.F.);
#1785=ORIENTED_EDGE('',*,*,#1217,.T.);
#1786=ORIENTED_EDGE('',*,*,#1218,.F.);
#1787=ORIENTED_EDGE('',*,*,#1343,.T.);
#1788=ORIENTED_EDGE('',*,*,#1344,.T.);
#1789=ORIENTED_EDGE('',*,*,#1345,.T.);
#1790=ORIENTED_EDGE('',*,*,#1299,.F.);
#1791=ORIENTED_EDGE('',*,*,#1346,.F.);
#1792=ORIENTED_EDGE('',*,*,#1347,.F.);
#1793=ORIENTED_EDGE('',*,*,#1221,.F.);
#1794=ORIENTED_EDGE('',*,*,#1223,.F.);
#1795=ORIENTED_EDGE('',*,*,#1348,.T.);
#1796=ORIENTED_EDGE('',*,*,#1349,.T.);
#1797=ORIENTED_EDGE('',*,*,#1350,.T.);
#1798=ORIENTED_EDGE('',*,*,#1351,.T.);
#1799=ORIENTED_EDGE('',*,*,#1352,.T.);
#1800=ORIENTED_EDGE('',*,*,#1353,.T.);
#1801=ORIENTED_EDGE('',*,*,#1352,.F.);
#1802=ORIENTED_EDGE('',*,*,#1354,.T.);
#1803=ORIENTED_EDGE('',*,*,#1351,.F.);
#1804=ORIENTED_EDGE('',*,*,#1296,.F.);
#1805=ORIENTED_EDGE('',*,*,#1355,.T.);
#1806=ORIENTED_EDGE('',*,*,#1353,.F.);
#1807=ORIENTED_EDGE('',*,*,#1355,.F.);
#1808=ORIENTED_EDGE('',*,*,#1356,.T.);
#1809=ORIENTED_EDGE('',*,*,#1357,.T.);
#1810=ORIENTED_EDGE('',*,*,#1358,.T.);
#1811=ORIENTED_EDGE('',*,*,#1357,.F.);
#1812=ORIENTED_EDGE('',*,*,#1359,.T.);
#1813=ORIENTED_EDGE('',*,*,#1356,.F.);
#1814=ORIENTED_EDGE('',*,*,#1295,.F.);
#1815=ORIENTED_EDGE('',*,*,#1360,.T.);
#1816=ORIENTED_EDGE('',*,*,#1358,.F.);
#1817=ORIENTED_EDGE('',*,*,#1360,.F.);
#1818=ORIENTED_EDGE('',*,*,#1354,.F.);
#1819=ORIENTED_EDGE('',*,*,#1361,.T.);
#1820=ORIENTED_EDGE('',*,*,#1243,.T.);
#1821=ORIENTED_EDGE('',*,*,#1361,.F.);
#1822=ORIENTED_EDGE('',*,*,#1359,.F.);
#1823=ORIENTED_EDGE('',*,*,#1362,.T.);
#1824=ORIENTED_EDGE('',*,*,#1242,.T.);
#1825=ORIENTED_EDGE('',*,*,#1362,.F.);
#1826=ORIENTED_EDGE('',*,*,#1363,.T.);
#1827=ORIENTED_EDGE('',*,*,#1364,.T.);
#1828=ORIENTED_EDGE('',*,*,#1365,.F.);
#1829=ORIENTED_EDGE('',*,*,#1366,.F.);
#1830=ORIENTED_EDGE('',*,*,#1367,.T.);
#1831=ORIENTED_EDGE('',*,*,#1368,.T.);
#1832=ORIENTED_EDGE('',*,*,#1369,.F.);
#1833=ORIENTED_EDGE('',*,*,#1364,.F.);
#1834=ORIENTED_EDGE('',*,*,#1370,.T.);
#1835=ORIENTED_EDGE('',*,*,#1371,.T.);
#1836=ORIENTED_EDGE('',*,*,#1372,.F.);
#1837=ORIENTED_EDGE('',*,*,#1368,.F.);
#1838=ORIENTED_EDGE('',*,*,#1373,.F.);
#1839=ORIENTED_EDGE('',*,*,#1374,.T.);
#1840=ORIENTED_EDGE('',*,*,#1375,.F.);
#1841=ORIENTED_EDGE('',*,*,#1371,.F.);
#1842=ORIENTED_EDGE('',*,*,#1376,.T.);
#1843=ORIENTED_EDGE('',*,*,#1377,.T.);
#1844=ORIENTED_EDGE('',*,*,#1378,.F.);
#1845=ORIENTED_EDGE('',*,*,#1374,.F.);
#1846=ORIENTED_EDGE('',*,*,#1379,.T.);
#1847=ORIENTED_EDGE('',*,*,#1380,.T.);
#1848=ORIENTED_EDGE('',*,*,#1381,.F.);
#1849=ORIENTED_EDGE('',*,*,#1377,.F.);
#1850=ORIENTED_EDGE('',*,*,#1382,.T.);
#1851=ORIENTED_EDGE('',*,*,#1383,.T.);
#1852=ORIENTED_EDGE('',*,*,#1384,.F.);
#1853=ORIENTED_EDGE('',*,*,#1380,.F.);
#1854=ORIENTED_EDGE('',*,*,#1385,.T.);
#1855=ORIENTED_EDGE('',*,*,#1386,.T.);
#1856=ORIENTED_EDGE('',*,*,#1387,.F.);
#1857=ORIENTED_EDGE('',*,*,#1383,.F.);
#1858=ORIENTED_EDGE('',*,*,#1388,.T.);
#1859=ORIENTED_EDGE('',*,*,#1389,.T.);
#1860=ORIENTED_EDGE('',*,*,#1390,.F.);
#1861=ORIENTED_EDGE('',*,*,#1386,.F.);
#1862=ORIENTED_EDGE('',*,*,#1391,.T.);
#1863=ORIENTED_EDGE('',*,*,#1392,.T.);
#1864=ORIENTED_EDGE('',*,*,#1393,.F.);
#1865=ORIENTED_EDGE('',*,*,#1389,.F.);
#1866=ORIENTED_EDGE('',*,*,#1394,.T.);
#1867=ORIENTED_EDGE('',*,*,#1395,.T.);
#1868=ORIENTED_EDGE('',*,*,#1396,.F.);
#1869=ORIENTED_EDGE('',*,*,#1392,.F.);
#1870=ORIENTED_EDGE('',*,*,#1397,.F.);
#1871=ORIENTED_EDGE('',*,*,#1398,.T.);
#1872=ORIENTED_EDGE('',*,*,#1399,.F.);
#1873=ORIENTED_EDGE('',*,*,#1395,.F.);
#1874=ORIENTED_EDGE('',*,*,#1400,.T.);
#1875=ORIENTED_EDGE('',*,*,#1401,.T.);
#1876=ORIENTED_EDGE('',*,*,#1402,.F.);
#1877=ORIENTED_EDGE('',*,*,#1398,.F.);
#1878=ORIENTED_EDGE('',*,*,#1403,.T.);
#1879=ORIENTED_EDGE('',*,*,#1404,.T.);
#1880=ORIENTED_EDGE('',*,*,#1405,.F.);
#1881=ORIENTED_EDGE('',*,*,#1401,.F.);
#1882=ORIENTED_EDGE('',*,*,#1406,.T.);
#1883=ORIENTED_EDGE('',*,*,#1407,.T.);
#1884=ORIENTED_EDGE('',*,*,#1408,.F.);
#1885=ORIENTED_EDGE('',*,*,#1404,.F.);
#1886=ORIENTED_EDGE('',*,*,#1409,.F.);
#1887=ORIENTED_EDGE('',*,*,#1410,.T.);
#1888=ORIENTED_EDGE('',*,*,#1411,.F.);
#1889=ORIENTED_EDGE('',*,*,#1407,.F.);
#1890=ORIENTED_EDGE('',*,*,#1412,.T.);
#1891=ORIENTED_EDGE('',*,*,#1413,.T.);
#1892=ORIENTED_EDGE('',*,*,#1414,.F.);
#1893=ORIENTED_EDGE('',*,*,#1410,.F.);
#1894=ORIENTED_EDGE('',*,*,#1415,.F.);
#1895=ORIENTED_EDGE('',*,*,#1416,.T.);
#1896=ORIENTED_EDGE('',*,*,#1417,.F.);
#1897=ORIENTED_EDGE('',*,*,#1413,.F.);
#1898=ORIENTED_EDGE('',*,*,#1418,.T.);
#1899=ORIENTED_EDGE('',*,*,#1419,.T.);
#1900=ORIENTED_EDGE('',*,*,#1420,.F.);
#1901=ORIENTED_EDGE('',*,*,#1416,.F.);
#1902=ORIENTED_EDGE('',*,*,#1421,.T.);
#1903=ORIENTED_EDGE('',*,*,#1422,.T.);
#1904=ORIENTED_EDGE('',*,*,#1423,.F.);
#1905=ORIENTED_EDGE('',*,*,#1419,.F.);
#1906=ORIENTED_EDGE('',*,*,#1424,.T.);
#1907=ORIENTED_EDGE('',*,*,#1425,.T.);
#1908=ORIENTED_EDGE('',*,*,#1426,.F.);
#1909=ORIENTED_EDGE('',*,*,#1422,.F.);
#1910=ORIENTED_EDGE('',*,*,#1427,.T.);
#1911=ORIENTED_EDGE('',*,*,#1428,.T.);
#1912=ORIENTED_EDGE('',*,*,#1429,.F.);
#1913=ORIENTED_EDGE('',*,*,#1425,.F.);
#1914=ORIENTED_EDGE('',*,*,#1430,.T.);
#1915=ORIENTED_EDGE('',*,*,#1431,.T.);
#1916=ORIENTED_EDGE('',*,*,#1432,.F.);
#1917=ORIENTED_EDGE('',*,*,#1428,.F.);
#1918=ORIENTED_EDGE('',*,*,#1433,.T.);
#1919=ORIENTED_EDGE('',*,*,#1434,.T.);
#1920=ORIENTED_EDGE('',*,*,#1435,.F.);
#1921=ORIENTED_EDGE('',*,*,#1431,.F.);
#1922=ORIENTED_EDGE('',*,*,#1436,.T.);
#1923=ORIENTED_EDGE('',*,*,#1437,.T.);
#1924=ORIENTED_EDGE('',*,*,#1438,.F.);
#1925=ORIENTED_EDGE('',*,*,#1434,.F.);
#1926=ORIENTED_EDGE('',*,*,#1439,.F.);
#1927=ORIENTED_EDGE('',*,*,#1440,.T.);
#1928=ORIENTED_EDGE('',*,*,#1441,.F.);
#1929=ORIENTED_EDGE('',*,*,#1437,.F.);
#1930=ORIENTED_EDGE('',*,*,#1442,.T.);
#1931=ORIENTED_EDGE('',*,*,#1443,.T.);
#1932=ORIENTED_EDGE('',*,*,#1444,.F.);
#1933=ORIENTED_EDGE('',*,*,#1440,.F.);
#1934=ORIENTED_EDGE('',*,*,#1445,.T.);
#1935=ORIENTED_EDGE('',*,*,#1366,.T.);
#1936=ORIENTED_EDGE('',*,*,#1446,.F.);
#1937=ORIENTED_EDGE('',*,*,#1443,.F.);
#1938=ORIENTED_EDGE('',*,*,#1348,.F.);
#1939=ORIENTED_EDGE('',*,*,#1222,.F.);
#1940=ORIENTED_EDGE('',*,*,#1347,.T.);
#1941=ORIENTED_EDGE('',*,*,#1447,.F.);
#1942=ORIENTED_EDGE('',*,*,#1345,.F.);
#1943=ORIENTED_EDGE('',*,*,#1448,.F.);
#1944=ORIENTED_EDGE('',*,*,#1300,.F.);
#1945=ORIENTED_EDGE('',*,*,#1219,.F.);
#1946=ORIENTED_EDGE('',*,*,#1339,.F.);
#1947=ORIENTED_EDGE('',*,*,#1215,.F.);
#1948=ORIENTED_EDGE('',*,*,#1449,.T.);
#1949=ORIENTED_EDGE('',*,*,#1450,.F.);
#1950=ORIENTED_EDGE('',*,*,#1214,.F.);
#1951=ORIENTED_EDGE('',*,*,#1451,.T.);
#1952=ORIENTED_EDGE('',*,*,#1452,.F.);
#1953=ORIENTED_EDGE('',*,*,#1449,.F.);
#1954=ORIENTED_EDGE('',*,*,#1213,.F.);
#1955=ORIENTED_EDGE('',*,*,#1453,.T.);
#1956=ORIENTED_EDGE('',*,*,#1454,.F.);
#1957=ORIENTED_EDGE('',*,*,#1451,.F.);
#1958=ORIENTED_EDGE('',*,*,#1212,.F.);
#1959=ORIENTED_EDGE('',*,*,#1455,.T.);
#1960=ORIENTED_EDGE('',*,*,#1456,.F.);
#1961=ORIENTED_EDGE('',*,*,#1453,.F.);
#1962=ORIENTED_EDGE('',*,*,#1338,.F.);
#1963=ORIENTED_EDGE('',*,*,#1457,.F.);
#1964=ORIENTED_EDGE('',*,*,#1455,.F.);
#1965=ORIENTED_EDGE('',*,*,#1211,.F.);
#1966=ORIENTED_EDGE('',*,*,#1329,.F.);
#1967=ORIENTED_EDGE('',*,*,#1458,.F.);
#1968=ORIENTED_EDGE('',*,*,#1330,.F.);
#1969=ORIENTED_EDGE('',*,*,#1233,.F.);
#1970=ORIENTED_EDGE('',*,*,#1323,.F.);
#1971=ORIENTED_EDGE('',*,*,#1229,.F.);
#1972=ORIENTED_EDGE('',*,*,#1459,.T.);
#1973=ORIENTED_EDGE('',*,*,#1460,.F.);
#1974=ORIENTED_EDGE('',*,*,#1228,.F.);
#1975=ORIENTED_EDGE('',*,*,#1461,.T.);
#1976=ORIENTED_EDGE('',*,*,#1462,.F.);
#1977=ORIENTED_EDGE('',*,*,#1459,.F.);
#1978=ORIENTED_EDGE('',*,*,#1227,.F.);
#1979=ORIENTED_EDGE('',*,*,#1463,.T.);
#1980=ORIENTED_EDGE('',*,*,#1464,.F.);
#1981=ORIENTED_EDGE('',*,*,#1461,.F.);
#1982=ORIENTED_EDGE('',*,*,#1226,.F.);
#1983=ORIENTED_EDGE('',*,*,#1465,.T.);
#1984=ORIENTED_EDGE('',*,*,#1466,.F.);
#1985=ORIENTED_EDGE('',*,*,#1463,.F.);
#1986=ORIENTED_EDGE('',*,*,#1225,.F.);
#1987=ORIENTED_EDGE('',*,*,#1467,.T.);
#1988=ORIENTED_EDGE('',*,*,#1468,.F.);
#1989=ORIENTED_EDGE('',*,*,#1465,.F.);
#1990=ORIENTED_EDGE('',*,*,#1469,.F.);
#1991=ORIENTED_EDGE('',*,*,#1470,.F.);
#1992=ORIENTED_EDGE('',*,*,#1471,.T.);
#1993=ORIENTED_EDGE('',*,*,#1472,.T.);
#1994=ORIENTED_EDGE('',*,*,#1473,.F.);
#1995=ORIENTED_EDGE('',*,*,#1472,.F.);
#1996=ORIENTED_EDGE('',*,*,#1474,.T.);
#1997=ORIENTED_EDGE('',*,*,#1475,.T.);
#1998=ORIENTED_EDGE('',*,*,#1476,.F.);
#1999=ORIENTED_EDGE('',*,*,#1475,.F.);
#2000=ORIENTED_EDGE('',*,*,#1477,.T.);
#2001=ORIENTED_EDGE('',*,*,#1478,.T.);
#2002=ORIENTED_EDGE('',*,*,#1479,.F.);
#2003=ORIENTED_EDGE('',*,*,#1478,.F.);
#2004=ORIENTED_EDGE('',*,*,#1480,.T.);
#2005=ORIENTED_EDGE('',*,*,#1481,.T.);
#2006=ORIENTED_EDGE('',*,*,#1482,.F.);
#2007=ORIENTED_EDGE('',*,*,#1481,.F.);
#2008=ORIENTED_EDGE('',*,*,#1483,.T.);
#2009=ORIENTED_EDGE('',*,*,#1484,.T.);
#2010=ORIENTED_EDGE('',*,*,#1485,.F.);
#2011=ORIENTED_EDGE('',*,*,#1484,.F.);
#2012=ORIENTED_EDGE('',*,*,#1486,.T.);
#2013=ORIENTED_EDGE('',*,*,#1487,.T.);
#2014=ORIENTED_EDGE('',*,*,#1488,.F.);
#2015=ORIENTED_EDGE('',*,*,#1487,.F.);
#2016=ORIENTED_EDGE('',*,*,#1489,.T.);
#2017=ORIENTED_EDGE('',*,*,#1490,.T.);
#2018=ORIENTED_EDGE('',*,*,#1491,.F.);
#2019=ORIENTED_EDGE('',*,*,#1490,.F.);
#2020=ORIENTED_EDGE('',*,*,#1492,.T.);
#2021=ORIENTED_EDGE('',*,*,#1493,.T.);
#2022=ORIENTED_EDGE('',*,*,#1494,.F.);
#2023=ORIENTED_EDGE('',*,*,#1493,.F.);
#2024=ORIENTED_EDGE('',*,*,#1495,.T.);
#2025=ORIENTED_EDGE('',*,*,#1496,.T.);
#2026=ORIENTED_EDGE('',*,*,#1497,.F.);
#2027=ORIENTED_EDGE('',*,*,#1496,.F.);
#2028=ORIENTED_EDGE('',*,*,#1498,.T.);
#2029=ORIENTED_EDGE('',*,*,#1499,.T.);
#2030=ORIENTED_EDGE('',*,*,#1500,.F.);
#2031=ORIENTED_EDGE('',*,*,#1499,.F.);
#2032=ORIENTED_EDGE('',*,*,#1501,.T.);
#2033=ORIENTED_EDGE('',*,*,#1502,.T.);
#2034=ORIENTED_EDGE('',*,*,#1503,.F.);
#2035=ORIENTED_EDGE('',*,*,#1502,.F.);
#2036=ORIENTED_EDGE('',*,*,#1504,.T.);
#2037=ORIENTED_EDGE('',*,*,#1505,.T.);
#2038=ORIENTED_EDGE('',*,*,#1506,.F.);
#2039=ORIENTED_EDGE('',*,*,#1505,.F.);
#2040=ORIENTED_EDGE('',*,*,#1507,.T.);
#2041=ORIENTED_EDGE('',*,*,#1508,.T.);
#2042=ORIENTED_EDGE('',*,*,#1509,.F.);
#2043=ORIENTED_EDGE('',*,*,#1508,.F.);
#2044=ORIENTED_EDGE('',*,*,#1510,.T.);
#2045=ORIENTED_EDGE('',*,*,#1511,.T.);
#2046=ORIENTED_EDGE('',*,*,#1512,.F.);
#2047=ORIENTED_EDGE('',*,*,#1511,.F.);
#2048=ORIENTED_EDGE('',*,*,#1513,.T.);
#2049=ORIENTED_EDGE('',*,*,#1514,.T.);
#2050=ORIENTED_EDGE('',*,*,#1515,.F.);
#2051=ORIENTED_EDGE('',*,*,#1514,.F.);
#2052=ORIENTED_EDGE('',*,*,#1516,.T.);
#2053=ORIENTED_EDGE('',*,*,#1470,.T.);
#2054=ORIENTED_EDGE('',*,*,#1517,.F.);
#2055=ORIENTED_EDGE('',*,*,#1476,.T.);
#2056=ORIENTED_EDGE('',*,*,#1518,.F.);
#2057=ORIENTED_EDGE('',*,*,#1285,.T.);
#2058=ORIENTED_EDGE('',*,*,#1280,.T.);
#2059=ORIENTED_EDGE('',*,*,#1519,.F.);
#2060=ORIENTED_EDGE('',*,*,#1512,.T.);
#2061=ORIENTED_EDGE('',*,*,#1520,.F.);
#2062=ORIENTED_EDGE('',*,*,#1482,.T.);
#2063=ORIENTED_EDGE('',*,*,#1521,.F.);
#2064=ORIENTED_EDGE('',*,*,#1290,.T.);
#2065=ORIENTED_EDGE('',*,*,#1522,.T.);
#2066=ORIENTED_EDGE('',*,*,#1519,.T.);
#2067=ORIENTED_EDGE('',*,*,#1279,.T.);
#2068=ORIENTED_EDGE('',*,*,#1523,.F.);
#2069=ORIENTED_EDGE('',*,*,#1509,.T.);
#2070=ORIENTED_EDGE('',*,*,#1485,.T.);
#2071=ORIENTED_EDGE('',*,*,#1524,.F.);
#2072=ORIENTED_EDGE('',*,*,#1291,.T.);
#2073=ORIENTED_EDGE('',*,*,#1521,.T.);
#2074=ORIENTED_EDGE('',*,*,#1488,.T.);
#2075=ORIENTED_EDGE('',*,*,#1525,.F.);
#2076=ORIENTED_EDGE('',*,*,#1292,.T.);
#2077=ORIENTED_EDGE('',*,*,#1524,.T.);
#2078=ORIENTED_EDGE('',*,*,#1494,.T.);
#2079=ORIENTED_EDGE('',*,*,#1526,.T.);
#2080=ORIENTED_EDGE('',*,*,#1273,.T.);
#2081=ORIENTED_EDGE('',*,*,#1527,.T.);
#2082=ORIENTED_EDGE('',*,*,#1528,.F.);
#2083=ORIENTED_EDGE('',*,*,#1529,.T.);
#2084=ORIENTED_EDGE('',*,*,#1503,.T.);
#2085=ORIENTED_EDGE('',*,*,#1530,.F.);
#2086=ORIENTED_EDGE('',*,*,#1277,.T.);
#2087=ORIENTED_EDGE('',*,*,#1531,.F.);
#2088=ORIENTED_EDGE('',*,*,#1523,.T.);
#2089=ORIENTED_EDGE('',*,*,#1278,.T.);
#2090=ORIENTED_EDGE('',*,*,#1530,.T.);
#2091=ORIENTED_EDGE('',*,*,#1506,.T.);
#2092=ORIENTED_EDGE('',*,*,#1532,.F.);
#2093=ORIENTED_EDGE('',*,*,#1281,.T.);
#2094=ORIENTED_EDGE('',*,*,#1520,.T.);
#2095=ORIENTED_EDGE('',*,*,#1515,.T.);
#2096=ORIENTED_EDGE('',*,*,#1533,.F.);
#2097=ORIENTED_EDGE('',*,*,#1534,.F.);
#2098=ORIENTED_EDGE('',*,*,#1535,.F.);
#2099=ORIENTED_EDGE('',*,*,#1536,.T.);
#2100=ORIENTED_EDGE('',*,*,#1537,.T.);
#2101=ORIENTED_EDGE('',*,*,#1536,.F.);
#2102=ORIENTED_EDGE('',*,*,#1538,.F.);
#2103=ORIENTED_EDGE('',*,*,#1286,.T.);
#2104=ORIENTED_EDGE('',*,*,#1518,.T.);
#2105=ORIENTED_EDGE('',*,*,#1479,.T.);
#2106=ORIENTED_EDGE('',*,*,#1522,.F.);
#2107=ORIENTED_EDGE('',*,*,#1289,.T.);
#2108=ORIENTED_EDGE('',*,*,#1538,.T.);
#2109=ORIENTED_EDGE('',*,*,#1288,.T.);
#2110=ORIENTED_EDGE('',*,*,#1539,.T.);
#2111=ORIENTED_EDGE('',*,*,#1535,.T.);
#2112=ORIENTED_EDGE('',*,*,#1539,.F.);
#2113=ORIENTED_EDGE('',*,*,#1287,.T.);
#2114=ORIENTED_EDGE('',*,*,#1284,.T.);
#2115=ORIENTED_EDGE('',*,*,#1540,.T.);
#2116=ORIENTED_EDGE('',*,*,#1473,.T.);
#2117=ORIENTED_EDGE('',*,*,#1517,.T.);
#2118=ORIENTED_EDGE('',*,*,#1541,.F.);
#2119=ORIENTED_EDGE('',*,*,#1542,.T.);
#2120=ORIENTED_EDGE('',*,*,#1543,.T.);
#2121=ORIENTED_EDGE('',*,*,#1542,.F.);
#2122=ORIENTED_EDGE('',*,*,#1544,.F.);
#2123=ORIENTED_EDGE('',*,*,#1533,.T.);
#2124=ORIENTED_EDGE('',*,*,#1469,.T.);
#2125=ORIENTED_EDGE('',*,*,#1540,.F.);
#2126=ORIENTED_EDGE('',*,*,#1283,.T.);
#2127=ORIENTED_EDGE('',*,*,#1544,.T.);
#2128=ORIENTED_EDGE('',*,*,#1282,.T.);
#2129=ORIENTED_EDGE('',*,*,#1532,.T.);
#2130=ORIENTED_EDGE('',*,*,#1545,.T.);
#2131=ORIENTED_EDGE('',*,*,#1541,.T.);
#2132=ORIENTED_EDGE('',*,*,#1545,.F.);
#2133=ORIENTED_EDGE('',*,*,#1534,.T.);
#2134=ORIENTED_EDGE('',*,*,#1546,.F.);
#2135=ORIENTED_EDGE('',*,*,#1547,.T.);
#2136=ORIENTED_EDGE('',*,*,#1548,.T.);
#2137=ORIENTED_EDGE('',*,*,#1547,.F.);
#2138=ORIENTED_EDGE('',*,*,#1549,.F.);
#2139=ORIENTED_EDGE('',*,*,#1275,.T.);
#2140=ORIENTED_EDGE('',*,*,#1550,.T.);
#2141=ORIENTED_EDGE('',*,*,#1500,.T.);
#2142=ORIENTED_EDGE('',*,*,#1529,.F.);
#2143=ORIENTED_EDGE('',*,*,#1528,.T.);
#2144=ORIENTED_EDGE('',*,*,#1551,.T.);
#2145=ORIENTED_EDGE('',*,*,#1546,.T.);
#2146=ORIENTED_EDGE('',*,*,#1551,.F.);
#2147=ORIENTED_EDGE('',*,*,#1531,.T.);
#2148=ORIENTED_EDGE('',*,*,#1276,.T.);
#2149=ORIENTED_EDGE('',*,*,#1549,.T.);
#2150=ORIENTED_EDGE('',*,*,#1274,.T.);
#2151=ORIENTED_EDGE('',*,*,#1526,.F.);
#2152=ORIENTED_EDGE('',*,*,#1497,.T.);
#2153=ORIENTED_EDGE('',*,*,#1550,.F.);
#2154=ORIENTED_EDGE('',*,*,#1552,.F.);
#2155=ORIENTED_EDGE('',*,*,#1553,.T.);
#2156=ORIENTED_EDGE('',*,*,#1554,.T.);
#2157=ORIENTED_EDGE('',*,*,#1553,.F.);
#2158=ORIENTED_EDGE('',*,*,#1555,.F.);
#2159=ORIENTED_EDGE('',*,*,#1293,.T.);
#2160=ORIENTED_EDGE('',*,*,#1525,.T.);
#2161=ORIENTED_EDGE('',*,*,#1491,.T.);
#2162=ORIENTED_EDGE('',*,*,#1527,.F.);
#2163=ORIENTED_EDGE('',*,*,#1272,.T.);
#2164=ORIENTED_EDGE('',*,*,#1555,.T.);
#2165=ORIENTED_EDGE('',*,*,#1271,.T.);
#2166=ORIENTED_EDGE('',*,*,#1556,.T.);
#2167=ORIENTED_EDGE('',*,*,#1552,.T.);
#2168=ORIENTED_EDGE('',*,*,#1556,.F.);
#2169=ORIENTED_EDGE('',*,*,#1294,.T.);
#2170=ORIENTED_EDGE('',*,*,#1504,.F.);
#2171=ORIENTED_EDGE('',*,*,#1501,.F.);
#2172=ORIENTED_EDGE('',*,*,#1498,.F.);
#2173=ORIENTED_EDGE('',*,*,#1495,.F.);
#2174=ORIENTED_EDGE('',*,*,#1492,.F.);
#2175=ORIENTED_EDGE('',*,*,#1489,.F.);
#2176=ORIENTED_EDGE('',*,*,#1486,.F.);
#2177=ORIENTED_EDGE('',*,*,#1483,.F.);
#2178=ORIENTED_EDGE('',*,*,#1480,.F.);
#2179=ORIENTED_EDGE('',*,*,#1477,.F.);
#2180=ORIENTED_EDGE('',*,*,#1474,.F.);
#2181=ORIENTED_EDGE('',*,*,#1471,.F.);
#2182=ORIENTED_EDGE('',*,*,#1516,.F.);
#2183=ORIENTED_EDGE('',*,*,#1513,.F.);
#2184=ORIENTED_EDGE('',*,*,#1510,.F.);
#2185=ORIENTED_EDGE('',*,*,#1507,.F.);
#2186=ORIENTED_EDGE('',*,*,#1409,.T.);
#2187=ORIENTED_EDGE('',*,*,#1406,.F.);
#2188=ORIENTED_EDGE('',*,*,#1403,.F.);
#2189=ORIENTED_EDGE('',*,*,#1400,.F.);
#2190=ORIENTED_EDGE('',*,*,#1397,.T.);
#2191=ORIENTED_EDGE('',*,*,#1394,.F.);
#2192=ORIENTED_EDGE('',*,*,#1391,.F.);
#2193=ORIENTED_EDGE('',*,*,#1388,.F.);
#2194=ORIENTED_EDGE('',*,*,#1385,.F.);
#2195=ORIENTED_EDGE('',*,*,#1382,.F.);
#2196=ORIENTED_EDGE('',*,*,#1379,.F.);
#2197=ORIENTED_EDGE('',*,*,#1376,.F.);
#2198=ORIENTED_EDGE('',*,*,#1373,.T.);
#2199=ORIENTED_EDGE('',*,*,#1370,.F.);
#2200=ORIENTED_EDGE('',*,*,#1367,.F.);
#2201=ORIENTED_EDGE('',*,*,#1363,.F.);
#2202=ORIENTED_EDGE('',*,*,#1445,.F.);
#2203=ORIENTED_EDGE('',*,*,#1442,.F.);
#2204=ORIENTED_EDGE('',*,*,#1439,.T.);
#2205=ORIENTED_EDGE('',*,*,#1436,.F.);
#2206=ORIENTED_EDGE('',*,*,#1433,.F.);
#2207=ORIENTED_EDGE('',*,*,#1430,.F.);
#2208=ORIENTED_EDGE('',*,*,#1427,.F.);
#2209=ORIENTED_EDGE('',*,*,#1424,.F.);
#2210=ORIENTED_EDGE('',*,*,#1421,.F.);
#2211=ORIENTED_EDGE('',*,*,#1418,.F.);
#2212=ORIENTED_EDGE('',*,*,#1415,.T.);
#2213=ORIENTED_EDGE('',*,*,#1412,.F.);
#2214=ORIENTED_EDGE('',*,*,#1537,.F.);
#2215=ORIENTED_EDGE('',*,*,#1554,.F.);
#2216=ORIENTED_EDGE('',*,*,#1548,.F.);
#2217=ORIENTED_EDGE('',*,*,#1543,.F.);
#2218=ORIENTED_EDGE('',*,*,#1209,.F.);
#2219=ORIENTED_EDGE('',*,*,#1335,.F.);
#2220=ORIENTED_EDGE('',*,*,#1557,.F.);
#2221=ORIENTED_EDGE('',*,*,#1336,.F.);
#2222=ORIENTED_EDGE('',*,*,#1224,.T.);
#2223=ORIENTED_EDGE('',*,*,#1350,.F.);
#2224=ORIENTED_EDGE('',*,*,#1558,.F.);
#2225=ORIENTED_EDGE('',*,*,#1467,.F.);
#2226=ORIENTED_EDGE('',*,*,#1411,.T.);
#2227=ORIENTED_EDGE('',*,*,#1414,.T.);
#2228=ORIENTED_EDGE('',*,*,#1417,.T.);
#2229=ORIENTED_EDGE('',*,*,#1420,.T.);
#2230=ORIENTED_EDGE('',*,*,#1423,.T.);
#2231=ORIENTED_EDGE('',*,*,#1426,.T.);
#2232=ORIENTED_EDGE('',*,*,#1429,.T.);
#2233=ORIENTED_EDGE('',*,*,#1432,.T.);
#2234=ORIENTED_EDGE('',*,*,#1435,.T.);
#2235=ORIENTED_EDGE('',*,*,#1438,.T.);
#2236=ORIENTED_EDGE('',*,*,#1441,.T.);
#2237=ORIENTED_EDGE('',*,*,#1444,.T.);
#2238=ORIENTED_EDGE('',*,*,#1446,.T.);
#2239=ORIENTED_EDGE('',*,*,#1365,.T.);
#2240=ORIENTED_EDGE('',*,*,#1369,.T.);
#2241=ORIENTED_EDGE('',*,*,#1372,.T.);
#2242=ORIENTED_EDGE('',*,*,#1375,.T.);
#2243=ORIENTED_EDGE('',*,*,#1378,.T.);
#2244=ORIENTED_EDGE('',*,*,#1381,.T.);
#2245=ORIENTED_EDGE('',*,*,#1384,.T.);
#2246=ORIENTED_EDGE('',*,*,#1387,.T.);
#2247=ORIENTED_EDGE('',*,*,#1390,.T.);
#2248=ORIENTED_EDGE('',*,*,#1393,.T.);
#2249=ORIENTED_EDGE('',*,*,#1396,.T.);
#2250=ORIENTED_EDGE('',*,*,#1399,.T.);
#2251=ORIENTED_EDGE('',*,*,#1402,.T.);
#2252=ORIENTED_EDGE('',*,*,#1405,.T.);
#2253=ORIENTED_EDGE('',*,*,#1408,.T.);
#2254=ORIENTED_EDGE('',*,*,#1248,.T.);
#2255=ORIENTED_EDGE('',*,*,#1331,.T.);
#2256=ORIENTED_EDGE('',*,*,#1458,.T.);
#2257=ORIENTED_EDGE('',*,*,#1328,.F.);
#2258=ORIENTED_EDGE('',*,*,#1326,.T.);
#2259=ORIENTED_EDGE('',*,*,#1324,.F.);
#2260=ORIENTED_EDGE('',*,*,#1460,.T.);
#2261=ORIENTED_EDGE('',*,*,#1462,.T.);
#2262=ORIENTED_EDGE('',*,*,#1464,.T.);
#2263=ORIENTED_EDGE('',*,*,#1466,.T.);
#2264=ORIENTED_EDGE('',*,*,#1468,.T.);
#2265=ORIENTED_EDGE('',*,*,#1558,.T.);
#2266=ORIENTED_EDGE('',*,*,#1349,.F.);
#2267=ORIENTED_EDGE('',*,*,#1447,.T.);
#2268=ORIENTED_EDGE('',*,*,#1346,.T.);
#2269=ORIENTED_EDGE('',*,*,#1298,.T.);
#2270=ORIENTED_EDGE('',*,*,#1448,.T.);
#2271=ORIENTED_EDGE('',*,*,#1344,.F.);
#2272=ORIENTED_EDGE('',*,*,#1342,.T.);
#2273=ORIENTED_EDGE('',*,*,#1340,.F.);
#2274=ORIENTED_EDGE('',*,*,#1450,.T.);
#2275=ORIENTED_EDGE('',*,*,#1452,.T.);
#2276=ORIENTED_EDGE('',*,*,#1454,.T.);
#2277=ORIENTED_EDGE('',*,*,#1456,.T.);
#2278=ORIENTED_EDGE('',*,*,#1457,.T.);
#2279=ORIENTED_EDGE('',*,*,#1337,.F.);
#2280=ORIENTED_EDGE('',*,*,#1557,.T.);
#2281=ORIENTED_EDGE('',*,*,#1334,.F.);
#2282=ORIENTED_EDGE('',*,*,#1332,.T.);
#2283=PLANE('',#2483);
#2284=PLANE('',#2484);
#2285=PLANE('',#2485);
#2286=PLANE('',#2486);
#2287=PLANE('',#2487);
#2288=PLANE('',#2501);
#2289=PLANE('',#2502);
#2290=PLANE('',#2509);
#2291=PLANE('',#2510);
#2292=PLANE('',#2512);
#2293=PLANE('',#2516);
#2294=PLANE('',#2517);
#2295=PLANE('',#2527);
#2296=PLANE('',#2528);
#2297=PLANE('',#2529);
#2298=PLANE('',#2530);
#2299=PLANE('',#2532);
#2300=PLANE('',#2533);
#2301=PLANE('',#2534);
#2302=PLANE('',#2535);
#2303=PLANE('',#2536);
#2304=PLANE('',#2537);
#2305=PLANE('',#2543);
#2306=PLANE('',#2544);
#2307=PLANE('',#2555);
#2308=PLANE('',#2559);
#2309=PLANE('',#2565);
#2310=PLANE('',#2572);
#2311=PLANE('',#2579);
#2312=PLANE('',#2580);
#2313=PLANE('',#2581);
#2314=PLANE('',#2588);
#2315=PLANE('',#2589);
#2316=PLANE('',#2599);
#2317=PLANE('',#2600);
#2318=PLANE('',#2601);
#2319=PLANE('',#2611);
#2320=PLANE('',#2612);
#2321=PLANE('',#2613);
#2322=PLANE('',#2614);
#2323=PLANE('',#2615);
#2324=PLANE('',#2616);
#2325=PLANE('',#2617);
#2326=PLANE('',#2618);
#2327=PLANE('',#2619);
#2328=PLANE('',#2620);
#2329=PLANE('',#2621);
#2330=PLANE('',#2622);
#2331=PLANE('',#2623);
#2332=PLANE('',#2624);
#2333=PLANE('',#2625);
#2334=PLANE('',#2626);
#2335=PLANE('',#2651);
#2336=PLANE('',#2656);
#2337=ADVANCED_FACE('',(#271),#2283,.F.);
#2338=ADVANCED_FACE('',(#272),#2284,.F.);
#2339=ADVANCED_FACE('',(#273),#2285,.F.);
#2340=ADVANCED_FACE('',(#274),#2286,.F.);
#2341=ADVANCED_FACE('',(#275,#93,#94,#95,#96,#97),#2287,.T.);
#2342=ADVANCED_FACE('',(#276),#2288,.F.);
#2343=ADVANCED_FACE('',(#277,#98),#2289,.T.);
#2344=ADVANCED_FACE('',(#278),#55,.F.);
#2345=ADVANCED_FACE('',(#279),#2290,.F.);
#2346=ADVANCED_FACE('',(#280),#2291,.F.);
#2347=ADVANCED_FACE('',(#281),#56,.F.);
#2348=ADVANCED_FACE('',(#282),#2292,.F.);
#2349=ADVANCED_FACE('',(#283),#57,.F.);
#2350=ADVANCED_FACE('',(#284),#58,.F.);
#2351=ADVANCED_FACE('',(#285),#2293,.F.);
#2352=ADVANCED_FACE('',(#286,#99,#100,#101,#102,#103),#2294,.F.);
#2353=ADVANCED_FACE('',(#287),#2295,.F.);
#2354=ADVANCED_FACE('',(#288),#2296,.F.);
#2355=ADVANCED_FACE('',(#289),#2297,.F.);
#2356=ADVANCED_FACE('',(#290,#104),#2298,.T.);
#2357=ADVANCED_FACE('',(#291),#2299,.F.);
#2358=ADVANCED_FACE('',(#292),#2300,.F.);
#2359=ADVANCED_FACE('',(#293),#2301,.F.);
#2360=ADVANCED_FACE('',(#294),#2302,.F.);
#2361=ADVANCED_FACE('',(#295),#2303,.F.);
#2362=ADVANCED_FACE('',(#296),#2304,.F.);
#2363=ADVANCED_FACE('',(#297),#59,.F.);
#2364=ADVANCED_FACE('',(#298),#60,.F.);
#2365=ADVANCED_FACE('',(#299),#61,.T.);
#2366=ADVANCED_FACE('',(#300),#23,.T.);
#2367=ADVANCED_FACE('',(#301),#2305,.T.);
#2368=ADVANCED_FACE('',(#302),#2306,.T.);
#2369=ADVANCED_FACE('',(#303),#62,.F.);
#2370=ADVANCED_FACE('',(#304),#63,.F.);
#2371=ADVANCED_FACE('',(#305),#64,.F.);
#2372=ADVANCED_FACE('',(#306),#65,.T.);
#2373=ADVANCED_FACE('',(#307),#66,.F.);
#2374=ADVANCED_FACE('',(#308),#2307,.T.);
#2375=ADVANCED_FACE('',(#309),#24,.T.);
#2376=ADVANCED_FACE('',(#310),#17,.F.);
#2377=ADVANCED_FACE('',(#311,#105),#2308,.T.);
#2378=ADVANCED_FACE('',(#312),#67,.F.);
#2379=ADVANCED_FACE('',(#313),#18,.F.);
#2380=ADVANCED_FACE('',(#314,#106),#2309,.T.);
#2381=ADVANCED_FACE('',(#315),#68,.F.);
#2382=ADVANCED_FACE('',(#316),#15,.F.);
#2383=ADVANCED_FACE('',(#317),#16,.F.);
#2384=ADVANCED_FACE('',(#318),#2310,.T.);
#2385=ADVANCED_FACE('',(#319),#25,.T.);
#2386=ADVANCED_FACE('',(#320),#26,.T.);
#2387=ADVANCED_FACE('',(#321),#69,.F.);
#2388=ADVANCED_FACE('',(#322),#70,.T.);
#2389=ADVANCED_FACE('',(#323),#2311,.T.);
#2390=ADVANCED_FACE('',(#324),#27,.T.);
#2391=ADVANCED_FACE('',(#325),#2312,.T.);
#2392=ADVANCED_FACE('',(#326),#28,.T.);
#2393=ADVANCED_FACE('',(#327),#2313,.T.);
#2394=ADVANCED_FACE('',(#328),#71,.T.);
#2395=ADVANCED_FACE('',(#329),#72,.F.);
#2396=ADVANCED_FACE('',(#330),#29,.T.);
#2397=ADVANCED_FACE('',(#331),#30,.T.);
#2398=ADVANCED_FACE('',(#332),#2314,.T.);
#2399=ADVANCED_FACE('',(#333),#2315,.T.);
#2400=ADVANCED_FACE('',(#334),#73,.T.);
#2401=ADVANCED_FACE('',(#335),#74,.F.);
#2402=ADVANCED_FACE('',(#336),#75,.T.);
#2403=ADVANCED_FACE('',(#337),#2316,.T.);
#2404=ADVANCED_FACE('',(#338),#31,.T.);
#2405=ADVANCED_FACE('',(#339),#2317,.T.);
#2406=ADVANCED_FACE('',(#340),#32,.T.);
#2407=ADVANCED_FACE('',(#341),#2318,.T.);
#2408=ADVANCED_FACE('',(#342),#76,.T.);
#2409=ADVANCED_FACE('',(#343),#77,.F.);
#2410=ADVANCED_FACE('',(#344),#78,.T.);
#2411=ADVANCED_FACE('',(#345),#2319,.T.);
#2412=ADVANCED_FACE('',(#346),#33,.T.);
#2413=ADVANCED_FACE('',(#347),#2320,.T.);
#2414=ADVANCED_FACE('',(#348),#2321,.T.);
#2415=ADVANCED_FACE('',(#349),#34,.T.);
#2416=ADVANCED_FACE('',(#350),#2322,.T.);
#2417=ADVANCED_FACE('',(#351),#35,.T.);
#2418=ADVANCED_FACE('',(#352),#2323,.T.);
#2419=ADVANCED_FACE('',(#353),#36,.T.);
#2420=ADVANCED_FACE('',(#354),#2324,.T.);
#2421=ADVANCED_FACE('',(#355),#37,.T.);
#2422=ADVANCED_FACE('',(#356),#2325,.T.);
#2423=ADVANCED_FACE('',(#357),#38,.T.);
#2424=ADVANCED_FACE('',(#358),#2326,.T.);
#2425=ADVANCED_FACE('',(#359),#39,.T.);
#2426=ADVANCED_FACE('',(#360),#2327,.T.);
#2427=ADVANCED_FACE('',(#361),#40,.T.);
#2428=ADVANCED_FACE('',(#362),#2328,.T.);
#2429=ADVANCED_FACE('',(#363),#41,.T.);
#2430=ADVANCED_FACE('',(#364),#2329,.T.);
#2431=ADVANCED_FACE('',(#365),#42,.T.);
#2432=ADVANCED_FACE('',(#366),#2330,.T.);
#2433=ADVANCED_FACE('',(#367),#43,.T.);
#2434=ADVANCED_FACE('',(#368),#2331,.T.);
#2435=ADVANCED_FACE('',(#369),#44,.T.);
#2436=ADVANCED_FACE('',(#370),#2332,.T.);
#2437=ADVANCED_FACE('',(#371),#45,.T.);
#2438=ADVANCED_FACE('',(#372),#2333,.T.);
#2439=ADVANCED_FACE('',(#373),#46,.T.);
#2440=ADVANCED_FACE('',(#374),#2334,.T.);
#2441=ADVANCED_FACE('',(#375),#47,.F.);
#2442=ADVANCED_FACE('',(#376),#48,.F.);
#2443=ADVANCED_FACE('',(#377),#49,.F.);
#2444=ADVANCED_FACE('',(#378),#79,.T.);
#2445=ADVANCED_FACE('',(#379),#80,.T.);
#2446=ADVANCED_FACE('',(#380),#50,.F.);
#2447=ADVANCED_FACE('',(#381),#51,.F.);
#2448=ADVANCED_FACE('',(#382),#81,.T.);
#2449=ADVANCED_FACE('',(#383),#52,.F.);
#2450=ADVANCED_FACE('',(#384),#82,.T.);
#2451=ADVANCED_FACE('',(#385),#83,.F.);
#2452=ADVANCED_FACE('',(#386),#84,.T.);
#2453=ADVANCED_FACE('',(#387),#19,.F.);
#2454=ADVANCED_FACE('',(#388),#85,.T.);
#2455=ADVANCED_FACE('',(#389),#86,.F.);
#2456=ADVANCED_FACE('',(#390),#53,.F.);
#2457=ADVANCED_FACE('',(#391),#20,.F.);
#2458=ADVANCED_FACE('',(#392),#87,.F.);
#2459=ADVANCED_FACE('',(#393),#54,.F.);
#2460=ADVANCED_FACE('',(#394),#21,.F.);
#2461=ADVANCED_FACE('',(#395),#88,.T.);
#2462=ADVANCED_FACE('',(#396),#89,.F.);
#2463=ADVANCED_FACE('',(#397),#90,.T.);
#2464=ADVANCED_FACE('',(#398),#22,.F.);
#2465=ADVANCED_FACE('',(#399,#107,#108,#109,#110,#111),#2335,.T.);
#2466=ADVANCED_FACE('',(#400),#91,.T.);
#2467=ADVANCED_FACE('',(#401),#92,.T.);
#2468=ADVANCED_FACE('',(#402,#112),#2336,.T.);
#2469=CLOSED_SHELL('',(#2337,#2338,#2339,#2340,#2341,#2342,#2343,#2344,
#2345,#2346,#2347,#2348,#2349,#2350,#2351,#2352,#2353,#2354,#2355,#2356,
#2357,#2358,#2359,#2360,#2361,#2362,#2363,#2364,#2365,#2366,#2367,#2368,
#2369,#2370,#2371,#2372,#2373,#2374,#2375,#2376,#2377,#2378,#2379,#2380,
#2381,#2382,#2383,#2384,#2385,#2386,#2387,#2388,#2389,#2390,#2391,#2392,
#2393,#2394,#2395,#2396,#2397,#2398,#2399,#2400,#2401,#2402,#2403,#2404,
#2405,#2406,#2407,#2408,#2409,#2410,#2411,#2412,#2413,#2414,#2415,#2416,
#2417,#2418,#2419,#2420,#2421,#2422,#2423,#2424,#2425,#2426,#2427,#2428,
#2429,#2430,#2431,#2432,#2433,#2434,#2435,#2436,#2437,#2438,#2439,#2440,
#2441,#2442,#2443,#2444,#2445,#2446,#2447,#2448,#2449,#2450,#2451,#2452,
#2453,#2454,#2455,#2456,#2457,#2458,#2459,#2460,#2461,#2462,#2463,#2464,
#2465,#2466,#2467,#2468));
#2470=DERIVED_UNIT_ELEMENT(#2472,1.);
#2471=DERIVED_UNIT_ELEMENT(#5864,-3.);
#2472=(
MASS_UNIT()
NAMED_UNIT(*)
SI_UNIT(.KILO.,.GRAM.)
);
#2473=DERIVED_UNIT((#2470,#2471));
#2474=MEASURE_REPRESENTATION_ITEM('density measure',
POSITIVE_RATIO_MEASURE(7850.),#2473);
#2475=PROPERTY_DEFINITION_REPRESENTATION(#2480,#2477);
#2476=PROPERTY_DEFINITION_REPRESENTATION(#2481,#2478);
#2477=REPRESENTATION('material name',(#2479),#5861);
#2478=REPRESENTATION('density',(#2474),#5861);
#2479=DESCRIPTIVE_REPRESENTATION_ITEM('Steel','Steel');
#2480=PROPERTY_DEFINITION('material property','material name',#5871);
#2481=PROPERTY_DEFINITION('material property','density of part',#5871);
#2482=AXIS2_PLACEMENT_3D('',#3211,#2657,#2658);
#2483=AXIS2_PLACEMENT_3D('',#3212,#2659,#2660);
#2484=AXIS2_PLACEMENT_3D('',#3221,#2665,#2666);
#2485=AXIS2_PLACEMENT_3D('',#3227,#2670,#2671);
#2486=AXIS2_PLACEMENT_3D('',#3233,#2675,#2676);
#2487=AXIS2_PLACEMENT_3D('',#3236,#2679,#2680);
#2488=AXIS2_PLACEMENT_3D('',#3239,#2681,#2682);
#2489=AXIS2_PLACEMENT_3D('',#3241,#2683,#2684);
#2490=AXIS2_PLACEMENT_3D('',#3265,#2688,#2689);
#2491=AXIS2_PLACEMENT_3D('',#3267,#2690,#2691);
#2492=AXIS2_PLACEMENT_3D('',#3269,#2692,#2693);
#2493=AXIS2_PLACEMENT_3D('',#3293,#2697,#2698);
#2494=AXIS2_PLACEMENT_3D('',#3344,#2702,#2703);
#2495=AXIS2_PLACEMENT_3D('',#3346,#2704,#2705);
#2496=AXIS2_PLACEMENT_3D('',#3372,#2709,#2710);
#2497=AXIS2_PLACEMENT_3D('',#3382,#2715,#2716);
#2498=AXIS2_PLACEMENT_3D('',#3384,#2717,#2718);
#2499=AXIS2_PLACEMENT_3D('',#3389,#2720,#2721);
#2500=AXIS2_PLACEMENT_3D('',#3392,#2723,#2724);
#2501=AXIS2_PLACEMENT_3D('',#3393,#2725,#2726);
#2502=AXIS2_PLACEMENT_3D('',#3399,#2730,#2731);
#2503=AXIS2_PLACEMENT_3D('',#3402,#2732,#2733);
#2504=AXIS2_PLACEMENT_3D('',#3406,#2735,#2736);
#2505=AXIS2_PLACEMENT_3D('',#3412,#2739,#2740);
#2506=AXIS2_PLACEMENT_3D('',#3415,#2742,#2743);
#2507=AXIS2_PLACEMENT_3D('',#3416,#2744,#2745);
#2508=AXIS2_PLACEMENT_3D('',#3420,#2747,#2748);
#2509=AXIS2_PLACEMENT_3D('',#3422,#2750,#2751);
#2510=AXIS2_PLACEMENT_3D('',#3426,#2754,#2755);
#2511=AXIS2_PLACEMENT_3D('',#3429,#2758,#2759);
#2512=AXIS2_PLACEMENT_3D('',#3431,#2761,#2762);
#2513=AXIS2_PLACEMENT_3D('',#3433,#2764,#2765);
#2514=AXIS2_PLACEMENT_3D('',#3434,#2766,#2767);
#2515=AXIS2_PLACEMENT_3D('',#3437,#2769,#2770);
#2516=AXIS2_PLACEMENT_3D('',#3438,#2771,#2772);
#2517=AXIS2_PLACEMENT_3D('',#3440,#2774,#2775);
#2518=AXIS2_PLACEMENT_3D('',#3443,#2776,#2777);
#2519=AXIS2_PLACEMENT_3D('',#3480,#2780,#2781);
#2520=AXIS2_PLACEMENT_3D('',#3510,#2785,#2786);
#2521=AXIS2_PLACEMENT_3D('',#3547,#2789,#2790);
#2522=AXIS2_PLACEMENT_3D('',#3549,#2791,#2792);
#2523=AXIS2_PLACEMENT_3D('',#3578,#2796,#2797);
#2524=AXIS2_PLACEMENT_3D('',#3580,#2798,#2799);
#2525=AXIS2_PLACEMENT_3D('',#3582,#2800,#2801);
#2526=AXIS2_PLACEMENT_3D('',#3584,#2802,#2803);
#2527=AXIS2_PLACEMENT_3D('',#3585,#2804,#2805);
#2528=AXIS2_PLACEMENT_3D('',#3591,#2809,#2810);
#2529=AXIS2_PLACEMENT_3D('',#3600,#2815,#2816);
#2530=AXIS2_PLACEMENT_3D('',#3609,#2821,#2822);
#2531=AXIS2_PLACEMENT_3D('',#3613,#2825,#2826);
#2532=AXIS2_PLACEMENT_3D('',#3614,#2827,#2828);
#2533=AXIS2_PLACEMENT_3D('',#3621,#2833,#2834);
#2534=AXIS2_PLACEMENT_3D('',#3625,#2837,#2838);
#2535=AXIS2_PLACEMENT_3D('',#3630,#2842,#2843);
#2536=AXIS2_PLACEMENT_3D('',#3631,#2844,#2845);
#2537=AXIS2_PLACEMENT_3D('',#3633,#2847,#2848);
#2538=AXIS2_PLACEMENT_3D('',#3634,#2849,#2850);
#2539=AXIS2_PLACEMENT_3D('',#3636,#2852,#2853);
#2540=AXIS2_PLACEMENT_3D('',#3640,#2855,#2856);
#2541=AXIS2_PLACEMENT_3D('',#3642,#2858,#2859);
#2542=AXIS2_PLACEMENT_3D('',#3644,#2860,#2861);
#2543=AXIS2_PLACEMENT_3D('',#3688,#2862,#2863);
#2544=AXIS2_PLACEMENT_3D('',#3692,#2866,#2867);
#2545=AXIS2_PLACEMENT_3D('',#3696,#2870,#2871);
#2546=AXIS2_PLACEMENT_3D('',#3698,#2872,#2873);
#2547=AXIS2_PLACEMENT_3D('',#3700,#2875,#2876);
#2548=AXIS2_PLACEMENT_3D('',#3704,#2878,#2879);
#2549=AXIS2_PLACEMENT_3D('',#3706,#2881,#2882);
#2550=AXIS2_PLACEMENT_3D('',#3710,#2884,#2885);
#2551=AXIS2_PLACEMENT_3D('',#3712,#2887,#2888);
#2552=AXIS2_PLACEMENT_3D('',#3714,#2889,#2890);
#2553=AXIS2_PLACEMENT_3D('',#3716,#2892,#2893);
#2554=AXIS2_PLACEMENT_3D('',#3718,#2894,#2895);
#2555=AXIS2_PLACEMENT_3D('',#3720,#2897,#2898);
#2556=AXIS2_PLACEMENT_3D('',#3768,#2901,#2902);
#2557=AXIS2_PLACEMENT_3D('',#3770,#2903,#2904);
#2558=AXIS2_PLACEMENT_3D('',#3773,#2906,#2907);
#2559=AXIS2_PLACEMENT_3D('',#3774,#2908,#2909);
#2560=AXIS2_PLACEMENT_3D('',#3776,#2910,#2911);
#2561=AXIS2_PLACEMENT_3D('',#3777,#2912,#2913);
#2562=AXIS2_PLACEMENT_3D('',#3779,#2915,#2916);
#2563=AXIS2_PLACEMENT_3D('',#3781,#2917,#2918);
#2564=AXIS2_PLACEMENT_3D('',#3784,#2920,#2921);
#2565=AXIS2_PLACEMENT_3D('',#3785,#2922,#2923);
#2566=AXIS2_PLACEMENT_3D('',#3787,#2924,#2925);
#2567=AXIS2_PLACEMENT_3D('',#3788,#2926,#2927);
#2568=AXIS2_PLACEMENT_3D('',#3790,#2929,#2930);
#2569=AXIS2_PLACEMENT_3D('',#3791,#2931,#2932);
#2570=AXIS2_PLACEMENT_3D('',#3792,#2933,#2934);
#2571=AXIS2_PLACEMENT_3D('',#3793,#2935,#2936);
#2572=AXIS2_PLACEMENT_3D('',#3794,#2937,#2938);
#2573=AXIS2_PLACEMENT_3D('',#3889,#2945,#2946);
#2574=AXIS2_PLACEMENT_3D('',#3891,#2947,#2948);
#2575=AXIS2_PLACEMENT_3D('',#3894,#2950,#2951);
#2576=AXIS2_PLACEMENT_3D('',#3895,#2952,#2953);
#2577=AXIS2_PLACEMENT_3D('',#3897,#2954,#2955);
#2578=AXIS2_PLACEMENT_3D('',#3900,#2957,#2958);
#2579=AXIS2_PLACEMENT_3D('',#3901,#2959,#2960);
#2580=AXIS2_PLACEMENT_3D('',#3962,#2965,#2966);
#2581=AXIS2_PLACEMENT_3D('',#4023,#2971,#2972);
#2582=AXIS2_PLACEMENT_3D('',#4029,#2976,#2977);
#2583=AXIS2_PLACEMENT_3D('',#4031,#2978,#2979);
#2584=AXIS2_PLACEMENT_3D('',#4034,#2981,#2982);
#2585=AXIS2_PLACEMENT_3D('',#4035,#2983,#2984);
#2586=AXIS2_PLACEMENT_3D('',#4037,#2985,#2986);
#2587=AXIS2_PLACEMENT_3D('',#4040,#2988,#2989);
#2588=AXIS2_PLACEMENT_3D('',#4127,#2992,#2993);
#2589=AXIS2_PLACEMENT_3D('',#4133,#2997,#2998);
#2590=AXIS2_PLACEMENT_3D('',#4139,#3002,#3003);
#2591=AXIS2_PLACEMENT_3D('',#4141,#3004,#3005);
#2592=AXIS2_PLACEMENT_3D('',#4144,#3007,#3008);
#2593=AXIS2_PLACEMENT_3D('',#4145,#3009,#3010);
#2594=AXIS2_PLACEMENT_3D('',#4147,#3011,#3012);
#2595=AXIS2_PLACEMENT_3D('',#4150,#3014,#3015);
#2596=AXIS2_PLACEMENT_3D('',#4151,#3016,#3017);
#2597=AXIS2_PLACEMENT_3D('',#4153,#3018,#3019);
#2598=AXIS2_PLACEMENT_3D('',#4156,#3021,#3022);
#2599=AXIS2_PLACEMENT_3D('',#4157,#3023,#3024);
#2600=AXIS2_PLACEMENT_3D('',#4194,#3029,#3030);
#2601=AXIS2_PLACEMENT_3D('',#4231,#3035,#3036);
#2602=AXIS2_PLACEMENT_3D('',#4237,#3040,#3041);
#2603=AXIS2_PLACEMENT_3D('',#4239,#3042,#3043);
#2604=AXIS2_PLACEMENT_3D('',#4242,#3045,#3046);
#2605=AXIS2_PLACEMENT_3D('',#4243,#3047,#3048);
#2606=AXIS2_PLACEMENT_3D('',#4245,#3049,#3050);
#2607=AXIS2_PLACEMENT_3D('',#4248,#3052,#3053);
#2608=AXIS2_PLACEMENT_3D('',#4249,#3054,#3055);
#2609=AXIS2_PLACEMENT_3D('',#4251,#3056,#3057);
#2610=AXIS2_PLACEMENT_3D('',#4254,#3059,#3060);
#2611=AXIS2_PLACEMENT_3D('',#4255,#3061,#3062);
#2612=AXIS2_PLACEMENT_3D('',#4276,#3065,#3066);
#2613=AXIS2_PLACEMENT_3D('',#4278,#3068,#3069);
#2614=AXIS2_PLACEMENT_3D('',#4305,#3073,#3074);
#2615=AXIS2_PLACEMENT_3D('',#4332,#3078,#3079);
#2616=AXIS2_PLACEMENT_3D('',#4355,#3081,#3082);
#2617=AXIS2_PLACEMENT_3D('',#4418,#3086,#3087);
#2618=AXIS2_PLACEMENT_3D('',#4490,#3091,#3092);
#2619=AXIS2_PLACEMENT_3D('',#4561,#3097,#3098);
#2620=AXIS2_PLACEMENT_3D('',#4627,#3103,#3104);
#2621=AXIS2_PLACEMENT_3D('',#4667,#3109,#3110);
#2622=AXIS2_PLACEMENT_3D('',#4707,#3115,#3116);
#2623=AXIS2_PLACEMENT_3D('',#4773,#3121,#3122);
#2624=AXIS2_PLACEMENT_3D('',#4843,#3127,#3128);
#2625=AXIS2_PLACEMENT_3D('',#4901,#3133,#3134);
#2626=AXIS2_PLACEMENT_3D('',#4959,#3139,#3140);
#2627=AXIS2_PLACEMENT_3D('',#5298,#3143,#3144);
#2628=AXIS2_PLACEMENT_3D('',#5309,#3145,#3146);
#2629=AXIS2_PLACEMENT_3D('',#5493,#3147,#3148);
#2630=AXIS2_PLACEMENT_3D('',#5582,#3149,#3150);
#2631=AXIS2_PLACEMENT_3D('',#5609,#3151,#3152);
#2632=AXIS2_PLACEMENT_3D('',#5611,#3153,#3154);
#2633=AXIS2_PLACEMENT_3D('',#5614,#3156,#3157);
#2634=AXIS2_PLACEMENT_3D('',#5615,#3158,#3159);
#2635=AXIS2_PLACEMENT_3D('',#5626,#3160,#3161);
#2636=AXIS2_PLACEMENT_3D('',#5628,#3163,#3164);
#2637=AXIS2_PLACEMENT_3D('',#5641,#3165,#3166);
#2638=AXIS2_PLACEMENT_3D('',#5643,#3167,#3168);
#2639=AXIS2_PLACEMENT_3D('',#5646,#3170,#3171);
#2640=AXIS2_PLACEMENT_3D('',#5729,#3172,#3173);
#2641=AXIS2_PLACEMENT_3D('',#5731,#3175,#3176);
#2642=AXIS2_PLACEMENT_3D('',#5733,#3177,#3178);
#2643=AXIS2_PLACEMENT_3D('',#5736,#3180,#3181);
#2644=AXIS2_PLACEMENT_3D('',#5831,#3182,#3183);
#2645=AXIS2_PLACEMENT_3D('',#5833,#3185,#3186);
#2646=AXIS2_PLACEMENT_3D('',#5834,#3187,#3188);
#2647=AXIS2_PLACEMENT_3D('',#5836,#3189,#3190);
#2648=AXIS2_PLACEMENT_3D('',#5839,#3192,#3193);
#2649=AXIS2_PLACEMENT_3D('',#5840,#3194,#3195);
#2650=AXIS2_PLACEMENT_3D('',#5851,#3196,#3197);
#2651=AXIS2_PLACEMENT_3D('',#5853,#3199,#3200);
#2652=AXIS2_PLACEMENT_3D('',#5854,#3201,#3202);
#2653=AXIS2_PLACEMENT_3D('',#5855,#3203,#3204);
#2654=AXIS2_PLACEMENT_3D('',#5856,#3205,#3206);
#2655=AXIS2_PLACEMENT_3D('',#5857,#3207,#3208);
#2656=AXIS2_PLACEMENT_3D('',#5858,#3209,#3210);
#2657=DIRECTION('axis',(0.,0.,1.));
#2658=DIRECTION('refdir',(1.,0.,0.));
#2659=DIRECTION('center_axis',(0.,-1.,0.));
#2660=DIRECTION('ref_axis',(-1.,0.,0.));
#2661=DIRECTION('',(1.,0.,2.22044604925031E-16));
#2662=DIRECTION('',(0.,0.,-1.));
#2663=DIRECTION('',(-1.,0.,-2.22044604925031E-16));
#2664=DIRECTION('',(0.,0.,-1.));
#2665=DIRECTION('center_axis',(1.,0.,0.));
#2666=DIRECTION('ref_axis',(0.,-1.,-1.48002057900145E-14));
#2667=DIRECTION('',(0.,1.,0.));
#2668=DIRECTION('',(0.,-1.,0.));
#2669=DIRECTION('',(0.,0.,-1.));
#2670=DIRECTION('center_axis',(0.,1.,0.));
#2671=DIRECTION('ref_axis',(1.,0.,2.40503344087735E-14));
#2672=DIRECTION('',(-1.,0.,-2.22044604925031E-16));
#2673=DIRECTION('',(1.,0.,2.22044604925031E-16));
#2674=DIRECTION('',(0.,0.,-1.));
#2675=DIRECTION('center_axis',(-1.,0.,0.));
#2676=DIRECTION('ref_axis',(0.,1.,0.));
#2677=DIRECTION('',(0.,-1.,0.));
#2678=DIRECTION('',(0.,1.,0.));
#2679=DIRECTION('center_axis',(-2.22044604925031E-16,0.,1.));
#2680=DIRECTION('ref_axis',(1.,0.,2.22044604925031E-16));
#2681=DIRECTION('center_axis',(0.,0.,-1.));
#2682=DIRECTION('ref_axis',(-1.,0.,0.));
#2683=DIRECTION('center_axis',(-2.22044604925031E-16,0.,1.));
#2684=DIRECTION('ref_axis',(-0.533914294365013,0.845538601290745,0.));
#2685=DIRECTION('',(-0.34461460031132,-0.938744255509598,-5.55111512312578E-17));
#2686=DIRECTION('',(4.68038648007509E-16,-1.,4.93038065763132E-32));
#2687=DIRECTION('',(0.344614600311319,-0.938744255509598,5.55111512312578E-17));
#2688=DIRECTION('center_axis',(-2.22044604925031E-16,0.,1.));
#2689=DIRECTION('ref_axis',(-0.533914294365013,-0.845538601290745,0.));
#2690=DIRECTION('center_axis',(-2.22044604925031E-16,0.,1.));
#2691=DIRECTION('ref_axis',(0.954398026603379,-0.298537111286982,2.44902137784961E-16));
#2692=DIRECTION('center_axis',(-2.22044604925031E-16,0.,1.));
#2693=DIRECTION('ref_axis',(-0.792700660895608,-0.609611074551362,0.));
#2694=DIRECTION('',(0.993907870576847,-0.110214086238548,1.11022302462516E-16));
#2695=DIRECTION('',(-0.993907866795011,0.110214120343047,-1.47259461618727E-16));
#2696=DIRECTION('',(0.993907805016384,-0.110214677459558,1.11022302462516E-16));
#2697=DIRECTION('center_axis',(0.,0.,1.));
#2698=DIRECTION('ref_axis',(-1.,0.,0.));
#2699=DIRECTION('',(0.419941917634258,0.907550982487299,5.55111512312578E-17));
#2700=DIRECTION('',(1.9111725640501E-15,1.,2.95822839457879E-31));
#2701=DIRECTION('',(-0.41994191763426,0.907550982487298,-2.77555756156289E-17));
#2702=DIRECTION('center_axis',(-2.22044604925031E-16,0.,1.));
#2703=DIRECTION('ref_axis',(0.463259875742955,0.886222481957337,0.));
#2704=DIRECTION('center_axis',(-2.22044604925031E-16,0.,1.));
#2705=DIRECTION('ref_axis',(-0.666355726231888,0.74563398937949,-1.22451068892481E-16));
#2706=DIRECTION('',(-0.993907805016384,-0.110214677459557,-1.66533453693773E-16));
#2707=DIRECTION('',(0.99390786679501,0.110214120343047,1.47259461618727E-16));
#2708=DIRECTION('',(-0.993907870576847,-0.110214086238548,-1.11022302462516E-16));
#2709=DIRECTION('center_axis',(-2.22044604925031E-16,0.,1.));
#2710=DIRECTION('ref_axis',(-0.792700660895613,0.609611074551355,0.));
#2711=DIRECTION('',(0.,-1.,0.));
#2712=DIRECTION('',(-1.,-8.54017711250121E-17,-2.22044604925031E-16));
#2713=DIRECTION('',(0.,1.,0.));
#2714=DIRECTION('',(1.,0.,2.22044604925031E-16));
#2715=DIRECTION('center_axis',(-2.22044604925031E-16,0.,1.));
#2716=DIRECTION('ref_axis',(-1.,0.,-2.22044604925031E-16));
#2717=DIRECTION('center_axis',(-2.22044604925031E-16,0.,1.));
#2718=DIRECTION('ref_axis',(-1.,0.,-2.22044604925031E-16));
#2719=DIRECTION('',(-1.,0.,-2.22044604925031E-16));
#2720=DIRECTION('center_axis',(2.22044604925031E-16,0.,-1.));
#2721=DIRECTION('ref_axis',(-5.55111512312578E-16,1.,0.));
#2722=DIRECTION('',(1.,0.,2.22044604925031E-16));
#2723=DIRECTION('center_axis',(2.22044604925031E-16,0.,-1.));
#2724=DIRECTION('ref_axis',(-5.55111512312579E-16,-1.,0.));
#2725=DIRECTION('center_axis',(-0.110214120343047,0.993907866795011,0.));
#2726=DIRECTION('ref_axis',(0.99390786679501,0.110214120343047,1.47259461618727E-16));
#2727=DIRECTION('',(0.99390786679501,0.110214120343047,0.));
#2728=DIRECTION('',(2.21641688509126E-16,3.63349015194386E-18,-1.));
#2729=DIRECTION('',(-2.21641671879062E-16,-3.63362038993804E-18,1.));
#2730=DIRECTION('center_axis',(0.,0.,1.));
#2731=DIRECTION('ref_axis',(-1.,0.,0.));
#2732=DIRECTION('center_axis',(0.,0.,-1.));
#2733=DIRECTION('ref_axis',(-5.55111512312578E-16,1.,0.));
#2734=DIRECTION('',(-1.,0.,0.));
#2735=DIRECTION('center_axis',(0.,0.,-1.));
#2736=DIRECTION('ref_axis',(-5.55111512312579E-16,-1.,0.));
#2737=DIRECTION('',(1.,0.,0.));
#2738=DIRECTION('',(-1.,0.,0.));
#2739=DIRECTION('center_axis',(0.,0.,1.));
#2740=DIRECTION('ref_axis',(3.70074341541719E-16,-1.,0.));
#2741=DIRECTION('',(1.,5.41572207134223E-16,0.));
#2742=DIRECTION('center_axis',(0.,0.,1.));
#2743=DIRECTION('ref_axis',(0.,1.,0.));
#2744=DIRECTION('center_axis',(0.,0.,-1.));
#2745=DIRECTION('ref_axis',(0.,1.,0.));
#2746=DIRECTION('',(0.,0.,-1.));
#2747=DIRECTION('center_axis',(-2.22044604925031E-16,0.,1.));
#2748=DIRECTION('ref_axis',(0.,1.,0.));
#2749=DIRECTION('',(0.,0.,-1.));
#2750=DIRECTION('center_axis',(5.41572207134223E-16,-1.,0.));
#2751=DIRECTION('ref_axis',(-1.,-5.41572207134223E-16,0.));
#2752=DIRECTION('',(0.,0.,-1.));
#2753=DIRECTION('',(1.,5.41572207134223E-16,2.22044604925031E-16));
#2754=DIRECTION('center_axis',(0.,-1.,0.));
#2755=DIRECTION('ref_axis',(-1.,0.,0.));
#2756=DIRECTION('',(0.,0.,-1.));
#2757=DIRECTION('',(0.,0.,-1.));
#2758=DIRECTION('center_axis',(0.,0.,-1.));
#2759=DIRECTION('ref_axis',(-5.55111512312579E-16,-1.,0.));
#2760=DIRECTION('',(0.,0.,-1.));
#2761=DIRECTION('center_axis',(0.,1.,0.));
#2762=DIRECTION('ref_axis',(1.,0.,0.));
#2763=DIRECTION('',(0.,0.,-1.));
#2764=DIRECTION('center_axis',(0.,0.,-1.));
#2765=DIRECTION('ref_axis',(-5.55111512312578E-16,1.,0.));
#2766=DIRECTION('center_axis',(0.,0.,-1.));
#2767=DIRECTION('ref_axis',(3.70074341541719E-16,-1.,0.));
#2768=DIRECTION('',(0.,0.,-1.));
#2769=DIRECTION('center_axis',(-2.22044604925031E-16,0.,1.));
#2770=DIRECTION('ref_axis',(3.70074341541719E-16,-1.,0.));
#2771=DIRECTION('center_axis',(0.,1.,0.));
#2772=DIRECTION('ref_axis',(1.,0.,0.));
#2773=DIRECTION('',(-1.,0.,-2.22044604925031E-16));
#2774=DIRECTION('center_axis',(-2.22044604925031E-16,0.,1.));
#2775=DIRECTION('ref_axis',(1.,0.,2.22044604925031E-16));
#2776=DIRECTION('center_axis',(2.22044604925031E-16,0.,-1.));
#2777=DIRECTION('ref_axis',(1.,0.,1.98254111540206E-16));
#2778=DIRECTION('',(0.419941917634259,0.907550982487299,5.55111512312578E-17));
#2779=DIRECTION('',(0.993907870576847,-0.110214086238547,1.11022302462516E-16));
#2780=DIRECTION('center_axis',(2.22044604925031E-16,0.,-1.));
#2781=DIRECTION('ref_axis',(1.,0.,9.91270557701031E-17));
#2782=DIRECTION('',(0.344614600311311,-0.938744255509601,5.55111512312578E-17));
#2783=DIRECTION('',(0.,-1.,0.));
#2784=DIRECTION('',(-0.344614600311333,-0.938744255509593,-5.55111512312578E-17));
#2785=DIRECTION('center_axis',(2.22044604925031E-16,0.,-1.));
#2786=DIRECTION('ref_axis',(1.,0.,9.91270557701031E-17));
#2787=DIRECTION('',(-0.993907870576845,-0.11021408623856,-1.11022302462516E-16));
#2788=DIRECTION('',(-0.419941917634248,0.907550982487304,-2.77555756156289E-17));
#2789=DIRECTION('center_axis',(2.22044604925031E-16,0.,-1.));
#2790=DIRECTION('ref_axis',(1.,0.,1.98254111540206E-16));
#2791=DIRECTION('center_axis',(2.22044604925031E-16,0.,-1.));
#2792=DIRECTION('ref_axis',(1.,0.,1.98254111540206E-16));
#2793=DIRECTION('',(-0.419941917634248,0.907550982487304,-2.77555756156289E-17));
#2794=DIRECTION('',(-6.84015201995035E-17,1.,-1.23259516440783E-32));
#2795=DIRECTION('',(0.419941917634259,0.907550982487299,5.55111512312578E-17));
#2796=DIRECTION('center_axis',(2.22044604925031E-16,0.,-1.));
#2797=DIRECTION('ref_axis',(1.,0.,1.98254111540206E-16));
#2798=DIRECTION('center_axis',(2.22044604925031E-16,0.,-1.));
#2799=DIRECTION('ref_axis',(-1.,0.,-9.91270557701032E-17));
#2800=DIRECTION('center_axis',(2.22044604925031E-16,0.,-1.));
#2801=DIRECTION('ref_axis',(-1.,0.,-9.91270557701032E-17));
#2802=DIRECTION('center_axis',(-2.22044604925031E-16,0.,1.));
#2803=DIRECTION('ref_axis',(-1.,0.,0.));
#2804=DIRECTION('center_axis',(-0.110214120343047,-0.993907866795011,0.));
#2805=DIRECTION('ref_axis',(-0.993907866795011,0.110214120343047,-1.47259461618727E-16));
#2806=DIRECTION('',(-0.993907866795011,0.110214120343047,-2.20691879614379E-16));
#2807=DIRECTION('',(2.21641671879062E-16,-3.63362038993834E-18,-1.));
#2808=DIRECTION('',(-2.20876924658E-16,1.0530111416135E-17,1.));
#2809=DIRECTION('center_axis',(0.,-1.,0.));
#2810=DIRECTION('ref_axis',(-1.,0.,0.));
#2811=DIRECTION('',(1.,0.,0.));
#2812=DIRECTION('',(0.,0.,-1.));
#2813=DIRECTION('',(-1.,0.,0.));
#2814=DIRECTION('',(0.,0.,-1.));
#2815=DIRECTION('center_axis',(0.,1.,0.));
#2816=DIRECTION('ref_axis',(1.,0.,0.));
#2817=DIRECTION('',(-1.,0.,0.));
#2818=DIRECTION('',(0.,0.,-1.));
#2819=DIRECTION('',(1.,0.,0.));
#2820=DIRECTION('',(0.,0.,-1.));
#2821=DIRECTION('center_axis',(0.,0.,1.));
#2822=DIRECTION('ref_axis',(-1.,0.,0.));
#2823=DIRECTION('',(0.,-1.,0.));
#2824=DIRECTION('',(0.,1.,0.));
#2825=DIRECTION('center_axis',(0.,0.,1.));
#2826=DIRECTION('ref_axis',(-1.,0.,0.));
#2827=DIRECTION('center_axis',(1.,0.,0.));
#2828=DIRECTION('ref_axis',(0.,-1.,0.));
#2829=DIRECTION('',(0.,0.,-1.));
#2830=DIRECTION('',(0.,-1.,0.));
#2831=DIRECTION('',(0.,-1.,0.));
#2832=DIRECTION('',(0.,0.,-1.));
#2833=DIRECTION('center_axis',(0.,1.,0.));
#2834=DIRECTION('ref_axis',(1.,0.,0.));
#2835=DIRECTION('',(0.,0.,-1.));
#2836=DIRECTION('',(1.,0.,0.));
#2837=DIRECTION('center_axis',(-1.,0.,0.));
#2838=DIRECTION('ref_axis',(0.,1.,0.));
#2839=DIRECTION('',(0.,0.,-1.));
#2840=DIRECTION('',(0.,1.,0.));
#2841=DIRECTION('',(0.,1.,0.));
#2842=DIRECTION('center_axis',(0.,0.,-1.));
#2843=DIRECTION('ref_axis',(-1.,0.,0.));
#2844=DIRECTION('center_axis',(8.54017711250121E-17,-1.,0.));
#2845=DIRECTION('ref_axis',(-1.,-8.54017711250121E-17,0.));
#2846=DIRECTION('',(-1.,-8.54017711250121E-17,0.));
#2847=DIRECTION('center_axis',(0.,0.,-1.));
#2848=DIRECTION('ref_axis',(-1.,0.,0.));
#2849=DIRECTION('center_axis',(0.,0.,-1.));
#2850=DIRECTION('ref_axis',(-1.,0.,0.));
#2851=DIRECTION('',(0.,0.,-1.));
#2852=DIRECTION('center_axis',(-2.22044604925031E-16,0.,1.));
#2853=DIRECTION('ref_axis',(0.463259875742955,0.886222481957337,0.));
#2854=DIRECTION('',(-1.90295435198842E-16,1.46909732625384E-17,1.));
#2855=DIRECTION('center_axis',(-2.22044604925031E-16,0.,1.));
#2856=DIRECTION('ref_axis',(0.463259875742955,0.886222481957337,0.));
#2857=DIRECTION('',(2.22044604925031E-16,0.,-1.));
#2858=DIRECTION('center_axis',(-2.22044604925031E-16,0.,1.));
#2859=DIRECTION('ref_axis',(-0.666355726231888,0.74563398937949,-1.22451068892481E-16));
#2860=DIRECTION('center_axis',(-2.22044604925031E-16,0.,1.));
#2861=DIRECTION('ref_axis',(-0.666355726231888,0.74563398937949,-1.22451068892481E-16));
#2862=DIRECTION('center_axis',(0.110214677459557,-0.993907805016384,2.08166817117217E-17));
#2863=DIRECTION('ref_axis',(0.993907805016384,0.110214677459557,1.66533453693773E-16));
#2864=DIRECTION('',(-2.22044604925031E-16,0.,1.));
#2865=DIRECTION('',(0.993907805016384,0.110214677459557,1.66533453693773E-16));
#2866=DIRECTION('center_axis',(0.110214086238548,-0.993907870576847,2.08166817117217E-17));
#2867=DIRECTION('ref_axis',(0.993907870576847,0.110214086238548,1.11022302462516E-16));
#2868=DIRECTION('',(0.993907870576847,0.110214086238548,1.11022302462516E-16));
#2869=DIRECTION('',(-2.21641688509126E-16,-3.63349015194386E-18,1.));
#2870=DIRECTION('center_axis',(-2.22044604925031E-16,0.,1.));
#2871=DIRECTION('ref_axis',(-0.792700660895613,0.609611074551355,0.));
#2872=DIRECTION('center_axis',(-2.22044604925031E-16,0.,1.));
#2873=DIRECTION('ref_axis',(-0.792700660895613,0.609611074551355,0.));
#2874=DIRECTION('',(2.22044604925031E-16,0.,-1.));
#2875=DIRECTION('center_axis',(-2.22044604925031E-16,0.,1.));
#2876=DIRECTION('ref_axis',(-0.533914294365013,0.845538601290745,0.));
#2877=DIRECTION('',(-2.22044604925031E-16,0.,1.));
#2878=DIRECTION('center_axis',(-2.22044604925031E-16,0.,1.));
#2879=DIRECTION('ref_axis',(-0.533914294365013,0.845538601290745,0.));
#2880=DIRECTION('',(1.82702167701427E-16,1.44426750944277E-17,-1.));
#2881=DIRECTION('center_axis',(-2.22044604925031E-16,0.,1.));
#2882=DIRECTION('ref_axis',(-0.533914294365013,-0.845538601290745,0.));
#2883=DIRECTION('',(-1.82702167701427E-16,1.44426750944277E-17,1.));
#2884=DIRECTION('center_axis',(-2.22044604925031E-16,0.,1.));
#2885=DIRECTION('ref_axis',(-0.533914294365013,-0.845538601290745,0.));
#2886=DIRECTION('',(2.22044604925031E-16,0.,-1.));
#2887=DIRECTION('center_axis',(-2.22044604925031E-16,0.,1.));
#2888=DIRECTION('ref_axis',(0.954398026603379,-0.298537111286982,2.44902137784961E-16));
#2889=DIRECTION('center_axis',(-2.22044604925031E-16,0.,1.));
#2890=DIRECTION('ref_axis',(0.954398026603379,-0.298537111286982,2.44902137784961E-16));
#2891=DIRECTION('',(-2.22044604925031E-16,0.,1.));
#2892=DIRECTION('center_axis',(-2.22044604925031E-16,0.,1.));
#2893=DIRECTION('ref_axis',(-0.792700660895608,-0.609611074551362,0.));
#2894=DIRECTION('center_axis',(-2.22044604925031E-16,0.,1.));
#2895=DIRECTION('ref_axis',(-0.792700660895608,-0.609611074551362,0.));
#2896=DIRECTION('',(2.20876924658E-16,-1.0530111416135E-17,-1.));
#2897=DIRECTION('center_axis',(0.110214677459558,0.993907805016384,2.08166817117217E-17));
#2898=DIRECTION('ref_axis',(-0.993907805016384,0.110214677459558,-1.11022302462516E-16));
#2899=DIRECTION('',(-0.993907805016384,0.110214677459558,-1.11022302462516E-16));
#2900=DIRECTION('',(-2.22044604925031E-16,0.,1.));
#2901=DIRECTION('center_axis',(0.,0.,1.));
#2902=DIRECTION('ref_axis',(-1.,0.,-4.57509488169707E-17));
#2903=DIRECTION('center_axis',(0.,0.,1.));
#2904=DIRECTION('ref_axis',(-1.,0.,0.));
#2905=DIRECTION('',(-0.707106781186547,-8.65956056235493E-17,-0.707106781186548));
#2906=DIRECTION('center_axis',(0.,0.,-1.));
#2907=DIRECTION('ref_axis',(-1.,0.,-9.91270557701032E-17));
#2908=DIRECTION('center_axis',(0.,0.,1.));
#2909=DIRECTION('ref_axis',(-1.,0.,0.));
#2910=DIRECTION('center_axis',(0.,0.,1.));
#2911=DIRECTION('ref_axis',(-1.,0.,0.));
#2912=DIRECTION('center_axis',(-2.22044604925031E-16,0.,1.));
#2913=DIRECTION('ref_axis',(-1.,0.,-9.91270557701032E-17));
#2914=DIRECTION('',(-2.22044604925031E-16,0.,1.));
#2915=DIRECTION('center_axis',(0.,0.,1.));
#2916=DIRECTION('ref_axis',(-1.,0.,-4.57509488169707E-17));
#2917=DIRECTION('center_axis',(0.,0.,1.));
#2918=DIRECTION('ref_axis',(-1.,0.,0.));
#2919=DIRECTION('',(-0.707106781186547,-8.65956056235493E-17,-0.707106781186548));
#2920=DIRECTION('center_axis',(0.,0.,-1.));
#2921=DIRECTION('ref_axis',(-1.,0.,-9.91270557701032E-17));
#2922=DIRECTION('center_axis',(0.,0.,1.));
#2923=DIRECTION('ref_axis',(-1.,0.,0.));
#2924=DIRECTION('center_axis',(0.,0.,1.));
#2925=DIRECTION('ref_axis',(-1.,0.,0.));
#2926=DIRECTION('center_axis',(-2.22044604925031E-16,0.,1.));
#2927=DIRECTION('ref_axis',(-1.,0.,-9.91270557701032E-17));
#2928=DIRECTION('',(-2.22044604925031E-16,0.,1.));
#2929=DIRECTION('center_axis',(2.22044604925031E-16,0.,-1.));
#2930=DIRECTION('ref_axis',(-1.,0.,-1.77635683940025E-16));
#2931=DIRECTION('center_axis',(0.,-1.,0.));
#2932=DIRECTION('ref_axis',(1.,0.,2.22044604925031E-16));
#2933=DIRECTION('center_axis',(2.22044604925031E-16,0.,-1.));
#2934=DIRECTION('ref_axis',(-1.,0.,-1.77635683940025E-16));
#2935=DIRECTION('center_axis',(0.,-1.,0.));
#2936=DIRECTION('ref_axis',(1.,0.,2.22044604925031E-16));
#2937=DIRECTION('center_axis',(-0.110214180761017,-0.99390786009528,-2.08166817117217E-17));
#2938=DIRECTION('ref_axis',(0.99390786009528,-0.110214180761017,1.11022302462516E-16));
#2939=DIRECTION('',(0.99390786009528,-0.110214180761017,2.22044604925031E-16));
#2940=DIRECTION('',(-2.22044604925031E-16,0.,1.));
#2941=DIRECTION('',(0.99390786009528,-0.110214180761017,2.22044604925031E-16));
#2942=DIRECTION('',(-2.22044604925031E-16,0.,1.));
#2943=DIRECTION('',(-2.22044604925031E-16,0.,1.));
#2944=DIRECTION('',(-2.22044604925031E-16,0.,1.));
#2945=DIRECTION('center_axis',(-2.22044604925031E-16,0.,1.));
#2946=DIRECTION('ref_axis',(0.333009492288597,0.942923474119555,5.78241158658936E-17));
#2947=DIRECTION('center_axis',(-2.22044604925031E-16,0.,1.));
#2948=DIRECTION('ref_axis',(0.333009492288597,0.942923474119555,5.78241158658936E-17));
#2949=DIRECTION('',(-2.22044604925031E-16,0.,1.));
#2950=DIRECTION('center_axis',(2.22044604925031E-16,0.,-1.));
#2951=DIRECTION('ref_axis',(0.333009492288597,0.942923474119555,5.78241158658936E-17));
#2952=DIRECTION('center_axis',(-2.22044604925031E-16,0.,1.));
#2953=DIRECTION('ref_axis',(-0.333009492288599,-0.942923474119554,-6.50521303491302E-17));
#2954=DIRECTION('center_axis',(-2.22044604925031E-16,0.,1.));
#2955=DIRECTION('ref_axis',(-0.333009492288599,-0.942923474119554,-6.50521303491302E-17));
#2956=DIRECTION('',(-2.22044604925031E-16,0.,1.));
#2957=DIRECTION('center_axis',(-2.22044604925031E-16,0.,1.));
#2958=DIRECTION('ref_axis',(-0.333009492288599,-0.942923474119554,-6.50521303491302E-17));
#2959=DIRECTION('center_axis',(0.907550982487301,-0.419941917634254,1.11022302462516E-16));
#2960=DIRECTION('ref_axis',(0.419941917634254,0.907550982487301,5.55111512312578E-17));
#2961=DIRECTION('',(0.419941917634254,0.907550982487301,5.55111512312578E-17));
#2962=DIRECTION('',(-2.22044604925031E-16,0.,1.));
#2963=DIRECTION('',(0.419941917634254,0.907550982487301,5.55111512312578E-17));
#2964=DIRECTION('',(-2.22044604925031E-16,0.,1.));
#2965=DIRECTION('center_axis',(1.,-6.83105318044069E-17,2.22044604925031E-16));
#2966=DIRECTION('ref_axis',(6.83105318044069E-17,1.,1.23259516440783E-32));
#2967=DIRECTION('',(6.83105318044069E-17,1.,1.23259516440783E-32));
#2968=DIRECTION('',(-2.22044604925031E-16,0.,1.));
#2969=DIRECTION('',(6.83105318044069E-17,1.,1.23259516440783E-32));
#2970=DIRECTION('',(-2.22044604925031E-16,0.,1.));
#2971=DIRECTION('center_axis',(0.907550982487303,0.419941917634249,1.66533453693773E-16));
#2972=DIRECTION('ref_axis',(-0.419941917634249,0.907550982487303,-8.32667268468867E-17));
#2973=DIRECTION('',(-0.419941917634249,0.907550982487303,-8.32667268468867E-17));
#2974=DIRECTION('',(-2.22044604925031E-16,0.,1.));
#2975=DIRECTION('',(-0.419941917634249,0.907550982487303,-8.32667268468867E-17));
#2976=DIRECTION('center_axis',(-2.22044604925031E-16,0.,1.));
#2977=DIRECTION('ref_axis',(0.907550982487304,0.419941917634248,1.73472347597681E-16));
#2978=DIRECTION('center_axis',(-2.22044604925031E-16,0.,1.));
#2979=DIRECTION('ref_axis',(0.907550982487304,0.419941917634248,1.73472347597681E-16));
#2980=DIRECTION('',(-2.22044604925031E-16,0.,1.));
#2981=DIRECTION('center_axis',(-2.22044604925031E-16,0.,1.));
#2982=DIRECTION('ref_axis',(0.907550982487304,0.419941917634248,1.73472347597681E-16));
#2983=DIRECTION('center_axis',(-2.22044604925031E-16,0.,1.));
#2984=DIRECTION('ref_axis',(-0.597568825706014,0.8018176217472,-5.78241158658936E-17));
#2985=DIRECTION('center_axis',(-2.22044604925031E-16,0.,1.));
#2986=DIRECTION('ref_axis',(-0.597568825706014,0.8018176217472,-5.78241158658936E-17));
#2987=DIRECTION('',(-2.22044604925031E-16,0.,1.));
#2988=DIRECTION('center_axis',(2.22044604925031E-16,0.,-1.));
#2989=DIRECTION('ref_axis',(-0.597568825706014,0.8018176217472,-5.78241158658936E-17));
#2990=DIRECTION('',(-2.22044604925031E-16,0.,1.));
#2991=DIRECTION('',(-2.22044604925031E-16,0.,1.));
#2992=DIRECTION('center_axis',(-0.110214180761017,0.99390786009528,-2.08166817117217E-17));
#2993=DIRECTION('ref_axis',(-0.99390786009528,-0.110214180761017,-1.11022302462516E-16));
#2994=DIRECTION('',(-0.99390786009528,-0.110214180761017,-1.11022302462516E-16));
#2995=DIRECTION('',(-2.22044604925031E-16,0.,1.));
#2996=DIRECTION('',(-0.99390786009528,-0.110214180761017,-1.11022302462516E-16));
#2997=DIRECTION('center_axis',(-0.110214086238548,0.993907870576847,-2.08166817117217E-17));
#2998=DIRECTION('ref_axis',(-0.993907870576847,-0.110214086238548,-1.11022302462516E-16));
#2999=DIRECTION('',(0.993907870576847,0.110214086238548,2.20691880454115E-16));
#3000=DIRECTION('',(-2.22044604925031E-16,0.,1.));
#3001=DIRECTION('',(-0.993907870576847,-0.110214086238548,0.));
#3002=DIRECTION('center_axis',(-2.22044604925031E-16,0.,1.));
#3003=DIRECTION('ref_axis',(-0.110214086238545,0.993907870576847,-1.62630325872824E-17));
#3004=DIRECTION('center_axis',(-2.22044604925031E-16,0.,1.));
#3005=DIRECTION('ref_axis',(-0.110214086238545,0.993907870576847,-1.62630325872824E-17));
#3006=DIRECTION('',(-2.22044604925031E-16,0.,1.));
#3007=DIRECTION('center_axis',(-2.22044604925031E-16,0.,1.));
#3008=DIRECTION('ref_axis',(-0.110214086238545,0.993907870576847,-1.62630325872824E-17));
#3009=DIRECTION('center_axis',(-2.22044604925031E-16,0.,1.));
#3010=DIRECTION('ref_axis',(-0.255089564440836,-0.966917428798025,-4.33680868994203E-17));
#3011=DIRECTION('center_axis',(-2.22044604925031E-16,0.,1.));
#3012=DIRECTION('ref_axis',(-0.255089564440836,-0.966917428798025,-4.33680868994203E-17));
#3013=DIRECTION('',(-2.22044604925031E-16,0.,1.));
#3014=DIRECTION('center_axis',(2.22044604925031E-16,0.,-1.));
#3015=DIRECTION('ref_axis',(-0.255089564440836,-0.966917428798025,-4.33680868994203E-17));
#3016=DIRECTION('center_axis',(-2.22044604925031E-16,0.,1.));
#3017=DIRECTION('ref_axis',(0.255089564440836,0.966917428798026,2.16840434497101E-17));
#3018=DIRECTION('center_axis',(-2.22044604925031E-16,0.,1.));
#3019=DIRECTION('ref_axis',(0.255089564440836,0.966917428798026,2.16840434497101E-17));
#3020=DIRECTION('',(-2.22044604925031E-16,0.,1.));
#3021=DIRECTION('center_axis',(-2.22044604925031E-16,0.,1.));
#3022=DIRECTION('ref_axis',(0.255089564440836,0.966917428798026,2.16840434497101E-17));
#3023=DIRECTION('center_axis',(-0.938744255509598,0.344614600311319,-1.66533453693773E-16));
#3024=DIRECTION('ref_axis',(-0.344614600311319,-0.938744255509598,-5.55111512312578E-17));
#3025=DIRECTION('',(-0.344614600311319,-0.938744255509598,-5.55111512312578E-17));
#3026=DIRECTION('',(-2.22044604925031E-16,0.,1.));
#3027=DIRECTION('',(-0.344614600311319,-0.938744255509598,-5.55111512312578E-17));
#3028=DIRECTION('',(-2.22044604925031E-16,0.,1.));
#3029=DIRECTION('center_axis',(-1.,-1.55852505322885E-16,-2.22044604925031E-16));
#3030=DIRECTION('ref_axis',(1.55852505322885E-16,-1.,1.23259516440783E-32));
#3031=DIRECTION('',(1.55852505322885E-16,-1.,1.23259516440783E-32));
#3032=DIRECTION('',(-2.22044604925031E-16,0.,1.));
#3033=DIRECTION('',(1.55852505322885E-16,-1.,1.23259516440783E-32));
#3034=DIRECTION('',(-2.22044604925031E-16,0.,1.));
#3035=DIRECTION('center_axis',(-0.938744255509599,-0.344614600311319,-1.66533453693773E-16));
#3036=DIRECTION('ref_axis',(0.344614600311319,-0.938744255509599,5.55111512312578E-17));
#3037=DIRECTION('',(0.344614600311318,-0.938744255509598,5.55111512312578E-17));
#3038=DIRECTION('',(-2.22044604925031E-16,0.,1.));
#3039=DIRECTION('',(0.344614600311318,-0.938744255509598,5.55111512312578E-17));
#3040=DIRECTION('center_axis',(-2.22044604925031E-16,0.,1.));
#3041=DIRECTION('ref_axis',(-0.938744255509598,-0.344614600311321,-1.7347234759768E-16));
#3042=DIRECTION('center_axis',(-2.22044604925031E-16,0.,1.));
#3043=DIRECTION('ref_axis',(-0.938744255509598,-0.344614600311321,-1.7347234759768E-16));
#3044=DIRECTION('',(-2.22044604925031E-16,0.,1.));
#3045=DIRECTION('center_axis',(-2.22044604925031E-16,0.,1.));
#3046=DIRECTION('ref_axis',(-0.938744255509598,-0.344614600311321,-1.7347234759768E-16));
#3047=DIRECTION('center_axis',(-2.22044604925031E-16,0.,1.));
#3048=DIRECTION('ref_axis',(0.928783079352441,-0.370623787024792,1.73472347597681E-16));
#3049=DIRECTION('center_axis',(-2.22044604925031E-16,0.,1.));
#3050=DIRECTION('ref_axis',(0.928783079352441,-0.370623787024792,1.73472347597681E-16));
#3051=DIRECTION('',(-2.22044604925031E-16,0.,1.));
#3052=DIRECTION('center_axis',(2.22044604925031E-16,0.,-1.));
#3053=DIRECTION('ref_axis',(0.928783079352441,-0.370623787024792,1.73472347597681E-16));
#3054=DIRECTION('center_axis',(-2.22044604925031E-16,0.,1.));
#3055=DIRECTION('ref_axis',(-0.92878307935244,0.370623787024793,-1.73472347597681E-16));
#3056=DIRECTION('center_axis',(-2.22044604925031E-16,0.,1.));
#3057=DIRECTION('ref_axis',(-0.92878307935244,0.370623787024793,-1.73472347597681E-16));
#3058=DIRECTION('',(-2.22044604925031E-16,0.,1.));
#3059=DIRECTION('center_axis',(-2.22044604925031E-16,0.,1.));
#3060=DIRECTION('ref_axis',(-0.92878307935244,0.370623787024793,-1.73472347597681E-16));
#3061=DIRECTION('center_axis',(-0.110214086238548,-0.993907870576847,-2.08166817117217E-17));
#3062=DIRECTION('ref_axis',(0.993907870576847,-0.110214086238548,1.11022302462516E-16));
#3063=DIRECTION('',(0.993907870576847,-0.110214086238548,1.11022302462516E-16));
#3064=DIRECTION('',(0.993907870576847,-0.110214086238548,1.11022302462516E-16));
#3065=DIRECTION('center_axis',(0.110214086238548,0.993907870576847,1.38777878078145E-17));
#3066=DIRECTION('ref_axis',(-0.993907870576847,0.110214086238548,-1.11022302462516E-16));
#3067=DIRECTION('',(-0.993907870576847,0.110214086238548,-1.11022302462516E-16));
#3068=DIRECTION('center_axis',(0.938744255509598,0.344614600311319,1.66533453693773E-16));
#3069=DIRECTION('ref_axis',(-0.344614600311319,0.938744255509598,-5.55111512312578E-17));
#3070=DIRECTION('',(-2.22044604925031E-16,0.,1.));
#3071=DIRECTION('',(-0.344614600311319,0.938744255509598,-5.55111512312578E-17));
#3072=DIRECTION('',(-2.22044604925031E-16,0.,1.));
#3073=DIRECTION('center_axis',(1.,4.68038648007509E-16,2.22044604925031E-16));
#3074=DIRECTION('ref_axis',(-4.68038648007509E-16,1.,-4.93038065763132E-32));
#3075=DIRECTION('',(-2.22044604925031E-16,0.,1.));
#3076=DIRECTION('',(-4.68038648007509E-16,1.,-4.93038065763132E-32));
#3077=DIRECTION('',(-2.22044604925031E-16,0.,1.));
#3078=DIRECTION('center_axis',(0.938744255509598,-0.34461460031132,1.66533453693773E-16));
#3079=DIRECTION('ref_axis',(0.34461460031132,0.938744255509598,5.55111512312578E-17));
#3080=DIRECTION('',(0.34461460031132,0.938744255509598,5.55111512312578E-17));
#3081=DIRECTION('center_axis',(-0.907550982487298,-0.41994191763426,-1.66533453693773E-16));
#3082=DIRECTION('ref_axis',(0.41994191763426,-0.907550982487298,2.77555756156289E-17));
#3083=DIRECTION('',(-2.22044604925031E-16,0.,1.));
#3084=DIRECTION('',(0.41994191763426,-0.907550982487298,2.77555756156289E-17));
#3085=DIRECTION('',(-2.22044604925031E-16,0.,1.));
#3086=DIRECTION('center_axis',(-1.,1.9111725640501E-15,-2.22044604925031E-16));
#3087=DIRECTION('ref_axis',(-1.9111725640501E-15,-1.,-2.95822839457879E-31));
#3088=DIRECTION('',(-2.22044604925031E-16,0.,1.));
#3089=DIRECTION('',(-1.9111725640501E-15,-1.,-2.95822839457879E-31));
#3090=DIRECTION('',(-2.22044604925031E-16,0.,1.));
#3091=DIRECTION('center_axis',(-0.907550982487299,0.419941917634258,-2.22044604925031E-16));
#3092=DIRECTION('ref_axis',(-0.419941917634258,-0.907550982487299,-5.55111512312578E-17));
#3093=DIRECTION('',(-2.22044604925031E-16,0.,1.));
#3094=DIRECTION('',(-0.419941917634258,-0.907550982487299,-5.55111512312578E-17));
#3095=DIRECTION('',(2.22044604925031E-16,0.,-1.));
#3096=DIRECTION('',(2.22044604925031E-16,0.,-1.));
#3097=DIRECTION('center_axis',(-0.11021408623856,0.993907870576845,-1.38777878078145E-17));
#3098=DIRECTION('ref_axis',(0.993907870576845,0.11021408623856,1.11022302462516E-16));
#3099=DIRECTION('',(0.993907870576845,0.11021408623856,1.11022302462516E-16));
#3100=DIRECTION('',(0.993907870576845,0.11021408623856,1.11022302462516E-16));
#3101=DIRECTION('',(2.22044604925031E-16,0.,-1.));
#3102=DIRECTION('',(2.22044604925031E-16,0.,-1.));
#3103=DIRECTION('center_axis',(0.907550982487304,0.419941917634248,1.66533453693773E-16));
#3104=DIRECTION('ref_axis',(0.419941917634248,-0.907550982487304,2.77555756156289E-17));
#3105=DIRECTION('',(0.419941917634248,-0.907550982487304,2.77555756156289E-17));
#3106=DIRECTION('',(0.419941917634248,-0.907550982487304,2.77555756156289E-17));
#3107=DIRECTION('',(2.22044604925031E-16,0.,-1.));
#3108=DIRECTION('',(2.22044604925031E-16,0.,-1.));
#3109=DIRECTION('center_axis',(1.,6.84015201995035E-17,2.22044604925031E-16));
#3110=DIRECTION('ref_axis',(6.84015201995035E-17,-1.,1.23259516440783E-32));
#3111=DIRECTION('',(6.84015201995035E-17,-1.,1.23259516440783E-32));
#3112=DIRECTION('',(6.84015201995035E-17,-1.,1.23259516440783E-32));
#3113=DIRECTION('',(2.22044604925031E-16,0.,-1.));
#3114=DIRECTION('',(2.22044604925031E-16,0.,-1.));
#3115=DIRECTION('center_axis',(0.907550982487299,-0.419941917634259,1.11022302462516E-16));
#3116=DIRECTION('ref_axis',(-0.419941917634259,-0.907550982487299,-5.55111512312578E-17));
#3117=DIRECTION('',(-0.419941917634259,-0.907550982487299,-5.55111512312578E-17));
#3118=DIRECTION('',(-0.419941917634259,-0.907550982487299,-5.55111512312578E-17));
#3119=DIRECTION('',(2.22044604925031E-16,0.,-1.));
#3120=DIRECTION('',(2.22044604925031E-16,0.,-1.));
#3121=DIRECTION('center_axis',(-0.110214086238547,-0.993907870576847,-2.77555756156289E-17));
#3122=DIRECTION('ref_axis',(-0.993907870576847,0.110214086238547,-1.11022302462516E-16));
#3123=DIRECTION('',(-0.993907870576847,0.110214086238547,-1.11022302462516E-16));
#3124=DIRECTION('',(-0.993907870576847,0.110214086238547,-1.11022302462516E-16));
#3125=DIRECTION('',(2.22044604925031E-16,0.,-1.));
#3126=DIRECTION('',(2.22044604925031E-16,0.,-1.));
#3127=DIRECTION('center_axis',(-0.938744255509601,-0.344614600311311,-1.11022302462516E-16));
#3128=DIRECTION('ref_axis',(-0.344614600311311,0.938744255509601,-5.55111512312578E-17));
#3129=DIRECTION('',(-0.344614600311311,0.938744255509601,-5.55111512312578E-17));
#3130=DIRECTION('',(-0.344614600311311,0.938744255509601,-5.55111512312578E-17));
#3131=DIRECTION('',(2.22044604925031E-16,0.,-1.));
#3132=DIRECTION('',(2.22044604925031E-16,0.,-1.));
#3133=DIRECTION('center_axis',(-1.,0.,-2.22044604925031E-16));
#3134=DIRECTION('ref_axis',(0.,1.,0.));
#3135=DIRECTION('',(0.,1.,0.));
#3136=DIRECTION('',(0.,1.,0.));
#3137=DIRECTION('',(2.22044604925031E-16,0.,-1.));
#3138=DIRECTION('',(2.22044604925031E-16,0.,-1.));
#3139=DIRECTION('center_axis',(-0.938744255509593,0.344614600311333,-1.11022302462516E-16));
#3140=DIRECTION('ref_axis',(0.344614600311333,0.938744255509593,5.55111512312578E-17));
#3141=DIRECTION('',(0.344614600311333,0.938744255509593,5.55111512312578E-17));
#3142=DIRECTION('',(0.344614600311333,0.938744255509593,5.55111512312578E-17));
#3143=DIRECTION('center_axis',(0.,1.,0.));
#3144=DIRECTION('ref_axis',(-0.707106781186548,0.,-0.707106781186547));
#3145=DIRECTION('center_axis',(6.84015201995035E-17,-1.,1.23259516440783E-32));
#3146=DIRECTION('ref_axis',(0.707106781186549,0.,-0.707106781186547));
#3147=DIRECTION('center_axis',(-0.344614600311311,0.938744255509601,-5.55111512312578E-17));
#3148=DIRECTION('ref_axis',(-0.663792428870757,-0.243679320776021,-0.707106781186546));
#3149=DIRECTION('center_axis',(0.344614600311333,0.938744255509593,5.55111512312578E-17));
#3150=DIRECTION('ref_axis',(-0.663792428870751,0.243679320776037,-0.707106781186547));
#3151=DIRECTION('center_axis',(2.22044604925031E-16,0.,-1.));
#3152=DIRECTION('ref_axis',(1.,0.,1.73472347597681E-16));
#3153=DIRECTION('center_axis',(-2.22044604925031E-16,0.,1.));
#3154=DIRECTION('ref_axis',(1.,0.,1.73472347597681E-16));
#3155=DIRECTION('',(-2.22044604925031E-16,0.,1.));
#3156=DIRECTION('center_axis',(-2.22044604925031E-16,0.,1.));
#3157=DIRECTION('ref_axis',(1.,0.,1.73472347597681E-16));
#3158=DIRECTION('center_axis',(0.419941917634248,-0.907550982487304,2.77555756156289E-17));
#3159=DIRECTION('ref_axis',(0.641735453989287,0.296943777663661,-0.707106781186546));
#3160=DIRECTION('center_axis',(2.22044604925031E-16,0.,-1.));
#3161=DIRECTION('ref_axis',(1.,0.,6.30808536718839E-17));
#3162=DIRECTION('',(0.707106781186547,-8.65956056235493E-17,0.707106781186548));
#3163=DIRECTION('center_axis',(0.993907870576845,0.11021408623856,1.11022302462516E-16));
#3164=DIRECTION('ref_axis',(-0.0779331277615634,0.702798995159569,-0.707106781186547));
#3165=DIRECTION('center_axis',(2.22044604925031E-16,0.,-1.));
#3166=DIRECTION('ref_axis',(1.,0.,8.67361737988402E-17));
#3167=DIRECTION('center_axis',(-2.22044604925031E-16,0.,1.));
#3168=DIRECTION('ref_axis',(1.,0.,8.67361737988402E-17));
#3169=DIRECTION('',(-2.22044604925031E-16,0.,1.));
#3170=DIRECTION('center_axis',(-2.22044604925031E-16,0.,1.));
#3171=DIRECTION('ref_axis',(1.,0.,8.67361737988402E-17));
#3172=DIRECTION('center_axis',(2.22044604925031E-16,0.,-1.));
#3173=DIRECTION('ref_axis',(1.,0.,2.52323414687535E-16));
#3174=DIRECTION('',(0.707106781186547,-8.65956056235493E-17,0.707106781186548));
#3175=DIRECTION('center_axis',(2.22044604925031E-16,0.,-1.));
#3176=DIRECTION('ref_axis',(1.,0.,8.67361737988402E-17));
#3177=DIRECTION('center_axis',(-2.22044604925031E-16,0.,1.));
#3178=DIRECTION('ref_axis',(1.,0.,8.67361737988402E-17));
#3179=DIRECTION('',(-2.22044604925031E-16,0.,1.));
#3180=DIRECTION('center_axis',(-2.22044604925031E-16,0.,1.));
#3181=DIRECTION('ref_axis',(1.,0.,8.67361737988402E-17));
#3182=DIRECTION('center_axis',(2.22044604925031E-16,0.,-1.));
#3183=DIRECTION('ref_axis',(1.,0.,2.52323414687535E-16));
#3184=DIRECTION('',(0.707106781186547,-8.65956056235493E-17,0.707106781186548));
#3185=DIRECTION('center_axis',(-0.993907870576847,0.110214086238547,-1.11022302462516E-16));
#3186=DIRECTION('ref_axis',(-0.077933127761555,-0.702798995159573,-0.707106781186545));
#3187=DIRECTION('center_axis',(2.22044604925031E-16,0.,-1.));
#3188=DIRECTION('ref_axis',(1.,0.,1.73472347597681E-16));
#3189=DIRECTION('center_axis',(-2.22044604925031E-16,0.,1.));
#3190=DIRECTION('ref_axis',(1.,0.,1.73472347597681E-16));
#3191=DIRECTION('',(-2.22044604925031E-16,0.,1.));
#3192=DIRECTION('center_axis',(-2.22044604925031E-16,0.,1.));
#3193=DIRECTION('ref_axis',(1.,0.,1.73472347597681E-16));
#3194=DIRECTION('center_axis',(-0.419941917634259,-0.907550982487299,-5.55111512312578E-17));
#3195=DIRECTION('ref_axis',(0.641735453989284,-0.296943777663667,-0.707106781186546));
#3196=DIRECTION('center_axis',(2.22044604925031E-16,0.,-1.));
#3197=DIRECTION('ref_axis',(1.,0.,6.30808536718839E-17));
#3198=DIRECTION('',(0.707106781186547,-8.65956056235493E-17,0.707106781186548));
#3199=DIRECTION('center_axis',(-2.22044604925031E-16,0.,1.));
#3200=DIRECTION('ref_axis',(1.,0.,2.22044604925031E-16));
#3201=DIRECTION('center_axis',(-2.22044604925031E-16,0.,1.));
#3202=DIRECTION('ref_axis',(-0.202817237820927,-0.979216609358057,-3.06127672231202E-17));
#3203=DIRECTION('center_axis',(-2.22044604925031E-16,0.,1.));
#3204=DIRECTION('ref_axis',(-0.202817237820927,-0.979216609358057,-3.06127672231202E-17));
#3205=DIRECTION('center_axis',(0.,0.,1.));
#3206=DIRECTION('ref_axis',(-1.,0.,0.));
#3207=DIRECTION('center_axis',(-2.22044604925031E-16,0.,1.));
#3208=DIRECTION('ref_axis',(0.2819128236214,0.959440024117094,6.12255344462403E-17));
#3209=DIRECTION('center_axis',(0.,0.,1.));
#3210=DIRECTION('ref_axis',(-1.,0.,0.));
#3211=CARTESIAN_POINT('',(0.,0.,0.));
#3212=CARTESIAN_POINT('Origin',(-3.6520548182201,-2.7,-15.1606704894664));
#3213=CARTESIAN_POINT('',(-10.0520548182201,-2.7,-18.1606704894662));
#3214=CARTESIAN_POINT('',(-3.6520548182201,-2.7,-18.1606704894662));
#3215=CARTESIAN_POINT('',(-2.07731282126791,-2.7,-18.1606704894662));
#3216=CARTESIAN_POINT('',(-10.0520548182201,-2.7,-15.1606704894664));
#3217=CARTESIAN_POINT('',(-10.0520548182201,-2.7,-15.1606704894664));
#3218=CARTESIAN_POINT('',(-3.6520548182201,-2.7,-15.1606704894664));
#3219=CARTESIAN_POINT('',(-2.07731282126791,-2.7,-15.1606704894662));
#3220=CARTESIAN_POINT('',(-3.6520548182201,-2.7,-15.1606704894664));
#3221=CARTESIAN_POINT('Origin',(-3.6520548182201,7.7,-15.1606704894662));
#3222=CARTESIAN_POINT('',(-3.6520548182201,7.7,-18.1606704894662));
#3223=CARTESIAN_POINT('',(-3.6520548182201,5.1000000000004,-18.1606704894662));
#3224=CARTESIAN_POINT('',(-3.6520548182201,7.7,-15.1606704894662));
#3225=CARTESIAN_POINT('',(-3.6520548182201,5.1000000000004,-15.1606704894662));
#3226=CARTESIAN_POINT('',(-3.6520548182201,7.7,-15.1606704894662));
#3227=CARTESIAN_POINT('Origin',(-10.0520548182201,7.7,-15.1606704894664));
#3228=CARTESIAN_POINT('',(-10.0520548182201,7.7,-18.1606704894662));
#3229=CARTESIAN_POINT('',(-5.27731282126791,7.7,-18.1606704894662));
#3230=CARTESIAN_POINT('',(-10.0520548182201,7.7,-15.1606704894664));
#3231=CARTESIAN_POINT('',(-5.27731282126791,7.7,-15.1606704894662));
#3232=CARTESIAN_POINT('',(-10.0520548182201,7.7,-15.1606704894664));
#3233=CARTESIAN_POINT('Origin',(-10.0520548182201,-2.7,-15.1606704894664));
#3234=CARTESIAN_POINT('',(-10.0520548182201,-0.0999999999996048,-18.1606704894662));
#3235=CARTESIAN_POINT('',(-10.0520548182201,-0.0999999999996048,-15.1606704894662));
#3236=CARTESIAN_POINT('Origin',(-0.502570824315711,2.50000000000079,-15.1606704894662));
#3237=CARTESIAN_POINT('',(-14.2931326070026,55.7338753359607,-15.1606704894662));
#3238=CARTESIAN_POINT('',(-21.6458190497944,47.9520373938973,-15.1606704894662));
#3239=CARTESIAN_POINT('Origin',(-21.017568380458,54.7229532179552,-15.1606704894662));
#3240=CARTESIAN_POINT('',(-22.6769531096181,47.3009290789059,-15.1606704894662));
#3241=CARTESIAN_POINT('Origin',(-21.7382088541085,46.9563144785946,-15.1606704894662));
#3242=CARTESIAN_POINT('',(-25.2902187023594,40.182286801154,-15.1606704894662));
#3243=CARTESIAN_POINT('',(-22.3967255976403,48.0642802743204,-15.1606704894662));
#3244=CARTESIAN_POINT('',(-26.6401161766427,30.9649063751822,-15.1606704894662));
#3245=CARTESIAN_POINT('Ctrl Pts',(-25.2902187023594,40.182286801154,-15.1606704894662));
#3246=CARTESIAN_POINT('Ctrl Pts',(-25.9075850100717,38.2015190336966,-15.1606704894663));
#3247=CARTESIAN_POINT('Ctrl Pts',(-26.3269597555615,35.9762107227873,-15.1606704894662));
#3248=CARTESIAN_POINT('Ctrl Pts',(-26.5197550362617,33.3506729297936,-15.1606704894662));
#3249=CARTESIAN_POINT('Ctrl Pts',(-26.5762157069445,32.581776387528,-15.1606704894662));
#3250=CARTESIAN_POINT('Ctrl Pts',(-26.6159174663816,31.7842582648056,-15.1606704894662));
#3251=CARTESIAN_POINT('Ctrl Pts',(-26.6401161766427,30.9649063751824,-15.1606704894662));
#3252=CARTESIAN_POINT('',(-26.6401161766426,-25.9649063751876,-15.1606704894662));
#3253=CARTESIAN_POINT('',(-26.6401161766427,30.9649063751822,-15.1606704894662));
#3254=CARTESIAN_POINT('',(-25.2902187023592,-35.1822868011545,-15.1606704894662));
#3255=CARTESIAN_POINT('Ctrl Pts',(-26.6401161766426,-25.9649063751878,-15.1606704894662));
#3256=CARTESIAN_POINT('Ctrl Pts',(-26.5728642113259,-28.242012232001,-15.1606704894662));
#3257=CARTESIAN_POINT('Ctrl Pts',(-26.387659443279,-30.3279686337351,-15.1606704894662));
#3258=CARTESIAN_POINT('Ctrl Pts',(-26.0438139185201,-32.1526392207996,-15.1606704894662));
#3259=CARTESIAN_POINT('Ctrl Pts',(-25.8415072871725,-33.2262113141026,-15.1606704894662));
#3260=CARTESIAN_POINT('Ctrl Pts',(-25.5859146164017,-34.2335713818205,-15.1606704894663));
#3261=CARTESIAN_POINT('Ctrl Pts',(-25.2902187023592,-35.1822868011545,-15.1606704894662));
#3262=CARTESIAN_POINT('',(-22.6769531096182,-42.3009290789059,-15.1606704894662));
#3263=CARTESIAN_POINT('',(-25.2902187023592,-35.1822868011545,-15.1606704894662));
#3264=CARTESIAN_POINT('',(-21.6458190497944,-42.9520373938973,-15.1606704894662));
#3265=CARTESIAN_POINT('Origin',(-21.7382088541086,-41.9563144785946,-15.1606704894662));
#3266=CARTESIAN_POINT('',(-14.2931326070026,-50.7338753359607,-15.1606704894662));
#3267=CARTESIAN_POINT('Origin',(-21.017568380458,-49.7229532179552,-15.1606704894662));
#3268=CARTESIAN_POINT('',(-13.4144590794977,-51.8764482238912,-15.1606704894662));
#3269=CARTESIAN_POINT('Origin',(-13.3042449932591,-50.8825403533144,-15.1606704894662));
#3270=CARTESIAN_POINT('',(-9.53155003476607,-52.3070226110969,-15.1606704894662));
#3271=CARTESIAN_POINT('',(-14.527661799555,-51.7530055747067,-15.1606704894662));
#3272=CARTESIAN_POINT('',(5.45505097466705,-53.9688819266018,-15.1606704894662));
#3273=CARTESIAN_POINT('',(5.45505097466705,-53.9688819266018,-15.1606704894662));
#3274=CARTESIAN_POINT('',(11.6433761737768,-54.6551068082179,-15.1606704894662));
#3275=CARTESIAN_POINT('',(4.64684333449121,-53.8792595854422,-15.1606704894662));
#3276=CARTESIAN_POINT('',(13.9962867582128,-54.6510364350111,-15.1606704894662));
#3277=CARTESIAN_POINT('Ctrl Pts',(11.6433761737768,-54.6551068082179,-15.1606704894662));
#3278=CARTESIAN_POINT('Ctrl Pts',(12.4937939212127,-54.7477950790198,-15.1606704894662));
#3279=CARTESIAN_POINT('Ctrl Pts',(13.2877335030537,-54.7432127951828,-15.1606704894662));
#3280=CARTESIAN_POINT('Ctrl Pts',(13.9936696010109,-54.649392841933,-15.1606704894662));
#3281=CARTESIAN_POINT('',(14.6767900623574,-53.0766786121193,-15.1606704894662));
#3282=CARTESIAN_POINT('Ctrl Pts',(13.9962867582128,-54.6510364350109,-15.1606704894662));
#3283=CARTESIAN_POINT('Ctrl Pts',(14.2881489959496,-54.6122002732444,-15.1606704894662));
#3284=CARTESIAN_POINT('Ctrl Pts',(14.5584754562813,-54.4358116224237,-15.1606704894662));
#3285=CARTESIAN_POINT('Ctrl Pts',(14.7139500705146,-54.1865466200156,-15.1606704894662));
#3286=CARTESIAN_POINT('Ctrl Pts',(14.8175998133368,-54.0203699517434,-15.1606704894662));
#3287=CARTESIAN_POINT('Ctrl Pts',(14.8702042912264,-53.8218037938768,-15.1606704894662));
#3288=CARTESIAN_POINT('Ctrl Pts',(14.8636157519677,-53.6257476209555,-15.1606704894662));
#3289=CARTESIAN_POINT('Ctrl Pts',(14.857027212709,-53.4296914480341,-15.1606704894662));
#3290=CARTESIAN_POINT('Ctrl Pts',(14.791245656302,-53.236145260058,-15.1606704894662));
#3291=CARTESIAN_POINT('Ctrl Pts',(14.6767900623574,-53.0766786121193,-15.1606704894662));
#3292=CARTESIAN_POINT('',(22.1181448166384,-42.5874411638392,-15.1606704894662));
#3293=CARTESIAN_POINT('Origin',(20.2011376160128,-49.1116333278355,-15.1606704894662));
#3294=CARTESIAN_POINT('',(23.8153562492914,-38.9195389170946,-15.1606704894662));
#3295=CARTESIAN_POINT('',(22.1181448166384,-42.5874411638392,-15.1606704894662));
#3296=CARTESIAN_POINT('',(25.5812427511792,-30.0310704791879,-15.1606704894662));
#3297=CARTESIAN_POINT('Ctrl Pts',(23.815356249292,-38.9195389170936,-15.1606704894662));
#3298=CARTESIAN_POINT('Ctrl Pts',(23.8260101105499,-38.9000381077533,-15.1606704894662));
#3299=CARTESIAN_POINT('Ctrl Pts',(23.8366639718079,-38.880537298413,-15.1606704894662));
#3300=CARTESIAN_POINT('Ctrl Pts',(23.8473178330658,-38.8610364890727,-15.1606704894662));
#3301=CARTESIAN_POINT('Ctrl Pts',(23.8494486053168,-38.8571363272057,-15.1606704894662));
#3302=CARTESIAN_POINT('Ctrl Pts',(23.851579377569,-38.8532361653366,-15.1606704894662));
#3303=CARTESIAN_POINT('Ctrl Pts',(23.8537101498205,-38.8493360034686,-15.1606704894662));
#3304=CARTESIAN_POINT('Ctrl Pts',(24.4817482788578,-37.6997760912189,-15.1606704894662));
#3305=CARTESIAN_POINT('Ctrl Pts',(24.9589358930641,-36.4482952407575,-15.1606704894662));
#3306=CARTESIAN_POINT('Ctrl Pts',(25.2439571105769,-35.0062923982356,-15.1606704894662));
#3307=CARTESIAN_POINT('Ctrl Pts',(25.4430322818352,-33.9991148788384,-15.1606704894662));
#3308=CARTESIAN_POINT('Ctrl Pts',(25.5526340530817,-32.8710337683115,-15.1606704894662));
#3309=CARTESIAN_POINT('Ctrl Pts',(25.5837115873468,-31.6469334169424,-15.1606704894662));
#3310=CARTESIAN_POINT('Ctrl Pts',(25.5950421963122,-31.2006366709588,-15.1606704894662));
#3311=CARTESIAN_POINT('Ctrl Pts',(25.5960086613138,-30.7424349597339,-15.1606704894662));
#3312=CARTESIAN_POINT('Ctrl Pts',(25.5868679708325,-30.2743132768168,-15.1606704894662));
#3313=CARTESIAN_POINT('Ctrl Pts',(25.5854600585137,-30.2022099400485,-15.1606704894662));
#3314=CARTESIAN_POINT('Ctrl Pts',(25.5839261634546,-30.1346930001757,-15.1606704894662));
#3315=CARTESIAN_POINT('Ctrl Pts',(25.581913018636,-30.0569534954704,-15.1606704894662));
#3316=CARTESIAN_POINT('Ctrl Pts',(25.5816895961504,-30.0483258233759,-15.1606704894662));
#3317=CARTESIAN_POINT('Ctrl Pts',(25.5814661736648,-30.0396981512814,-15.1606704894662));
#3318=CARTESIAN_POINT('Ctrl Pts',(25.5812427511791,-30.0310704791872,-15.1606704894662));
#3319=CARTESIAN_POINT('',(25.5812427511793,35.0310704791927,-15.1606704894662));
#3320=CARTESIAN_POINT('',(25.5812427511792,-30.0310704791879,-15.1606704894662));
#3321=CARTESIAN_POINT('',(23.815356249291,43.9195389170955,-15.1606704894662));
#3322=CARTESIAN_POINT('Ctrl Pts',(25.5812427511794,35.0310704791971,-15.1606704894662));
#3323=CARTESIAN_POINT('Ctrl Pts',(25.5814661736649,35.0396981512877,-15.1606704894662));
#3324=CARTESIAN_POINT('Ctrl Pts',(25.5816895961505,35.0483258233787,-15.1606704894662));
#3325=CARTESIAN_POINT('Ctrl Pts',(25.581913018636,35.0569534954692,-15.1606704894662));
#3326=CARTESIAN_POINT('Ctrl Pts',(25.5908525258689,35.4021610822122,-15.1606704894662));
#3327=CARTESIAN_POINT('Ctrl Pts',(25.5939619187853,35.697268513662,-15.1606704894662));
#3328=CARTESIAN_POINT('Ctrl Pts',(25.5928386132687,36.0098776257396,-15.1606704894662));
#3329=CARTESIAN_POINT('Ctrl Pts',(25.5864063335537,37.7999420566408,-15.1606704894662));
#3330=CARTESIAN_POINT('Ctrl Pts',(25.4229635521764,39.3953380909328,-15.1606704894662));
#3331=CARTESIAN_POINT('Ctrl Pts',(25.0730830464768,40.7613625965062,-15.1606704894662));
#3332=CARTESIAN_POINT('Ctrl Pts',(24.7851367201752,41.8855799553193,-15.1606704894662));
#3333=CARTESIAN_POINT('Ctrl Pts',(24.3692077064386,42.9057701615996,-15.1606704894662));
#3334=CARTESIAN_POINT('Ctrl Pts',(23.8537101498206,43.8493360034685,-15.1606704894662));
#3335=CARTESIAN_POINT('Ctrl Pts',(23.851579377569,43.8532361653365,-15.1606704894662));
#3336=CARTESIAN_POINT('Ctrl Pts',(23.8494486053166,43.8571363272061,-15.1606704894662));
#3337=CARTESIAN_POINT('Ctrl Pts',(23.8473178330652,43.8610364890738,-15.1606704894662));
#3338=CARTESIAN_POINT('Ctrl Pts',(23.8366639718071,43.8805372984145,-15.1606704894662));
#3339=CARTESIAN_POINT('Ctrl Pts',(23.8260101105493,43.9000381077545,-15.1606704894662));
#3340=CARTESIAN_POINT('Ctrl Pts',(23.8153562492911,43.9195389170953,-15.1606704894662));
#3341=CARTESIAN_POINT('',(22.4596256437639,46.8494551540019,-15.1606704894662));
#3342=CARTESIAN_POINT('',(23.815356249291,43.9195389170955,-15.1606704894662));
#3343=CARTESIAN_POINT('',(21.3788776041915,47.4144004275815,-15.1606704894662));
#3344=CARTESIAN_POINT('Origin',(21.5520746612766,46.4295132363676,-15.1606704894662));
#3345=CARTESIAN_POINT('',(14.6767900623573,58.0766786121192,-15.1606704894662));
#3346=CARTESIAN_POINT('Origin',(20.2011376160129,54.1116333278355,-15.1606704894662));
#3347=CARTESIAN_POINT('',(13.9962867582125,59.6510364350111,-15.1606704894662));
#3348=CARTESIAN_POINT('Ctrl Pts',(14.6767900623572,58.0766786121193,-15.1606704894662));
#3349=CARTESIAN_POINT('Ctrl Pts',(14.8484734532741,58.3158785840273,-15.1606704894662));
#3350=CARTESIAN_POINT('Ctrl Pts',(14.9052031193319,58.633637592057,-15.1606704894662));
#3351=CARTESIAN_POINT('Ctrl Pts',(14.8301630845787,58.9176701482502,-15.1606704894662));
#3352=CARTESIAN_POINT('Ctrl Pts',(14.7801363947432,59.1070251857123,-15.1606704894662));
#3353=CARTESIAN_POINT('Ctrl Pts',(14.671545393436,59.2813906890249,-15.1606704894662));
#3354=CARTESIAN_POINT('Ctrl Pts',(14.5242266905928,59.4109208077219,-15.1606704894662));
#3355=CARTESIAN_POINT('Ctrl Pts',(14.3769079877496,59.5404509264188,-15.1606704894662));
#3356=CARTESIAN_POINT('Ctrl Pts',(14.1908615833704,59.6251456605001,-15.1606704894662));
#3357=CARTESIAN_POINT('Ctrl Pts',(13.9962867582125,59.6510364350111,-15.1606704894662));
#3358=CARTESIAN_POINT('',(11.6433761737768,59.6551068082179,-15.1606704894662));
#3359=CARTESIAN_POINT('Ctrl Pts',(13.9935223081083,59.6513953102475,-15.1606704894662));
#3360=CARTESIAN_POINT('Ctrl Pts',(13.7163516156521,59.6881981305515,-15.1606704894662));
#3361=CARTESIAN_POINT('Ctrl Pts',(13.4252005905188,59.7110064002572,-15.1606704894662));
#3362=CARTESIAN_POINT('Ctrl Pts',(13.1209097944044,59.7194347842746,-15.1606704894662));
#3363=CARTESIAN_POINT('Ctrl Pts',(12.6534004310765,59.7323840699453,-15.1606704894662));
#3364=CARTESIAN_POINT('Ctrl Pts',(12.1585072667189,59.7112516974621,-15.1606704894662));
#3365=CARTESIAN_POINT('Ctrl Pts',(11.6433761737768,59.6551068082179,-15.1606704894662));
#3366=CARTESIAN_POINT('',(5.45505097466705,58.9688819266018,-15.1606704894662));
#3367=CARTESIAN_POINT('',(11.6433761737768,59.6551068082179,-15.1606704894662));
#3368=CARTESIAN_POINT('',(-9.53155003476607,57.3070226110969,-15.1606704894662));
#3369=CARTESIAN_POINT('',(-9.53155003476607,57.3070226110969,-15.1606704894662));
#3370=CARTESIAN_POINT('',(-13.4144590794977,56.8764482238912,-15.1606704894662));
#3371=CARTESIAN_POINT('',(-8.7233418814977,57.3966445224832,-15.1606704894662));
#3372=CARTESIAN_POINT('Origin',(-13.3042449932591,55.8825403533144,-15.1606704894662));
#3373=CARTESIAN_POINT('',(-11.9283037827904,10.5,-15.1606704894662));
#3374=CARTESIAN_POINT('',(-11.9283037827904,-5.5,-15.1606704894662));
#3375=CARTESIAN_POINT('',(-11.9283037827904,-0.499999999999607,-15.1606704894662));
#3376=CARTESIAN_POINT('',(-24.9283037827904,-5.5,-15.1606704894662));
#3377=CARTESIAN_POINT('',(-6.21543730355305,-5.5,-15.1606704894662));
#3378=CARTESIAN_POINT('',(-24.9283037827904,10.5,-15.1606704894662));
#3379=CARTESIAN_POINT('',(-24.9283037827904,5.50000000000039,-15.1606704894662));
#3380=CARTESIAN_POINT('',(-12.715437303553,10.5,-15.1606704894662));
#3381=CARTESIAN_POINT('',(6.98124269097593,29.5000050564868,-15.1606704894662));
#3382=CARTESIAN_POINT('Origin',(-1.01875730902408,29.5000050564868,-15.1606704894662));
#3383=CARTESIAN_POINT('',(6.98124269097592,-24.4999949140568,-15.1606704894662));
#3384=CARTESIAN_POINT('Origin',(-1.01875730902408,-24.4999949140568,-15.1606704894662));
#3385=CARTESIAN_POINT('',(8.88381649614999,-51.8351562334758,-15.1606704894662));
#3386=CARTESIAN_POINT('',(-7.51618350385002,-51.8351562334758,-15.1606704894662));
#3387=CARTESIAN_POINT('',(4.19062283591714,-51.8351562334758,-15.1606704894662));
#3388=CARTESIAN_POINT('',(-7.51618350385002,-43.8351562334758,-15.1606704894662));
#3389=CARTESIAN_POINT('Origin',(-7.51618350385001,-47.8351562334758,-15.1606704894662));
#3390=CARTESIAN_POINT('',(8.88381649614999,-43.8351562334758,-15.1606704894662));
#3391=CARTESIAN_POINT('',(-4.00937716408286,-43.8351562334758,-15.1606704894662));
#3392=CARTESIAN_POINT('Origin',(8.88381649614999,-47.8351562334758,-15.1606704894662));
#3393=CARTESIAN_POINT('Origin',(-9.53155003476607,57.3070226110969,-13.1606704894662));
#3394=CARTESIAN_POINT('',(-9.53155003476607,57.3070226110969,-13.1606704894662));
#3395=CARTESIAN_POINT('',(5.45505097466705,58.9688819266018,-13.1606704894662));
#3396=CARTESIAN_POINT('',(-1.68896620544573,58.1766841832026,-13.1606704894662));
#3397=CARTESIAN_POINT('',(-9.53155003476607,57.3070226110969,-15.1606704894662));
#3398=CARTESIAN_POINT('',(5.45505097466705,58.9688819266018,-15.1606704894662));
#3399=CARTESIAN_POINT('Origin',(-0.52205375766448,2.49229449546278,-17.3606704894662));
#3400=CARTESIAN_POINT('',(-7.51618350385002,-51.8351562334758,-17.3606704894662));
#3401=CARTESIAN_POINT('',(-7.51618350385002,-43.8351562334758,-17.3606704894662));
#3402=CARTESIAN_POINT('Origin',(-7.51618350385001,-47.8351562334758,-17.3606704894662));
#3403=CARTESIAN_POINT('',(8.88381649614999,-51.8351562334758,-17.3606704894662));
#3404=CARTESIAN_POINT('',(8.88381649614999,-51.8351562334758,-17.3606704894662));
#3405=CARTESIAN_POINT('',(8.88381649614999,-43.8351562334758,-17.3606704894662));
#3406=CARTESIAN_POINT('Origin',(8.88381649614999,-47.8351562334758,-17.3606704894662));
#3407=CARTESIAN_POINT('',(-7.51618350385002,-43.8351562334758,-17.3606704894662));
#3408=CARTESIAN_POINT('',(8.88381649614999,-44.8351562334758,-17.3606704894662));
#3409=CARTESIAN_POINT('',(-7.51618350385001,-44.8351562334758,-17.3606704894662));
#3410=CARTESIAN_POINT('',(-4.01911863075725,-44.8351562334758,-17.3606704894662));
#3411=CARTESIAN_POINT('',(8.88381649614999,-50.8351562334758,-17.3606704894662));
#3412=CARTESIAN_POINT('Origin',(8.88381649614998,-47.8351562334758,-17.3606704894662));
#3413=CARTESIAN_POINT('',(-7.51618350385001,-50.8351562334758,-17.3606704894662));
#3414=CARTESIAN_POINT('',(4.18088136924277,-50.8351562334758,-17.3606704894662));
#3415=CARTESIAN_POINT('Origin',(-7.51618350385001,-47.8351562334758,-17.3606704894662));
#3416=CARTESIAN_POINT('Origin',(-7.51618350385001,-47.8351562334758,-15.1606704894662));
#3417=CARTESIAN_POINT('',(-7.51618350385001,-50.8351562334758,-18.1606704894662));
#3418=CARTESIAN_POINT('',(-7.51618350385001,-50.8351562334758,-15.1606704894662));
#3419=CARTESIAN_POINT('',(-7.51618350385001,-44.8351562334758,-18.1606704894662));
#3420=CARTESIAN_POINT('Origin',(-7.51618350385001,-47.8351562334758,-18.1606704894662));
#3421=CARTESIAN_POINT('',(-7.51618350385001,-44.8351562334758,-15.1606704894662));
#3422=CARTESIAN_POINT('Origin',(8.88381649614998,-50.8351562334758,-15.1606704894662));
#3423=CARTESIAN_POINT('',(8.88381649614998,-50.8351562334758,-18.1606704894662));
#3424=CARTESIAN_POINT('',(8.88381649614998,-50.8351562334758,-15.1606704894662));
#3425=CARTESIAN_POINT('',(4.19062283591715,-50.8351562334758,-18.1606704894662));
#3426=CARTESIAN_POINT('Origin',(8.88381649614999,-51.8351562334758,-15.1606704894662));
#3427=CARTESIAN_POINT('',(8.88381649614999,-51.8351562334758,-15.1606704894662));
#3428=CARTESIAN_POINT('',(-7.51618350385002,-51.8351562334758,-15.1606704894662));
#3429=CARTESIAN_POINT('Origin',(8.88381649614999,-47.8351562334758,-15.1606704894662));
#3430=CARTESIAN_POINT('',(8.88381649614999,-43.8351562334758,-15.1606704894662));
#3431=CARTESIAN_POINT('Origin',(-7.51618350385002,-43.8351562334758,-15.1606704894662));
#3432=CARTESIAN_POINT('',(-7.51618350385002,-43.8351562334758,-15.1606704894662));
#3433=CARTESIAN_POINT('Origin',(-7.51618350385001,-47.8351562334758,-15.1606704894662));
#3434=CARTESIAN_POINT('Origin',(8.88381649614998,-47.8351562334758,-15.1606704894662));
#3435=CARTESIAN_POINT('',(8.88381649614998,-44.8351562334758,-18.1606704894662));
#3436=CARTESIAN_POINT('',(8.88381649614998,-44.8351562334758,-15.1606704894662));
#3437=CARTESIAN_POINT('Origin',(8.88381649614998,-47.8351562334758,-18.1606704894662));
#3438=CARTESIAN_POINT('Origin',(-7.51618350385001,-44.8351562334758,-15.1606704894662));
#3439=CARTESIAN_POINT('',(-4.00937716408286,-44.8351562334758,-18.1606704894662));
#3440=CARTESIAN_POINT('Origin',(-0.502570824315716,2.50000000000079,-18.1606704894662));
#3441=CARTESIAN_POINT('',(21.7736111272834,-51.42838257114,-18.1606704894662));
#3442=CARTESIAN_POINT('',(17.4011376160128,-49.1116333278355,-18.1606704894662));
#3443=CARTESIAN_POINT('Origin',(20.2011376160128,-49.1116333278355,-18.1606704894662));
#3444=CARTESIAN_POINT('',(21.0856005238102,-52.9152660493635,-18.1606704894662));
#3445=CARTESIAN_POINT('',(32.6127816343115,-28.003476816511,-18.1606704894662));
#3446=CARTESIAN_POINT('',(11.2740545912782,-58.034988825107,-18.1606704894662));
#3447=CARTESIAN_POINT('Ctrl Pts',(11.2740545913073,-58.0349888251102,-18.1606704894662));
#3448=CARTESIAN_POINT('Ctrl Pts',(11.274365336173,-58.0350226936464,-18.1606704894662));
#3449=CARTESIAN_POINT('Ctrl Pts',(11.2746760818497,-58.035056562271,-18.1606704894662));
#3450=CARTESIAN_POINT('Ctrl Pts',(11.5737146052313,-58.0676492071437,-18.1606704894659));
#3451=CARTESIAN_POINT('Ctrl Pts',(12.2417378158425,-58.1235001775274,-18.1606704894657));
#3452=CARTESIAN_POINT('Ctrl Pts',(13.8079463839445,-58.1465478642634,-18.1606704894663));
#3453=CARTESIAN_POINT('Ctrl Pts',(15.0708465658131,-57.9631974617765,-18.1606704894662));
#3454=CARTESIAN_POINT('Ctrl Pts',(16.4156566509862,-57.5653849243801,-18.1606704894662));
#3455=CARTESIAN_POINT('Ctrl Pts',(17.0383837702378,-57.31607678532,-18.1606704894662));
#3456=CARTESIAN_POINT('Ctrl Pts',(17.6626112688917,-56.9700084219137,-18.1606704894662));
#3457=CARTESIAN_POINT('Ctrl Pts',(18.2388427867083,-56.618814638945,-18.1606704894662));
#3458=CARTESIAN_POINT('Ctrl Pts',(18.6464417299468,-56.3110253806058,-18.1606704894662));
#3459=CARTESIAN_POINT('Ctrl Pts',(19.3769723776988,-55.629760502192,-18.1606704894662));
#3460=CARTESIAN_POINT('Ctrl Pts',(20.1886670729687,-54.6879993655403,-18.1606704894662));
#3461=CARTESIAN_POINT('Ctrl Pts',(20.7930178542393,-53.5814657052605,-18.1606704894662));
#3462=CARTESIAN_POINT('Ctrl Pts',(21.0803562143565,-52.9272070539661,-18.1606704894662));
#3463=CARTESIAN_POINT('Ctrl Pts',(21.0829783523305,-52.9212365443073,-18.1606704894662));
#3464=CARTESIAN_POINT('Ctrl Pts',(21.0856004903046,-52.9152660346484,-18.1606704894662));
#3465=CARTESIAN_POINT('',(-16.1616746747258,-54.9926506760099,-18.1606704894662));
#3466=CARTESIAN_POINT('',(2.14261863565679,-57.0224071767561,-18.1606704894662));
#3467=CARTESIAN_POINT('',(-22.6195915491512,-52.0193681993927,-18.1606704894662));
#3468=CARTESIAN_POINT('Ctrl Pts',(-22.6204241296509,-52.0199086556354,-18.1606704894662));
#3469=CARTESIAN_POINT('Ctrl Pts',(-22.2335235657205,-52.6159344565006,-18.1606704894662));
#3470=CARTESIAN_POINT('Ctrl Pts',(-21.7065997888609,-53.1247246702992,-18.1606704894662));
#3471=CARTESIAN_POINT('Ctrl Pts',(-20.6661298475277,-53.7858796684947,-18.1606704894662));
#3472=CARTESIAN_POINT('Ctrl Pts',(-19.6193276118516,-54.2793584561272,-18.1606704894662));
#3473=CARTESIAN_POINT('Ctrl Pts',(-18.4906788292196,-54.5692155197725,-18.1606704894662));
#3474=CARTESIAN_POINT('Ctrl Pts',(-17.3018430680922,-54.8220763502212,-18.1606704894662));
#3475=CARTESIAN_POINT('Ctrl Pts',(-16.7389379042373,-54.9152660142125,-18.1606704894662));
#3476=CARTESIAN_POINT('Ctrl Pts',(-16.1692126817665,-54.9916401056635,-18.1606704894662));
#3477=CARTESIAN_POINT('Ctrl Pts',(-16.1654436633337,-54.9921453586296,-18.1606704894662));
#3478=CARTESIAN_POINT('Ctrl Pts',(-16.161674665709,-54.9926506088062,-18.1606704894662));
#3479=CARTESIAN_POINT('',(-23.7675648383595,-49.1961520395876,-18.1606704894662));
#3480=CARTESIAN_POINT('Origin',(-21.017568380458,-49.7229532179552,-18.1606704894662));
#3481=CARTESIAN_POINT('',(-28.5102333776746,-36.2769291075171,-18.1606704894662));
#3482=CARTESIAN_POINT('',(-30.3367046062912,-31.3015468336132,-18.1606704894662));
#3483=CARTESIAN_POINT('',(-30.0401163526108,-26.0144783315431,-18.1606704894662));
#3484=CARTESIAN_POINT('Ctrl Pts',(-30.0401163526109,-26.0144783315405,-18.1606704894662));
#3485=CARTESIAN_POINT('Ctrl Pts',(-30.0399764664672,-26.0193063013503,-18.1606704894662));
#3486=CARTESIAN_POINT('Ctrl Pts',(-30.0398365793041,-26.0241343063405,-18.1606704894662));
#3487=CARTESIAN_POINT('Ctrl Pts',(-29.9715447695306,-28.3811282662917,-18.1606704894662));
#3488=CARTESIAN_POINT('Ctrl Pts',(-29.7902729263689,-30.7374439451015,-18.1606704894662));
#3489=CARTESIAN_POINT('Ctrl Pts',(-29.1196590668874,-34.1313548616529,-18.1606704894662));
#3490=CARTESIAN_POINT('Ctrl Pts',(-28.847476619354,-35.2031186749949,-18.1606704894662));
#3491=CARTESIAN_POINT('Ctrl Pts',(-28.5149804884171,-36.2618139134682,-18.1606704894662));
#3492=CARTESIAN_POINT('Ctrl Pts',(-28.5126069138411,-36.2693715716422,-18.1606704894662));
#3493=CARTESIAN_POINT('Ctrl Pts',(-28.510233377675,-36.2769291075158,-18.1606704894662));
#3494=CARTESIAN_POINT('',(-30.0401161766428,31.0144904806643,-18.1606704894662));
#3495=CARTESIAN_POINT('',(-30.0401161766428,-11.7717262198142,-18.1606704894662));
#3496=CARTESIAN_POINT('',(-28.5102333776749,41.2769291075162,-18.1606704894662));
#3497=CARTESIAN_POINT('Ctrl Pts',(-28.5102333776752,41.2769291075153,-18.1606704894662));
#3498=CARTESIAN_POINT('Ctrl Pts',(-28.5126069138412,41.2693715716419,-18.1606704894662));
#3499=CARTESIAN_POINT('Ctrl Pts',(-28.5149804884171,41.2618139134682,-18.1606704894662));
#3500=CARTESIAN_POINT('Ctrl Pts',(-28.8474766193617,40.2031186749702,-18.1606704894662));
#3501=CARTESIAN_POINT('Ctrl Pts',(-29.1196590669002,39.1313548616025,-18.1606704894662));
#3502=CARTESIAN_POINT('Ctrl Pts',(-29.7902729263732,35.7374439450496,-18.1606704894662));
#3503=CARTESIAN_POINT('Ctrl Pts',(-29.9715447695314,33.3811282662658,-18.1606704894662));
#3504=CARTESIAN_POINT('Ctrl Pts',(-30.039836462015,31.0241383544077,-18.1606704894662));
#3505=CARTESIAN_POINT('Ctrl Pts',(-30.0399762318906,31.0193143974259,-18.1606704894662));
#3506=CARTESIAN_POINT('Ctrl Pts',(-30.0401160007486,31.0144904755655,-18.1606704894662));
#3507=CARTESIAN_POINT('',(-23.7675648383594,54.1961520395871,-18.1606704894662));
#3508=CARTESIAN_POINT('',(-33.1276037460648,28.6990235139337,-18.1606704894662));
#3509=CARTESIAN_POINT('',(-22.6195915491508,57.019368199393,-18.1606704894662));
#3510=CARTESIAN_POINT('Origin',(-21.017568380458,54.7229532179552,-18.1606704894662));
#3511=CARTESIAN_POINT('',(-16.1616687763357,59.9926513983017,-18.1606704894662));
#3512=CARTESIAN_POINT('Ctrl Pts',(-16.1616687763216,59.9926513983036,-18.1606704894662));
#3513=CARTESIAN_POINT('Ctrl Pts',(-16.1654397370662,59.9921458849624,-18.1606704894662));
#3514=CARTESIAN_POINT('Ctrl Pts',(-16.1692107186405,59.9916403688289,-18.1606704894662));
#3515=CARTESIAN_POINT('Ctrl Pts',(-16.738937904186,59.9152660142186,-18.1606704894662));
#3516=CARTESIAN_POINT('Ctrl Pts',(-17.3018430679542,59.8220763502432,-18.1606704894662));
#3517=CARTESIAN_POINT('Ctrl Pts',(-18.4906788291926,59.5692155197865,-18.1606704894662));
#3518=CARTESIAN_POINT('Ctrl Pts',(-19.6193276118979,59.2793584561271,-18.1606704894662));
#3519=CARTESIAN_POINT('Ctrl Pts',(-20.6661298476222,58.7858796684327,-18.1606704894662));
#3520=CARTESIAN_POINT('Ctrl Pts',(-21.7065997888514,58.124724670308,-18.1606704894662));
#3521=CARTESIAN_POINT('Ctrl Pts',(-22.2335235657168,57.615934456506,-18.1606704894662));
#3522=CARTESIAN_POINT('Ctrl Pts',(-22.6204241296506,57.0199086556358,-18.1606704894662));
#3523=CARTESIAN_POINT('',(11.2740545943498,63.0349888254449,-18.1606704894662));
#3524=CARTESIAN_POINT('',(-11.5875182170215,60.4998772401838,-18.1606704894662));
#3525=CARTESIAN_POINT('',(21.0855989857707,57.9152694604158,-18.1606704894662));
#3526=CARTESIAN_POINT('Ctrl Pts',(21.0855989857707,57.9152694604158,-18.1606704894662));
#3527=CARTESIAN_POINT('Ctrl Pts',(21.0829773493072,57.9212388281536,-18.1606704894662));
#3528=CARTESIAN_POINT('Ctrl Pts',(21.0803557128438,57.9272081958915,-18.1606704894662));
#3529=CARTESIAN_POINT('Ctrl Pts',(20.8641969097837,58.4193936698315,-18.1606704894662));
#3530=CARTESIAN_POINT('Ctrl Pts',(20.2862319201552,59.5340095349634,-18.1606704894662));
#3531=CARTESIAN_POINT('Ctrl Pts',(19.5072413690787,60.5082766344524,-18.1606704894662));
#3532=CARTESIAN_POINT('Ctrl Pts',(18.7044609490701,61.256918880935,-18.1606704894662));
#3533=CARTESIAN_POINT('Ctrl Pts',(18.3030418970511,61.5705877516427,-18.1606704894662));
#3534=CARTESIAN_POINT('Ctrl Pts',(17.3038207465409,62.2017161198957,-18.1606704894662));
#3535=CARTESIAN_POINT('Ctrl Pts',(16.577000376584,62.5176573250821,-18.1606704894662));
#3536=CARTESIAN_POINT('Ctrl Pts',(15.5012360201294,62.8358825919854,-18.1606704894662));
#3537=CARTESIAN_POINT('Ctrl Pts',(14.9816475875716,62.9502884173458,-18.1606704894662));
#3538=CARTESIAN_POINT('Ctrl Pts',(14.317028644362,63.0443133406908,-18.1606704894662));
#3539=CARTESIAN_POINT('Ctrl Pts',(13.2068903281017,63.1654109094512,-18.1606704894662));
#3540=CARTESIAN_POINT('Ctrl Pts',(12.1619386593098,63.1317606048433,-18.1606704894661));
#3541=CARTESIAN_POINT('Ctrl Pts',(11.2746760828436,63.0350565623793,-18.1606704894662));
#3542=CARTESIAN_POINT('Ctrl Pts',(11.2743653382711,63.0350226938751,-18.1606704894662));
#3543=CARTESIAN_POINT('Ctrl Pts',(11.2740545945135,63.0349888254597,-18.1606704894662));
#3544=CARTESIAN_POINT('',(21.7736111272836,56.4283825711399,-18.1606704894662));
#3545=CARTESIAN_POINT('',(29.746054321135,39.1988602263242,-18.1606704894662));
#3546=CARTESIAN_POINT('',(17.4011376160128,54.1116333278355,-18.1606704894662));
#3547=CARTESIAN_POINT('Origin',(20.2011376160128,54.1116333278355,-18.1606704894662));
#3548=CARTESIAN_POINT('',(22.9849088206812,53.8106052891754,-18.1606704894662));
#3549=CARTESIAN_POINT('Origin',(20.2011376160128,54.1116333278355,-18.1606704894662));
#3550=CARTESIAN_POINT('',(26.8529318799512,45.4512870589304,-18.1606704894662));
#3551=CARTESIAN_POINT('',(29.746054321135,39.1988602263242,-18.1606704894662));
#3552=CARTESIAN_POINT('',(28.9812428468736,34.9868193216148,-18.1606704894662));
#3553=CARTESIAN_POINT('Ctrl Pts',(28.9812428468735,34.9868193216148,-18.1606704894662));
#3554=CARTESIAN_POINT('Ctrl Pts',(28.9814490450408,34.9951072770166,-18.1606704894662));
#3555=CARTESIAN_POINT('Ctrl Pts',(28.9816552432081,35.0033952324184,-18.1606704894662));
#3556=CARTESIAN_POINT('Ctrl Pts',(29.0298034477005,36.9386702970552,-18.1606704894662));
#3557=CARTESIAN_POINT('Ctrl Pts',(28.9429293978744,38.8882212049216,-18.1606704894662));
#3558=CARTESIAN_POINT('Ctrl Pts',(28.2288937255727,42.3830960847462,-18.1606704894662));
#3559=CARTESIAN_POINT('Ctrl Pts',(27.6590526056212,43.9561115014774,-18.1606704894662));
#3560=CARTESIAN_POINT('Ctrl Pts',(26.872266091904,45.4154263742791,-18.1606704894662));
#3561=CARTESIAN_POINT('Ctrl Pts',(26.8625989859277,45.4333567166048,-18.1606704894662));
#3562=CARTESIAN_POINT('Ctrl Pts',(26.8529318799514,45.4512870589305,-18.1606704894662));
#3563=CARTESIAN_POINT('',(28.9812427511792,-29.9868116277196,-18.1606704894662));
#3564=CARTESIAN_POINT('',(28.9812427511792,18.7309700338099,-18.1606704894662));
#3565=CARTESIAN_POINT('',(26.8529318799515,-40.4512870589303,-18.1606704894662));
#3566=CARTESIAN_POINT('Ctrl Pts',(26.8529318799515,-40.4512870589303,-18.1606704894662));
#3567=CARTESIAN_POINT('Ctrl Pts',(26.8625989859279,-40.4333567166045,-18.1606704894662));
#3568=CARTESIAN_POINT('Ctrl Pts',(26.8722660919042,-40.4154263742787,-18.1606704894662));
#3569=CARTESIAN_POINT('Ctrl Pts',(27.6590526056315,-38.9561115014581,-18.1606704894662));
#3570=CARTESIAN_POINT('Ctrl Pts',(28.2288937255872,-37.3830960847046,-18.1606704894662));
#3571=CARTESIAN_POINT('Ctrl Pts',(28.9429293978762,-33.8882212048786,-18.1606704894662));
#3572=CARTESIAN_POINT('Ctrl Pts',(29.0298034477,-31.9386702970337,-18.1606704894662));
#3573=CARTESIAN_POINT('Ctrl Pts',(28.9816551794217,-30.0033926685801,-18.1606704894662));
#3574=CARTESIAN_POINT('Ctrl Pts',(28.9814489174681,-29.9951021493399,-18.1606704894662));
#3575=CARTESIAN_POINT('Ctrl Pts',(28.9812426555144,-29.9868116300997,-18.1606704894662));
#3576=CARTESIAN_POINT('',(22.9849088206811,-48.8106052891753,-18.1606704894662));
#3577=CARTESIAN_POINT('',(32.6127816343115,-28.003476816511,-18.1606704894662));
#3578=CARTESIAN_POINT('Origin',(20.2011376160128,-49.1116333278355,-18.1606704894662));
#3579=CARTESIAN_POINT('',(1.98124269097592,29.5000050564868,-18.1606704894662));
#3580=CARTESIAN_POINT('Origin',(-1.01875730902408,29.5000050564868,-18.1606704894662));
#3581=CARTESIAN_POINT('',(1.98124269097592,-24.4999949140568,-18.1606704894662));
#3582=CARTESIAN_POINT('Origin',(-1.01875730902408,-24.4999949140568,-18.1606704894662));
#3583=CARTESIAN_POINT('',(-18.9283037827904,2.49999999999999,-18.1606704894662));
#3584=CARTESIAN_POINT('Origin',(-21.4283037827904,2.49999999999999,-18.1606704894662));
#3585=CARTESIAN_POINT('Origin',(5.45505097466705,-53.9688819266018,-13.1606704894662));
#3586=CARTESIAN_POINT('',(5.45505097466705,-53.9688819266018,-13.1606704894662));
#3587=CARTESIAN_POINT('',(-9.53155003476607,-52.3070226110969,-13.1606704894662));
#3588=CARTESIAN_POINT('',(-6.66014098802302,-52.6254322271233,-13.1606704894662));
#3589=CARTESIAN_POINT('',(5.45505097466705,-53.9688819266018,-15.1606704894662));
#3590=CARTESIAN_POINT('',(-9.53155003476607,-52.3070226110969,-15.1606704894662));
#3591=CARTESIAN_POINT('Origin',(-11.9283037827904,-3.5,-15.1606704894662));
#3592=CARTESIAN_POINT('',(-24.9283037827904,-3.5,-16.1606704894662));
#3593=CARTESIAN_POINT('',(-11.9283037827904,-3.5,-16.1606704894662));
#3594=CARTESIAN_POINT('',(-11.9283037827904,-3.5,-16.1606704894662));
#3595=CARTESIAN_POINT('',(-11.9283037827904,-3.5,-17.7606704894662));
#3596=CARTESIAN_POINT('',(-11.9283037827904,-3.5,-15.1606704894662));
#3597=CARTESIAN_POINT('',(-24.9283037827904,-3.5,-17.7606704894662));
#3598=CARTESIAN_POINT('',(-11.9283037827904,-3.5,-17.7606704894662));
#3599=CARTESIAN_POINT('',(-24.9283037827904,-3.5,-15.1606704894662));
#3600=CARTESIAN_POINT('Origin',(-24.9283037827904,8.5,-15.1606704894662));
#3601=CARTESIAN_POINT('',(-11.9283037827904,8.5,-16.1606704894662));
#3602=CARTESIAN_POINT('',(-24.9283037827904,8.5,-16.1606704894662));
#3603=CARTESIAN_POINT('',(-11.9283037827904,8.5,-16.1606704894662));
#3604=CARTESIAN_POINT('',(-24.9283037827904,8.5,-17.7606704894662));
#3605=CARTESIAN_POINT('',(-24.9283037827904,8.5,-15.1606704894662));
#3606=CARTESIAN_POINT('',(-11.9283037827904,8.5,-17.7606704894662));
#3607=CARTESIAN_POINT('',(-11.9283037827904,8.5,-17.7606704894662));
#3608=CARTESIAN_POINT('',(-11.9283037827904,8.5,-15.1606704894662));
#3609=CARTESIAN_POINT('Origin',(-0.52205375766448,3.70963466471265,-17.7606704894662));
#3610=CARTESIAN_POINT('',(-11.9283037827904,-5.5,-17.7606704894662));
#3611=CARTESIAN_POINT('',(-24.9283037827904,10.5,-17.7606704894662));
#3612=CARTESIAN_POINT('',(-18.9283037827904,2.49999999999999,-17.7606704894662));
#3613=CARTESIAN_POINT('Origin',(-21.4283037827904,2.49999999999999,-17.7606704894662));
#3614=CARTESIAN_POINT('Origin',(-11.9283037827904,10.5,-15.1606704894662));
#3615=CARTESIAN_POINT('',(-11.9283037827904,10.5,-16.1606704894662));
#3616=CARTESIAN_POINT('',(-11.9283037827904,10.5,-15.1606704894662));
#3617=CARTESIAN_POINT('',(-11.9283037827904,-5.5,-16.1606704894662));
#3618=CARTESIAN_POINT('',(-11.9283037827904,-5.5,-16.1606704894662));
#3619=CARTESIAN_POINT('',(-11.9283037827904,-5.5,-16.1606704894662));
#3620=CARTESIAN_POINT('',(-11.9283037827904,-5.5,-15.1606704894662));
#3621=CARTESIAN_POINT('Origin',(-24.9283037827904,10.5,-15.1606704894662));
#3622=CARTESIAN_POINT('',(-24.9283037827904,10.5,-16.1606704894662));
#3623=CARTESIAN_POINT('',(-24.9283037827904,10.5,-15.1606704894662));
#3624=CARTESIAN_POINT('',(-11.9283037827904,10.5,-16.1606704894662));
#3625=CARTESIAN_POINT('Origin',(-24.9283037827904,8.5,-15.1606704894662));
#3626=CARTESIAN_POINT('',(-24.9283037827904,-5.5,-16.1606704894662));
#3627=CARTESIAN_POINT('',(-24.9283037827904,-5.5,-15.1606704894662));
#3628=CARTESIAN_POINT('',(-24.9283037827904,10.5,-16.1606704894662));
#3629=CARTESIAN_POINT('',(-24.9283037827904,10.5,-16.1606704894662));
#3630=CARTESIAN_POINT('Origin',(-0.52205375766448,3.70963466471265,-16.1606704894662));
#3631=CARTESIAN_POINT('Origin',(-11.9283037827904,-5.5,-15.1606704894662));
#3632=CARTESIAN_POINT('',(-24.9283037827904,-5.5,-16.1606704894662));
#3633=CARTESIAN_POINT('Origin',(-0.52205375766448,3.70963466471265,-16.1606704894662));
#3634=CARTESIAN_POINT('Origin',(-21.4283037827904,2.49999999999999,-15.1606704894662));
#3635=CARTESIAN_POINT('',(-18.9283037827904,2.49999999999999,-15.1606704894662));
#3636=CARTESIAN_POINT('Origin',(21.5520746612766,46.4295132363676,-15.1606704894662));
#3637=CARTESIAN_POINT('',(22.4596256437639,46.8494551540019,-13.1606704894662));
#3638=CARTESIAN_POINT('',(22.4596256437639,46.8494551540019,-15.1606704894662));
#3639=CARTESIAN_POINT('',(21.3788776041915,47.4144004275815,-13.1606704894662));
#3640=CARTESIAN_POINT('Origin',(21.5520746612766,46.4295132363676,-13.1606704894662));
#3641=CARTESIAN_POINT('',(21.3788776041915,47.4144004275815,-15.1606704894662));
#3642=CARTESIAN_POINT('Origin',(20.2011376160129,54.1116333278355,-15.1606704894662));
#3643=CARTESIAN_POINT('',(14.6767900623573,58.0766786121192,-13.1606704894662));
#3644=CARTESIAN_POINT('Origin',(20.2011376160128,54.1116333278355,-13.1606704894662));
#3645=CARTESIAN_POINT('Ctrl Pts',(14.6767900623572,58.0766786121193,-15.1606704894662));
#3646=CARTESIAN_POINT('Ctrl Pts',(14.6767900623572,58.0766786121193,-14.4940038227996));
#3647=CARTESIAN_POINT('Ctrl Pts',(14.6767900623572,58.0766786121193,-13.8273371561329));
#3648=CARTESIAN_POINT('Ctrl Pts',(14.6767900623572,58.0766786121193,-13.1606704894662));
#3649=CARTESIAN_POINT('Ctrl Pts',(13.9962867582125,59.6510364350111,-15.1606704894662));
#3650=CARTESIAN_POINT('Ctrl Pts',(13.9962867582125,59.6510364350111,-14.4940038227996));
#3651=CARTESIAN_POINT('Ctrl Pts',(13.9962867582125,59.6510364350111,-13.8273371561329));
#3652=CARTESIAN_POINT('Ctrl Pts',(13.9962867582125,59.6510364350111,-13.1606704894662));
#3653=CARTESIAN_POINT('Ctrl Pts',(14.1908615833704,59.6251456605001,-15.1606704894662));
#3654=CARTESIAN_POINT('Ctrl Pts',(14.1908615833704,59.6251456605001,-14.4940038227996));
#3655=CARTESIAN_POINT('Ctrl Pts',(14.1908615833704,59.6251456605001,-13.8273371561329));
#3656=CARTESIAN_POINT('Ctrl Pts',(14.1908615833704,59.6251456605001,-13.1606704894662));
#3657=CARTESIAN_POINT('Ctrl Pts',(14.5629543921289,59.4557561923375,-15.1606704894662));
#3658=CARTESIAN_POINT('Ctrl Pts',(14.5629543921289,59.4557561923375,-14.4940038227996));
#3659=CARTESIAN_POINT('Ctrl Pts',(14.5629543921289,59.4557561923375,-13.8273371561329));
#3660=CARTESIAN_POINT('Ctrl Pts',(14.5629543921289,59.4557561923375,-13.1606704894662));
#3661=CARTESIAN_POINT('Ctrl Pts',(14.9430228967039,58.8454769307435,-15.1606704894662));
#3662=CARTESIAN_POINT('Ctrl Pts',(14.9430228967039,58.8454769307435,-14.4940038227996));
#3663=CARTESIAN_POINT('Ctrl Pts',(14.9430228967039,58.8454769307435,-13.8273371561329));
#3664=CARTESIAN_POINT('Ctrl Pts',(14.9430228967039,58.8454769307435,-13.1606704894662));
#3665=CARTESIAN_POINT('Ctrl Pts',(14.8484734532741,58.3158785840273,-15.1606704894662));
#3666=CARTESIAN_POINT('Ctrl Pts',(14.8484734532741,58.3158785840273,-14.4940038227996));
#3667=CARTESIAN_POINT('Ctrl Pts',(14.8484734532741,58.3158785840273,-13.8273371561329));
#3668=CARTESIAN_POINT('Ctrl Pts',(14.8484734532741,58.3158785840273,-13.1606704894662));
#3669=CARTESIAN_POINT('Ctrl Pts',(14.6767900623572,58.0766786121193,-15.1606704894662));
#3670=CARTESIAN_POINT('Ctrl Pts',(14.6767900623572,58.0766786121193,-14.4940038227996));
#3671=CARTESIAN_POINT('Ctrl Pts',(14.6767900623572,58.0766786121193,-13.8273371561329));
#3672=CARTESIAN_POINT('Ctrl Pts',(14.6767900623572,58.0766786121193,-13.1606704894662));
#3673=CARTESIAN_POINT('',(13.9962867582126,59.6510364350111,-13.1606704894662));
#3674=CARTESIAN_POINT('Ctrl Pts',(14.6767900623572,58.0766786121193,-13.1606704894662));
#3675=CARTESIAN_POINT('Ctrl Pts',(14.8484734532741,58.3158785840273,-13.1606704894662));
#3676=CARTESIAN_POINT('Ctrl Pts',(14.9052031193319,58.633637592057,-13.1606704894662));
#3677=CARTESIAN_POINT('Ctrl Pts',(14.8301630845787,58.9176701482502,-13.1606704894662));
#3678=CARTESIAN_POINT('Ctrl Pts',(14.7801363947432,59.1070251857123,-13.1606704894662));
#3679=CARTESIAN_POINT('Ctrl Pts',(14.671545393436,59.2813906890249,-13.1606704894662));
#3680=CARTESIAN_POINT('Ctrl Pts',(14.5242266905928,59.4109208077219,-13.1606704894662));
#3681=CARTESIAN_POINT('Ctrl Pts',(14.3769079877496,59.5404509264188,-13.1606704894662));
#3682=CARTESIAN_POINT('Ctrl Pts',(14.1908615833704,59.6251456605001,-13.1606704894662));
#3683=CARTESIAN_POINT('Ctrl Pts',(13.9962867582125,59.6510364350111,-13.1606704894662));
#3684=CARTESIAN_POINT('Ctrl Pts',(13.9962867582125,59.6510364350111,-13.1606704894662));
#3685=CARTESIAN_POINT('Ctrl Pts',(13.9962867582125,59.6510364350111,-13.8273371561329));
#3686=CARTESIAN_POINT('Ctrl Pts',(13.9962867582125,59.6510364350111,-14.4940038227996));
#3687=CARTESIAN_POINT('Ctrl Pts',(13.9962867582125,59.6510364350111,-15.1606704894662));
#3688=CARTESIAN_POINT('Origin',(4.64684333449121,58.8792595854422,-15.1606704894662));
#3689=CARTESIAN_POINT('',(11.6433761737768,59.6551068082179,-13.1606704894662));
#3690=CARTESIAN_POINT('',(11.6433761737768,59.6551068082179,-15.1606704894662));
#3691=CARTESIAN_POINT('',(11.6433761737768,59.6551068082179,-13.1606704894662));
#3692=CARTESIAN_POINT('Origin',(-14.527661799555,56.7530055747067,-15.1606704894662));
#3693=CARTESIAN_POINT('',(-13.4144590794977,56.8764482238912,-13.1606704894662));
#3694=CARTESIAN_POINT('',(-8.7233418814977,57.3966445224832,-13.1606704894662));
#3695=CARTESIAN_POINT('',(-13.4144590794977,56.8764482238912,-15.1606704894662));
#3696=CARTESIAN_POINT('Origin',(-13.3042449932591,55.8825403533144,-15.1606704894662));
#3697=CARTESIAN_POINT('',(-14.2931326070026,55.7338753359606,-13.1606704894662));
#3698=CARTESIAN_POINT('Origin',(-13.3042449932591,55.8825403533144,-13.1606704894662));
#3699=CARTESIAN_POINT('',(-14.2931326070026,55.7338753359607,-15.1606704894662));
#3700=CARTESIAN_POINT('Origin',(-21.7382088541085,46.9563144785946,-15.1606704894662));
#3701=CARTESIAN_POINT('',(-21.6458190497944,47.9520373938973,-13.1606704894662));
#3702=CARTESIAN_POINT('',(-21.6458190497944,47.9520373938973,-15.1606704894662));
#3703=CARTESIAN_POINT('',(-22.6769531096181,47.3009290789059,-13.1606704894662));
#3704=CARTESIAN_POINT('Origin',(-21.7382088541085,46.9563144785946,-13.1606704894662));
#3705=CARTESIAN_POINT('',(-22.6769531096181,47.3009290789059,-15.1606704894662));
#3706=CARTESIAN_POINT('Origin',(-21.7382088541086,-41.9563144785946,-15.1606704894662));
#3707=CARTESIAN_POINT('',(-22.6769531096182,-42.3009290789059,-13.1606704894662));
#3708=CARTESIAN_POINT('',(-22.6769531096182,-42.3009290789059,-15.1606704894662));
#3709=CARTESIAN_POINT('',(-21.6458190497944,-42.9520373938973,-13.1606704894662));
#3710=CARTESIAN_POINT('Origin',(-21.7382088541086,-41.9563144785946,-13.1606704894662));
#3711=CARTESIAN_POINT('',(-21.6458190497944,-42.9520373938973,-15.1606704894662));
#3712=CARTESIAN_POINT('Origin',(-21.017568380458,-49.7229532179552,-15.1606704894662));
#3713=CARTESIAN_POINT('',(-14.2931326070026,-50.7338753359607,-13.1606704894662));
#3714=CARTESIAN_POINT('Origin',(-21.017568380458,-49.7229532179552,-13.1606704894662));
#3715=CARTESIAN_POINT('',(-14.2931326070026,-50.7338753359607,-15.1606704894662));
#3716=CARTESIAN_POINT('Origin',(-13.3042449932591,-50.8825403533144,-15.1606704894662));
#3717=CARTESIAN_POINT('',(-13.4144590794977,-51.8764482238912,-13.1606704894662));
#3718=CARTESIAN_POINT('Origin',(-13.3042449932591,-50.8825403533144,-13.1606704894662));
#3719=CARTESIAN_POINT('',(-13.4144590794977,-51.8764482238912,-15.1606704894662));
#3720=CARTESIAN_POINT('Origin',(11.6433761737768,-54.6551068082179,-15.1606704894662));
#3721=CARTESIAN_POINT('',(11.6433761737768,-54.6551068082179,-13.1606704894662));
#3722=CARTESIAN_POINT('',(4.64684333449121,-53.8792595854422,-13.1606704894662));
#3723=CARTESIAN_POINT('',(11.6433761737768,-54.6551068082179,-15.1606704894662));
#3724=CARTESIAN_POINT('Ctrl Pts',(14.6767900623574,-53.0766786121193,-15.1606704894662));
#3725=CARTESIAN_POINT('Ctrl Pts',(14.6767900623574,-53.0766786121193,-14.4940038227996));
#3726=CARTESIAN_POINT('Ctrl Pts',(14.6767900623574,-53.0766786121193,-13.8273371561329));
#3727=CARTESIAN_POINT('Ctrl Pts',(14.6767900623574,-53.0766786121193,-13.1606704894662));
#3728=CARTESIAN_POINT('Ctrl Pts',(14.791245656302,-53.236145260058,-15.1606704894662));
#3729=CARTESIAN_POINT('Ctrl Pts',(14.791245656302,-53.236145260058,-14.4940038227996));
#3730=CARTESIAN_POINT('Ctrl Pts',(14.791245656302,-53.236145260058,-13.8273371561329));
#3731=CARTESIAN_POINT('Ctrl Pts',(14.791245656302,-53.236145260058,-13.1606704894662));
#3732=CARTESIAN_POINT('Ctrl Pts',(14.922808769116,-53.6232376360102,-15.1606704894662));
#3733=CARTESIAN_POINT('Ctrl Pts',(14.922808769116,-53.6232376360102,-14.4940038227996));
#3734=CARTESIAN_POINT('Ctrl Pts',(14.922808769116,-53.6232376360102,-13.8273371561329));
#3735=CARTESIAN_POINT('Ctrl Pts',(14.922808769116,-53.6232376360102,-13.1606704894662));
#3736=CARTESIAN_POINT('Ctrl Pts',(14.7386930965025,-54.3182191885433,-15.1606704894662));
#3737=CARTESIAN_POINT('Ctrl Pts',(14.7386930965025,-54.3182191885433,-14.4940038227996));
#3738=CARTESIAN_POINT('Ctrl Pts',(14.7386930965025,-54.3182191885433,-13.8273371561329));
#3739=CARTESIAN_POINT('Ctrl Pts',(14.7386930965025,-54.3182191885433,-13.1606704894662));
#3740=CARTESIAN_POINT('Ctrl Pts',(14.2881489959496,-54.6122002732444,-15.1606704894662));
#3741=CARTESIAN_POINT('Ctrl Pts',(14.2881489959496,-54.6122002732444,-14.4940038227996));
#3742=CARTESIAN_POINT('Ctrl Pts',(14.2881489959496,-54.6122002732444,-13.8273371561329));
#3743=CARTESIAN_POINT('Ctrl Pts',(14.2881489959496,-54.6122002732444,-13.1606704894662));
#3744=CARTESIAN_POINT('Ctrl Pts',(13.9962867582128,-54.6510364350109,-15.1606704894662));
#3745=CARTESIAN_POINT('Ctrl Pts',(13.9962867582128,-54.6510364350109,-14.4940038227996));
#3746=CARTESIAN_POINT('Ctrl Pts',(13.9962867582128,-54.6510364350109,-13.8273371561329));
#3747=CARTESIAN_POINT('Ctrl Pts',(13.9962867582128,-54.6510364350109,-13.1606704894662));
#3748=CARTESIAN_POINT('',(13.9962867582127,-54.6510364350111,-13.1606704894662));
#3749=CARTESIAN_POINT('Ctrl Pts',(13.9962867582128,-54.6510364350109,-15.1606704894662));
#3750=CARTESIAN_POINT('Ctrl Pts',(13.9962867582128,-54.6510364350109,-14.4940038227996));
#3751=CARTESIAN_POINT('Ctrl Pts',(13.9962867582128,-54.6510364350109,-13.8273371561329));
#3752=CARTESIAN_POINT('Ctrl Pts',(13.9962867582128,-54.6510364350109,-13.1606704894662));
#3753=CARTESIAN_POINT('',(14.6767900623574,-53.0766786121193,-13.1606704894662));
#3754=CARTESIAN_POINT('Ctrl Pts',(13.9962867582128,-54.6510364350109,-13.1606704894662));
#3755=CARTESIAN_POINT('Ctrl Pts',(14.2881489959496,-54.6122002732444,-13.1606704894662));
#3756=CARTESIAN_POINT('Ctrl Pts',(14.5584754562813,-54.4358116224237,-13.1606704894662));
#3757=CARTESIAN_POINT('Ctrl Pts',(14.7139500705146,-54.1865466200155,-13.1606704894662));
#3758=CARTESIAN_POINT('Ctrl Pts',(14.8175998133368,-54.0203699517434,-13.1606704894662));
#3759=CARTESIAN_POINT('Ctrl Pts',(14.8702042912264,-53.8218037938768,-13.1606704894662));
#3760=CARTESIAN_POINT('Ctrl Pts',(14.8636157519677,-53.6257476209555,-13.1606704894662));
#3761=CARTESIAN_POINT('Ctrl Pts',(14.857027212709,-53.4296914480341,-13.1606704894662));
#3762=CARTESIAN_POINT('Ctrl Pts',(14.791245656302,-53.236145260058,-13.1606704894662));
#3763=CARTESIAN_POINT('Ctrl Pts',(14.6767900623574,-53.0766786121193,-13.1606704894662));
#3764=CARTESIAN_POINT('Ctrl Pts',(14.6767900623574,-53.0766786121193,-13.1606704894662));
#3765=CARTESIAN_POINT('Ctrl Pts',(14.6767900623574,-53.0766786121193,-13.8273371561329));
#3766=CARTESIAN_POINT('Ctrl Pts',(14.6767900623574,-53.0766786121193,-14.4940038227996));
#3767=CARTESIAN_POINT('Ctrl Pts',(14.6767900623574,-53.0766786121193,-15.1606704894662));
#3768=CARTESIAN_POINT('Origin',(-1.01875730902408,-24.4999949140568,-13.4106704894662));
#3769=CARTESIAN_POINT('',(2.48124269097592,-24.4999949140568,-13.1606704894662));
#3770=CARTESIAN_POINT('Origin',(-1.01875730902408,-24.4999949140568,-13.1606704894662));
#3771=CARTESIAN_POINT('',(1.98124269097592,-24.4999949140568,-13.6606704894662));
#3772=CARTESIAN_POINT('',(2.23124269097592,-24.4999949140568,-13.4106704894662));
#3773=CARTESIAN_POINT('Origin',(-1.01875730902408,-24.4999949140568,-13.6606704894662));
#3774=CARTESIAN_POINT('Origin',(-0.52205375766448,3.66786977373105,-13.1606704894662));
#3775=CARTESIAN_POINT('',(4.98124269097592,-24.4999949140568,-13.1606704894662));
#3776=CARTESIAN_POINT('Origin',(-1.01875730902408,-24.4999949140568,-13.1606704894662));
#3777=CARTESIAN_POINT('Origin',(-1.01875730902408,-24.4999949140568,-18.1606704894662));
#3778=CARTESIAN_POINT('',(1.98124269097592,-24.4999949140568,-18.1606704894662));
#3779=CARTESIAN_POINT('Origin',(-1.01875730902408,29.5000050564868,-13.4106704894662));
#3780=CARTESIAN_POINT('',(2.48124269097592,29.5000050564868,-13.1606704894662));
#3781=CARTESIAN_POINT('Origin',(-1.01875730902408,29.5000050564868,-13.1606704894662));
#3782=CARTESIAN_POINT('',(1.98124269097592,29.5000050564868,-13.6606704894662));
#3783=CARTESIAN_POINT('',(2.23124269097592,29.5000050564868,-13.4106704894662));
#3784=CARTESIAN_POINT('Origin',(-1.01875730902408,29.5000050564868,-13.6606704894662));
#3785=CARTESIAN_POINT('Origin',(-0.52205375766448,3.66786977373105,-13.1606704894662));
#3786=CARTESIAN_POINT('',(4.98124269097593,29.5000050564868,-13.1606704894662));
#3787=CARTESIAN_POINT('Origin',(-1.01875730902408,29.5000050564868,-13.1606704894662));
#3788=CARTESIAN_POINT('Origin',(-1.01875730902408,29.5000050564868,-18.1606704894662));
#3789=CARTESIAN_POINT('',(1.98124269097592,29.5000050564868,-18.1606704894662));
#3790=CARTESIAN_POINT('Origin',(-1.01875730902408,-24.4999949140568,-13.1606704894662));
#3791=CARTESIAN_POINT('Origin',(6.98124269097592,-24.4999949140568,-13.1606704894662));
#3792=CARTESIAN_POINT('Origin',(-1.01875730902408,29.5000050564868,-13.1606704894662));
#3793=CARTESIAN_POINT('Origin',(6.98124269097593,29.5000050564868,-13.1606704894662));
#3794=CARTESIAN_POINT('Origin',(4.07431757319407,-55.8280313177317,-15.1606704894662));
#3795=CARTESIAN_POINT('',(4.07431757319407,-55.8280313177317,-15.1606704894662));
#3796=CARTESIAN_POINT('',(11.4266765588091,-56.6433324686682,-15.1606704894662));
#3797=CARTESIAN_POINT('',(4.07431757319407,-55.8280313177317,-15.1606704894662));
#3798=CARTESIAN_POINT('',(11.4266765588091,-56.6433324686682,-13.1606704894662));
#3799=CARTESIAN_POINT('',(11.4266765588091,-56.6433324686682,-15.1606704894662));
#3800=CARTESIAN_POINT('',(4.07431757319407,-55.8280313177317,-13.1606704894662));
#3801=CARTESIAN_POINT('',(4.07431757319407,-55.8280313177317,-13.1606704894662));
#3802=CARTESIAN_POINT('',(4.07431757319407,-55.8280313177317,-15.1606704894662));
#3803=CARTESIAN_POINT('Ctrl Pts',(11.4266765588091,-56.6433324686682,-15.1606704894662));
#3804=CARTESIAN_POINT('Ctrl Pts',(11.4266765588091,-56.6433324686682,-13.1606704894662));
#3805=CARTESIAN_POINT('Ctrl Pts',(13.6350702269297,-56.8840285159521,-15.1606704894662));
#3806=CARTESIAN_POINT('Ctrl Pts',(13.6350702269297,-56.8840285159521,-13.1606704894662));
#3807=CARTESIAN_POINT('Ctrl Pts',(15.6810297202113,-56.6148051467935,-15.1606704894662));
#3808=CARTESIAN_POINT('Ctrl Pts',(15.6810297202113,-56.6148051467935,-13.1606704894662));
#3809=CARTESIAN_POINT('Ctrl Pts',(17.2552845087247,-55.5804587709862,-15.1606704894662));
#3810=CARTESIAN_POINT('Ctrl Pts',(17.2552845087247,-55.5804587709862,-13.1606704894662));
#3811=CARTESIAN_POINT('',(17.2552845087247,-55.5804587709862,-15.1606704894662));
#3812=CARTESIAN_POINT('Ctrl Pts',(11.4266765588091,-56.6433324686682,-15.1606704894662));
#3813=CARTESIAN_POINT('Ctrl Pts',(13.6350702269297,-56.8840285159521,-15.1606704894662));
#3814=CARTESIAN_POINT('Ctrl Pts',(15.6810297202113,-56.6148051467935,-15.1606704894662));
#3815=CARTESIAN_POINT('Ctrl Pts',(17.2552845087247,-55.5804587709862,-15.1606704894662));
#3816=CARTESIAN_POINT('',(17.2552845087247,-55.5804587709862,-13.1606704894662));
#3817=CARTESIAN_POINT('',(17.2552845087247,-55.5804587709862,-15.1606704894662));
#3818=CARTESIAN_POINT('Ctrl Pts',(11.4266765588091,-56.6433324686682,-13.1606704894662));
#3819=CARTESIAN_POINT('Ctrl Pts',(13.6350702269297,-56.8840285159521,-13.1606704894662));
#3820=CARTESIAN_POINT('Ctrl Pts',(15.6810297202113,-56.6148051467935,-13.1606704894662));
#3821=CARTESIAN_POINT('Ctrl Pts',(17.2552845087247,-55.5804587709862,-13.1606704894662));
#3822=CARTESIAN_POINT('Ctrl Pts',(17.2552845087247,-55.5804587709862,-15.1606704894662));
#3823=CARTESIAN_POINT('Ctrl Pts',(17.2552845087247,-55.5804587709862,-13.1606704894662));
#3824=CARTESIAN_POINT('Ctrl Pts',(17.4171440289472,-55.4741107964692,-15.1606704894662));
#3825=CARTESIAN_POINT('Ctrl Pts',(17.4171440289472,-55.4741107964692,-13.1606704894662));
#3826=CARTESIAN_POINT('Ctrl Pts',(17.5583575886565,-55.3392528587395,-15.1606704894662));
#3827=CARTESIAN_POINT('Ctrl Pts',(17.5583575886565,-55.3392528587395,-13.1606704894662));
#3828=CARTESIAN_POINT('Ctrl Pts',(17.6720414941943,-55.1824588359191,-15.1606704894662));
#3829=CARTESIAN_POINT('Ctrl Pts',(17.6720414941943,-55.1824588359191,-13.1606704894662));
#3830=CARTESIAN_POINT('Ctrl Pts',(17.7943383105245,-55.0137857971119,-15.1606704894662));
#3831=CARTESIAN_POINT('Ctrl Pts',(17.7943383105245,-55.0137857971119,-13.1606704894662));
#3832=CARTESIAN_POINT('Ctrl Pts',(17.882520307424,-54.8228380767835,-15.1606704894662));
#3833=CARTESIAN_POINT('Ctrl Pts',(17.882520307424,-54.8228380767835,-13.1606704894662));
#3834=CARTESIAN_POINT('Ctrl Pts',(17.9316239847073,-54.6203635495406,-15.1606704894662));
#3835=CARTESIAN_POINT('Ctrl Pts',(17.9316239847073,-54.6203635495406,-13.1606704894662));
#3836=CARTESIAN_POINT('Ctrl Pts',(17.9807276619906,-54.4178890222978,-15.1606704894662));
#3837=CARTESIAN_POINT('Ctrl Pts',(17.9807276619906,-54.4178890222978,-13.1606704894662));
#3838=CARTESIAN_POINT('Ctrl Pts',(17.989814103821,-54.2077592218156,-15.1606704894662));
#3839=CARTESIAN_POINT('Ctrl Pts',(17.989814103821,-54.2077592218156,-13.1606704894662));
#3840=CARTESIAN_POINT('Ctrl Pts',(17.9583718616342,-54.001801724474,-15.1606704894662));
#3841=CARTESIAN_POINT('Ctrl Pts',(17.9583718616342,-54.001801724474,-13.1606704894662));
#3842=CARTESIAN_POINT('Ctrl Pts',(17.9269296194474,-53.7958442271324,-15.1606704894662));
#3843=CARTESIAN_POINT('Ctrl Pts',(17.9269296194474,-53.7958442271324,-13.1606704894662));
#3844=CARTESIAN_POINT('Ctrl Pts',(17.8555599031887,-53.5979971647914,-15.1606704894662));
#3845=CARTESIAN_POINT('Ctrl Pts',(17.8555599031887,-53.5979971647914,-13.1606704894662));
#3846=CARTESIAN_POINT('Ctrl Pts',(17.748279900179,-53.4193967553317,-15.1606704894662));
#3847=CARTESIAN_POINT('Ctrl Pts',(17.748279900179,-53.4193967553317,-13.1606704894662));
#3848=CARTESIAN_POINT('Ctrl Pts',(17.6409998971694,-53.2407963458718,-15.1606704894662));
#3849=CARTESIAN_POINT('Ctrl Pts',(17.6409998971694,-53.2407963458718,-13.1606704894662));
#3850=CARTESIAN_POINT('Ctrl Pts',(17.4998609180106,-53.0848576238115,-15.1606704894662));
#3851=CARTESIAN_POINT('Ctrl Pts',(17.4998609180106,-53.0848576238115,-13.1606704894662));
#3852=CARTESIAN_POINT('Ctrl Pts',(17.332807252624,-52.960357912222,-15.1606704894662));
#3853=CARTESIAN_POINT('Ctrl Pts',(17.332807252624,-52.960357912222,-13.1606704894662));
#3854=CARTESIAN_POINT('',(17.332807252624,-52.9603579122221,-15.1606704894662));
#3855=CARTESIAN_POINT('Ctrl Pts',(17.2552845087247,-55.5804587709862,-15.1606704894662));
#3856=CARTESIAN_POINT('Ctrl Pts',(17.4171440289472,-55.4741107964692,-15.1606704894662));
#3857=CARTESIAN_POINT('Ctrl Pts',(17.5583575886565,-55.3392528587395,-15.1606704894662));
#3858=CARTESIAN_POINT('Ctrl Pts',(17.6720414941943,-55.1824588359191,-15.1606704894662));
#3859=CARTESIAN_POINT('Ctrl Pts',(17.7943383105245,-55.0137857971119,-15.1606704894662));
#3860=CARTESIAN_POINT('Ctrl Pts',(17.882520307424,-54.8228380767835,-15.1606704894662));
#3861=CARTESIAN_POINT('Ctrl Pts',(17.9316239847073,-54.6203635495406,-15.1606704894662));
#3862=CARTESIAN_POINT('Ctrl Pts',(17.9807276619906,-54.4178890222978,-15.1606704894662));
#3863=CARTESIAN_POINT('Ctrl Pts',(17.989814103821,-54.2077592218156,-15.1606704894662));
#3864=CARTESIAN_POINT('Ctrl Pts',(17.9583718616342,-54.001801724474,-15.1606704894662));
#3865=CARTESIAN_POINT('Ctrl Pts',(17.9269296194474,-53.7958442271324,-15.1606704894662));
#3866=CARTESIAN_POINT('Ctrl Pts',(17.8555599031887,-53.5979971647914,-15.1606704894662));
#3867=CARTESIAN_POINT('Ctrl Pts',(17.748279900179,-53.4193967553317,-15.1606704894662));
#3868=CARTESIAN_POINT('Ctrl Pts',(17.6409998971694,-53.2407963458718,-15.1606704894662));
#3869=CARTESIAN_POINT('Ctrl Pts',(17.4998609180106,-53.0848576238115,-15.1606704894662));
#3870=CARTESIAN_POINT('Ctrl Pts',(17.332807252624,-52.960357912222,-15.1606704894662));
#3871=CARTESIAN_POINT('',(17.332807252624,-52.9603579122221,-13.1606704894662));
#3872=CARTESIAN_POINT('',(17.332807252624,-52.9603579122221,-15.1606704894662));
#3873=CARTESIAN_POINT('Ctrl Pts',(17.2552845087247,-55.5804587709862,-13.1606704894662));
#3874=CARTESIAN_POINT('Ctrl Pts',(17.4171440289472,-55.4741107964692,-13.1606704894662));
#3875=CARTESIAN_POINT('Ctrl Pts',(17.5583575886565,-55.3392528587395,-13.1606704894662));
#3876=CARTESIAN_POINT('Ctrl Pts',(17.6720414941943,-55.1824588359191,-13.1606704894662));
#3877=CARTESIAN_POINT('Ctrl Pts',(17.7943383105245,-55.0137857971119,-13.1606704894662));
#3878=CARTESIAN_POINT('Ctrl Pts',(17.882520307424,-54.8228380767835,-13.1606704894662));
#3879=CARTESIAN_POINT('Ctrl Pts',(17.9316239847073,-54.6203635495406,-13.1606704894662));
#3880=CARTESIAN_POINT('Ctrl Pts',(17.9807276619906,-54.4178890222978,-13.1606704894662));
#3881=CARTESIAN_POINT('Ctrl Pts',(17.989814103821,-54.2077592218156,-13.1606704894662));
#3882=CARTESIAN_POINT('Ctrl Pts',(17.9583718616342,-54.001801724474,-13.1606704894662));
#3883=CARTESIAN_POINT('Ctrl Pts',(17.9269296194474,-53.7958442271324,-13.1606704894662));
#3884=CARTESIAN_POINT('Ctrl Pts',(17.8555599031887,-53.5979971647914,-13.1606704894662));
#3885=CARTESIAN_POINT('Ctrl Pts',(17.748279900179,-53.4193967553317,-13.1606704894662));
#3886=CARTESIAN_POINT('Ctrl Pts',(17.6409998971694,-53.2407963458718,-13.1606704894662));
#3887=CARTESIAN_POINT('Ctrl Pts',(17.4998609180106,-53.0848576238115,-13.1606704894662));
#3888=CARTESIAN_POINT('Ctrl Pts',(17.332807252624,-52.960357912222,-13.1606704894662));
#3889=CARTESIAN_POINT('Origin',(20.2011376160128,-49.1116333278355,-15.1606704894662));
#3890=CARTESIAN_POINT('',(21.7995831789981,-44.5856006520616,-15.1606704894662));
#3891=CARTESIAN_POINT('Origin',(20.2011376160128,-49.1116333278355,-15.1606704894662));
#3892=CARTESIAN_POINT('',(21.7995831789981,-44.5856006520616,-13.1606704894662));
#3893=CARTESIAN_POINT('',(21.7995831789981,-44.5856006520616,-15.1606704894662));
#3894=CARTESIAN_POINT('Origin',(20.2011376160128,-49.1116333278355,-13.1606704894662));
#3895=CARTESIAN_POINT('Origin',(22.3323983666599,-43.0769230934703,-15.1606704894662));
#3896=CARTESIAN_POINT('',(23.7844799386395,-43.7488301616851,-15.1606704894662));
#3897=CARTESIAN_POINT('Origin',(22.3323983666599,-43.0769230934703,-15.1606704894662));
#3898=CARTESIAN_POINT('',(23.7844799386395,-43.7488301616851,-13.1606704894662));
#3899=CARTESIAN_POINT('',(23.7844799386395,-43.7488301616851,-15.1606704894662));
#3900=CARTESIAN_POINT('Origin',(22.3323983666599,-43.0769230934703,-13.1606704894662));
#3901=CARTESIAN_POINT('Origin',(23.7844799386395,-43.7488301616851,-15.1606704894662));
#3902=CARTESIAN_POINT('',(25.6024632439829,-39.8199236495543,-15.1606704894662));
#3903=CARTESIAN_POINT('',(23.7844799386395,-43.7488301616851,-15.1606704894662));
#3904=CARTESIAN_POINT('',(25.6024632439829,-39.8199236495543,-13.1606704894662));
#3905=CARTESIAN_POINT('',(25.6024632439829,-39.8199236495543,-15.1606704894662));
#3906=CARTESIAN_POINT('',(23.7844799386395,-43.7488301616851,-13.1606704894662));
#3907=CARTESIAN_POINT('Ctrl Pts',(25.602463243983,-39.8199236495542,-15.1606704894662));
#3908=CARTESIAN_POINT('Ctrl Pts',(25.602463243983,-39.8199236495542,-13.1606704894662));
#3909=CARTESIAN_POINT('Ctrl Pts',(25.6045940162346,-39.8160234876861,-15.1606704894662));
#3910=CARTESIAN_POINT('Ctrl Pts',(25.6045940162346,-39.8160234876861,-13.1606704894662));
#3911=CARTESIAN_POINT('Ctrl Pts',(25.6067247884861,-39.8121233258182,-15.1606704894662));
#3912=CARTESIAN_POINT('Ctrl Pts',(25.6067247884861,-39.8121233258182,-13.1606704894662));
#3913=CARTESIAN_POINT('Ctrl Pts',(25.6088555607377,-39.8082231639501,-15.1606704894662));
#3914=CARTESIAN_POINT('Ctrl Pts',(25.6088555607377,-39.8082231639501,-13.1606704894662));
#3915=CARTESIAN_POINT('Ctrl Pts',(26.6212829488976,-37.9550778122873,-15.1606704894662));
#3916=CARTESIAN_POINT('Ctrl Pts',(26.6212829488976,-37.9550778122873,-13.1606704894662));
#3917=CARTESIAN_POINT('Ctrl Pts',(27.2748960923395,-35.8284664812919,-15.1606704894662));
#3918=CARTESIAN_POINT('Ctrl Pts',(27.2748960923395,-35.8284664812919,-13.1606704894662));
#3919=CARTESIAN_POINT('Ctrl Pts',(27.4935968143725,-33.3248283281037,-15.1606704894662));
#3920=CARTESIAN_POINT('Ctrl Pts',(27.4935968143725,-33.3248283281037,-13.1606704894662));
#3921=CARTESIAN_POINT('Ctrl Pts',(27.5854352583963,-32.2734818567698,-15.1606704894662));
#3922=CARTESIAN_POINT('Ctrl Pts',(27.5854352583963,-32.2734818567698,-13.1606704894662));
#3923=CARTESIAN_POINT('Ctrl Pts',(27.6112694056858,-31.1646866501408,-15.1606704894662));
#3924=CARTESIAN_POINT('Ctrl Pts',(27.6112694056858,-31.1646866501408,-13.1606704894662));
#3925=CARTESIAN_POINT('Ctrl Pts',(27.5813768046705,-30.0103553889833,-15.1606704894662));
#3926=CARTESIAN_POINT('Ctrl Pts',(27.5813768046705,-30.0103553889833,-13.1606704894662));
#3927=CARTESIAN_POINT('Ctrl Pts',(27.5813321201734,-30.0086298545644,-15.1606704894662));
#3928=CARTESIAN_POINT('Ctrl Pts',(27.5813321201734,-30.0086298545644,-13.1606704894662));
#3929=CARTESIAN_POINT('Ctrl Pts',(27.5812874356762,-30.0069043201443,-15.1606704894662));
#3930=CARTESIAN_POINT('Ctrl Pts',(27.5812874356762,-30.0069043201443,-13.1606704894662));
#3931=CARTESIAN_POINT('Ctrl Pts',(27.5812427511791,-30.0051787857253,-15.1606704894662));
#3932=CARTESIAN_POINT('Ctrl Pts',(27.5812427511791,-30.0051787857253,-13.1606704894662));
#3933=CARTESIAN_POINT('',(27.5812427511792,-30.0051787857264,-15.1606704894662));
#3934=CARTESIAN_POINT('Ctrl Pts',(25.602463243983,-39.8199236495542,-15.1606704894662));
#3935=CARTESIAN_POINT('Ctrl Pts',(25.6045940162346,-39.8160234876861,-15.1606704894662));
#3936=CARTESIAN_POINT('Ctrl Pts',(25.6067247884861,-39.8121233258182,-15.1606704894662));
#3937=CARTESIAN_POINT('Ctrl Pts',(25.6088555607377,-39.8082231639501,-15.1606704894662));
#3938=CARTESIAN_POINT('Ctrl Pts',(26.6212829488976,-37.9550778122873,-15.1606704894662));
#3939=CARTESIAN_POINT('Ctrl Pts',(27.2748960923395,-35.8284664812919,-15.1606704894662));
#3940=CARTESIAN_POINT('Ctrl Pts',(27.4935968143725,-33.3248283281037,-15.1606704894662));
#3941=CARTESIAN_POINT('Ctrl Pts',(27.5854352583963,-32.2734818567698,-15.1606704894662));
#3942=CARTESIAN_POINT('Ctrl Pts',(27.6112694056858,-31.1646866501408,-15.1606704894662));
#3943=CARTESIAN_POINT('Ctrl Pts',(27.5813768046705,-30.0103553889833,-15.1606704894662));
#3944=CARTESIAN_POINT('Ctrl Pts',(27.5813321201734,-30.0086298545644,-15.1606704894662));
#3945=CARTESIAN_POINT('Ctrl Pts',(27.5812874356762,-30.0069043201443,-15.1606704894662));
#3946=CARTESIAN_POINT('Ctrl Pts',(27.5812427511791,-30.0051787857253,-15.1606704894662));
#3947=CARTESIAN_POINT('',(27.5812427511791,-30.0051787857264,-13.1606704894662));
#3948=CARTESIAN_POINT('',(27.5812427511792,-30.0051787857264,-15.1606704894662));
#3949=CARTESIAN_POINT('Ctrl Pts',(25.602463243983,-39.8199236495542,-13.1606704894662));
#3950=CARTESIAN_POINT('Ctrl Pts',(25.6045940162346,-39.8160234876861,-13.1606704894662));
#3951=CARTESIAN_POINT('Ctrl Pts',(25.6067247884861,-39.8121233258182,-13.1606704894662));
#3952=CARTESIAN_POINT('Ctrl Pts',(25.6088555607377,-39.8082231639501,-13.1606704894662));
#3953=CARTESIAN_POINT('Ctrl Pts',(26.6212829488976,-37.9550778122873,-13.1606704894662));
#3954=CARTESIAN_POINT('Ctrl Pts',(27.2748960923395,-35.8284664812919,-13.1606704894662));
#3955=CARTESIAN_POINT('Ctrl Pts',(27.4935968143725,-33.3248283281037,-13.1606704894662));
#3956=CARTESIAN_POINT('Ctrl Pts',(27.5854352583963,-32.2734818567698,-13.1606704894662));
#3957=CARTESIAN_POINT('Ctrl Pts',(27.6112694056858,-31.1646866501408,-13.1606704894662));
#3958=CARTESIAN_POINT('Ctrl Pts',(27.5813768046705,-30.0103553889833,-13.1606704894662));
#3959=CARTESIAN_POINT('Ctrl Pts',(27.5813321201734,-30.0086298545644,-13.1606704894662));
#3960=CARTESIAN_POINT('Ctrl Pts',(27.5812874356762,-30.0069043201443,-13.1606704894662));
#3961=CARTESIAN_POINT('Ctrl Pts',(27.5812427511791,-30.0051787857253,-13.1606704894662));
#3962=CARTESIAN_POINT('Origin',(27.5812427511792,-30.0051787857264,-15.1606704894662));
#3963=CARTESIAN_POINT('',(27.5812427511792,35.0051787857273,-15.1606704894662));
#3964=CARTESIAN_POINT('',(27.5812427511792,-30.0051787857264,-15.1606704894662));
#3965=CARTESIAN_POINT('',(27.5812427511792,35.0051787857273,-13.1606704894662));
#3966=CARTESIAN_POINT('',(27.5812427511792,35.0051787857273,-15.1606704894662));
#3967=CARTESIAN_POINT('',(27.5812427511791,-30.0051787857264,-13.1606704894662));
#3968=CARTESIAN_POINT('Ctrl Pts',(27.5812427511792,35.0051787857274,-15.1606704894662));
#3969=CARTESIAN_POINT('Ctrl Pts',(27.5812427511792,35.0051787857274,-13.1606704894662));
#3970=CARTESIAN_POINT('Ctrl Pts',(27.5812874356763,35.006904320146,-15.1606704894662));
#3971=CARTESIAN_POINT('Ctrl Pts',(27.5812874356763,35.006904320146,-13.1606704894662));
#3972=CARTESIAN_POINT('Ctrl Pts',(27.5813321201734,35.0086298545646,-15.1606704894662));
#3973=CARTESIAN_POINT('Ctrl Pts',(27.5813321201734,35.0086298545646,-13.1606704894662));
#3974=CARTESIAN_POINT('Ctrl Pts',(27.5813768046705,35.0103553889832,-15.1606704894662));
#3975=CARTESIAN_POINT('Ctrl Pts',(27.5813768046705,35.0103553889832,-13.1606704894662));
#3976=CARTESIAN_POINT('Ctrl Pts',(27.6522278307517,37.7463352473017,-15.1606704894662));
#3977=CARTESIAN_POINT('Ctrl Pts',(27.6522278307517,37.7463352473017,-13.1606704894662));
#3978=CARTESIAN_POINT('Ctrl Pts',(27.4020498087141,40.205351531962,-15.1606704894662));
#3979=CARTESIAN_POINT('Ctrl Pts',(27.4020498087141,40.205351531962,-13.1606704894662));
#3980=CARTESIAN_POINT('Ctrl Pts',(26.7053756667257,42.2946440729324,-15.1606704894662));
#3981=CARTESIAN_POINT('Ctrl Pts',(26.7053756667257,42.2946440729324,-13.1606704894662));
#3982=CARTESIAN_POINT('Ctrl Pts',(26.4081579845906,43.1859857331196,-15.1606704894662));
#3983=CARTESIAN_POINT('Ctrl Pts',(26.4081579845906,43.1859857331196,-13.1606704894662));
#3984=CARTESIAN_POINT('Ctrl Pts',(26.038753710184,44.0213383298855,-15.1606704894662));
#3985=CARTESIAN_POINT('Ctrl Pts',(26.038753710184,44.0213383298855,-13.1606704894662));
#3986=CARTESIAN_POINT('Ctrl Pts',(25.6088555607377,44.8082231639501,-15.1606704894662));
#3987=CARTESIAN_POINT('Ctrl Pts',(25.6088555607377,44.8082231639501,-13.1606704894662));
#3988=CARTESIAN_POINT('Ctrl Pts',(25.6067247884861,44.8121233258182,-15.1606704894662));
#3989=CARTESIAN_POINT('Ctrl Pts',(25.6067247884861,44.8121233258182,-13.1606704894662));
#3990=CARTESIAN_POINT('Ctrl Pts',(25.6045940162345,44.8160234876863,-15.1606704894662));
#3991=CARTESIAN_POINT('Ctrl Pts',(25.6045940162345,44.8160234876863,-13.1606704894662));
#3992=CARTESIAN_POINT('Ctrl Pts',(25.6024632439828,44.8199236495545,-15.1606704894662));
#3993=CARTESIAN_POINT('Ctrl Pts',(25.6024632439828,44.8199236495545,-13.1606704894662));
#3994=CARTESIAN_POINT('',(25.6024632439828,44.8199236495547,-15.1606704894662));
#3995=CARTESIAN_POINT('Ctrl Pts',(27.5812427511792,35.0051787857274,-15.1606704894662));
#3996=CARTESIAN_POINT('Ctrl Pts',(27.5812874356763,35.006904320146,-15.1606704894662));
#3997=CARTESIAN_POINT('Ctrl Pts',(27.5813321201734,35.0086298545646,-15.1606704894662));
#3998=CARTESIAN_POINT('Ctrl Pts',(27.5813768046705,35.0103553889832,-15.1606704894662));
#3999=CARTESIAN_POINT('Ctrl Pts',(27.6522278307517,37.7463352473017,-15.1606704894662));
#4000=CARTESIAN_POINT('Ctrl Pts',(27.4020498087141,40.205351531962,-15.1606704894662));
#4001=CARTESIAN_POINT('Ctrl Pts',(26.7053756667257,42.2946440729324,-15.1606704894662));
#4002=CARTESIAN_POINT('Ctrl Pts',(26.4081579845906,43.1859857331196,-15.1606704894662));
#4003=CARTESIAN_POINT('Ctrl Pts',(26.038753710184,44.0213383298855,-15.1606704894662));
#4004=CARTESIAN_POINT('Ctrl Pts',(25.6088555607377,44.8082231639501,-15.1606704894662));
#4005=CARTESIAN_POINT('Ctrl Pts',(25.6067247884861,44.8121233258182,-15.1606704894662));
#4006=CARTESIAN_POINT('Ctrl Pts',(25.6045940162345,44.8160234876863,-15.1606704894662));
#4007=CARTESIAN_POINT('Ctrl Pts',(25.6024632439828,44.8199236495545,-15.1606704894662));
#4008=CARTESIAN_POINT('',(25.6024632439828,44.8199236495547,-13.1606704894662));
#4009=CARTESIAN_POINT('',(25.6024632439828,44.8199236495547,-15.1606704894662));
#4010=CARTESIAN_POINT('Ctrl Pts',(27.5812427511792,35.0051787857274,-13.1606704894662));
#4011=CARTESIAN_POINT('Ctrl Pts',(27.5812874356763,35.006904320146,-13.1606704894662));
#4012=CARTESIAN_POINT('Ctrl Pts',(27.5813321201734,35.0086298545646,-13.1606704894662));
#4013=CARTESIAN_POINT('Ctrl Pts',(27.5813768046705,35.0103553889832,-13.1606704894662));
#4014=CARTESIAN_POINT('Ctrl Pts',(27.6522278307517,37.7463352473017,-13.1606704894662));
#4015=CARTESIAN_POINT('Ctrl Pts',(27.4020498087141,40.205351531962,-13.1606704894662));
#4016=CARTESIAN_POINT('Ctrl Pts',(26.7053756667257,42.2946440729324,-13.1606704894662));
#4017=CARTESIAN_POINT('Ctrl Pts',(26.4081579845906,43.1859857331196,-13.1606704894662));
#4018=CARTESIAN_POINT('Ctrl Pts',(26.038753710184,44.0213383298855,-13.1606704894662));
#4019=CARTESIAN_POINT('Ctrl Pts',(25.6088555607377,44.8082231639501,-13.1606704894662));
#4020=CARTESIAN_POINT('Ctrl Pts',(25.6067247884861,44.8121233258182,-13.1606704894662));
#4021=CARTESIAN_POINT('Ctrl Pts',(25.6045940162345,44.8160234876863,-13.1606704894662));
#4022=CARTESIAN_POINT('Ctrl Pts',(25.6024632439828,44.8199236495545,-13.1606704894662));
#4023=CARTESIAN_POINT('Origin',(25.6024632439828,44.8199236495547,-15.1606704894662));
#4024=CARTESIAN_POINT('',(23.7844799386395,48.7488301616851,-15.1606704894662));
#4025=CARTESIAN_POINT('',(25.6024632439828,44.8199236495547,-15.1606704894662));
#4026=CARTESIAN_POINT('',(23.7844799386395,48.7488301616851,-13.1606704894662));
#4027=CARTESIAN_POINT('',(23.7844799386395,48.7488301616851,-15.1606704894662));
#4028=CARTESIAN_POINT('',(25.6024632439828,44.8199236495547,-13.1606704894662));
#4029=CARTESIAN_POINT('Origin',(22.3323983666599,48.0769230934703,-15.1606704894662));
#4030=CARTESIAN_POINT('',(21.7995831789981,49.5856006520616,-15.1606704894662));
#4031=CARTESIAN_POINT('Origin',(22.3323983666599,48.0769230934703,-15.1606704894662));
#4032=CARTESIAN_POINT('',(21.7995831789981,49.5856006520616,-13.1606704894662));
#4033=CARTESIAN_POINT('',(21.7995831789981,49.5856006520616,-15.1606704894662));
#4034=CARTESIAN_POINT('Origin',(22.3323983666599,48.0769230934703,-13.1606704894662));
#4035=CARTESIAN_POINT('Origin',(20.2011376160129,54.1116333278355,-15.1606704894662));
#4036=CARTESIAN_POINT('',(17.332807252624,57.9603579122221,-15.1606704894662));
#4037=CARTESIAN_POINT('Origin',(20.2011376160129,54.1116333278355,-15.1606704894662));
#4038=CARTESIAN_POINT('',(17.332807252624,57.960357912222,-13.1606704894662));
#4039=CARTESIAN_POINT('',(17.332807252624,57.9603579122221,-15.1606704894662));
#4040=CARTESIAN_POINT('Origin',(20.2011376160128,54.1116333278355,-13.1606704894662));
#4041=CARTESIAN_POINT('Ctrl Pts',(17.332807252624,57.9603579122221,-15.1606704894662));
#4042=CARTESIAN_POINT('Ctrl Pts',(17.332807252624,57.9603579122221,-13.1606704894662));
#4043=CARTESIAN_POINT('Ctrl Pts',(17.4880959484824,58.0760895712835,-15.1606704894662));
#4044=CARTESIAN_POINT('Ctrl Pts',(17.4880959484824,58.0760895712835,-13.1606704894662));
#4045=CARTESIAN_POINT('Ctrl Pts',(17.6210891879375,58.2190606560305,-15.1606704894662));
#4046=CARTESIAN_POINT('Ctrl Pts',(17.6210891879375,58.2190606560305,-13.1606704894662));
#4047=CARTESIAN_POINT('Ctrl Pts',(17.7253039907365,58.382301799276,-15.1606704894662));
#4048=CARTESIAN_POINT('Ctrl Pts',(17.7253039907365,58.382301799276,-13.1606704894662));
#4049=CARTESIAN_POINT('Ctrl Pts',(17.8374143069374,58.5579104047208,-15.1606704894662));
#4050=CARTESIAN_POINT('Ctrl Pts',(17.8374143069374,58.5579104047208,-13.1606704894662));
#4051=CARTESIAN_POINT('Ctrl Pts',(17.9141525218124,58.7537377339003,-15.1606704894662));
#4052=CARTESIAN_POINT('Ctrl Pts',(17.9141525218124,58.7537377339003,-13.1606704894662));
#4053=CARTESIAN_POINT('Ctrl Pts',(17.9511992713514,58.9587612536574,-15.1606704894662));
#4054=CARTESIAN_POINT('Ctrl Pts',(17.9511992713514,58.9587612536574,-13.1606704894662));
#4055=CARTESIAN_POINT('Ctrl Pts',(17.9882460208904,59.1637847734144,-15.1606704894662));
#4056=CARTESIAN_POINT('Ctrl Pts',(17.9882460208904,59.1637847734144,-13.1606704894662));
#4057=CARTESIAN_POINT('Ctrl Pts',(17.984892930858,59.3740842105582,-15.1606704894662));
#4058=CARTESIAN_POINT('Ctrl Pts',(17.984892930858,59.3740842105582,-13.1606704894662));
#4059=CARTESIAN_POINT('Ctrl Pts',(17.9413287366378,59.5778224403702,-15.1606704894662));
#4060=CARTESIAN_POINT('Ctrl Pts',(17.9413287366378,59.5778224403702,-13.1606704894662));
#4061=CARTESIAN_POINT('Ctrl Pts',(17.8977645424175,59.7815606701821,-15.1606704894662));
#4062=CARTESIAN_POINT('Ctrl Pts',(17.8977645424175,59.7815606701821,-13.1606704894662));
#4063=CARTESIAN_POINT('Ctrl Pts',(17.8148222388915,59.9748419956163,-15.1606704894662));
#4064=CARTESIAN_POINT('Ctrl Pts',(17.8148222388915,59.9748419956163,-13.1606704894662));
#4065=CARTESIAN_POINT('Ctrl Pts',(17.6971703996167,60.146787190432,-15.1606704894662));
#4066=CARTESIAN_POINT('Ctrl Pts',(17.6971703996167,60.146787190432,-13.1606704894662));
#4067=CARTESIAN_POINT('Ctrl Pts',(17.5795185603419,60.3187323852477,-15.1606704894662));
#4068=CARTESIAN_POINT('Ctrl Pts',(17.5795185603419,60.3187323852477,-13.1606704894662));
#4069=CARTESIAN_POINT('Ctrl Pts',(17.4294068167356,60.4660536698854,-15.1606704894662));
#4070=CARTESIAN_POINT('Ctrl Pts',(17.4294068167356,60.4660536698854,-13.1606704894662));
#4071=CARTESIAN_POINT('Ctrl Pts',(17.2552845087247,60.5804587709862,-15.1606704894662));
#4072=CARTESIAN_POINT('Ctrl Pts',(17.2552845087247,60.5804587709862,-13.1606704894662));
#4073=CARTESIAN_POINT('',(17.2552845087247,60.5804587709862,-15.1606704894662));
#4074=CARTESIAN_POINT('Ctrl Pts',(17.332807252624,57.9603579122221,-15.1606704894662));
#4075=CARTESIAN_POINT('Ctrl Pts',(17.4880959484824,58.0760895712835,-15.1606704894662));
#4076=CARTESIAN_POINT('Ctrl Pts',(17.6210891879375,58.2190606560305,-15.1606704894662));
#4077=CARTESIAN_POINT('Ctrl Pts',(17.7253039907365,58.382301799276,-15.1606704894662));
#4078=CARTESIAN_POINT('Ctrl Pts',(17.8374143069374,58.5579104047208,-15.1606704894662));
#4079=CARTESIAN_POINT('Ctrl Pts',(17.9141525218124,58.7537377339003,-15.1606704894662));
#4080=CARTESIAN_POINT('Ctrl Pts',(17.9511992713514,58.9587612536574,-15.1606704894662));
#4081=CARTESIAN_POINT('Ctrl Pts',(17.9882460208904,59.1637847734144,-15.1606704894662));
#4082=CARTESIAN_POINT('Ctrl Pts',(17.984892930858,59.3740842105582,-15.1606704894662));
#4083=CARTESIAN_POINT('Ctrl Pts',(17.9413287366378,59.5778224403702,-15.1606704894662));
#4084=CARTESIAN_POINT('Ctrl Pts',(17.8977645424175,59.7815606701821,-15.1606704894662));
#4085=CARTESIAN_POINT('Ctrl Pts',(17.8148222388915,59.9748419956163,-15.1606704894662));
#4086=CARTESIAN_POINT('Ctrl Pts',(17.6971703996167,60.146787190432,-15.1606704894662));
#4087=CARTESIAN_POINT('Ctrl Pts',(17.5795185603419,60.3187323852477,-15.1606704894662));
#4088=CARTESIAN_POINT('Ctrl Pts',(17.4294068167356,60.4660536698854,-15.1606704894662));
#4089=CARTESIAN_POINT('Ctrl Pts',(17.2552845087247,60.5804587709862,-15.1606704894662));
#4090=CARTESIAN_POINT('',(17.2552845087247,60.5804587709862,-13.1606704894662));
#4091=CARTESIAN_POINT('',(17.2552845087247,60.5804587709862,-15.1606704894662));
#4092=CARTESIAN_POINT('Ctrl Pts',(17.332807252624,57.9603579122221,-13.1606704894662));
#4093=CARTESIAN_POINT('Ctrl Pts',(17.4880959484824,58.0760895712835,-13.1606704894662));
#4094=CARTESIAN_POINT('Ctrl Pts',(17.6210891879375,58.2190606560305,-13.1606704894662));
#4095=CARTESIAN_POINT('Ctrl Pts',(17.7253039907365,58.382301799276,-13.1606704894662));
#4096=CARTESIAN_POINT('Ctrl Pts',(17.8374143069374,58.5579104047208,-13.1606704894662));
#4097=CARTESIAN_POINT('Ctrl Pts',(17.9141525218124,58.7537377339003,-13.1606704894662));
#4098=CARTESIAN_POINT('Ctrl Pts',(17.9511992713514,58.9587612536574,-13.1606704894662));
#4099=CARTESIAN_POINT('Ctrl Pts',(17.9882460208904,59.1637847734144,-13.1606704894662));
#4100=CARTESIAN_POINT('Ctrl Pts',(17.984892930858,59.3740842105582,-13.1606704894662));
#4101=CARTESIAN_POINT('Ctrl Pts',(17.9413287366378,59.5778224403702,-13.1606704894662));
#4102=CARTESIAN_POINT('Ctrl Pts',(17.8977645424175,59.7815606701821,-13.1606704894662));
#4103=CARTESIAN_POINT('Ctrl Pts',(17.8148222388915,59.9748419956163,-13.1606704894662));
#4104=CARTESIAN_POINT('Ctrl Pts',(17.6971703996167,60.146787190432,-13.1606704894662));
#4105=CARTESIAN_POINT('Ctrl Pts',(17.5795185603419,60.3187323852477,-13.1606704894662));
#4106=CARTESIAN_POINT('Ctrl Pts',(17.4294068167356,60.4660536698854,-13.1606704894662));
#4107=CARTESIAN_POINT('Ctrl Pts',(17.2552845087247,60.5804587709862,-13.1606704894662));
#4108=CARTESIAN_POINT('Ctrl Pts',(17.2552845087247,60.5804587709862,-15.1606704894662));
#4109=CARTESIAN_POINT('Ctrl Pts',(17.2552845087247,60.5804587709862,-13.1606704894662));
#4110=CARTESIAN_POINT('Ctrl Pts',(15.6810297202117,61.6148051467934,-15.1606704894661));
#4111=CARTESIAN_POINT('Ctrl Pts',(15.6810297202117,61.6148051467934,-13.1606704894661));
#4112=CARTESIAN_POINT('Ctrl Pts',(13.6350702269297,61.8840285159521,-15.1606704894662));
#4113=CARTESIAN_POINT('Ctrl Pts',(13.6350702269297,61.8840285159521,-13.1606704894662));
#4114=CARTESIAN_POINT('Ctrl Pts',(11.4266765588091,61.6433324686682,-15.1606704894662));
#4115=CARTESIAN_POINT('Ctrl Pts',(11.4266765588091,61.6433324686682,-13.1606704894662));
#4116=CARTESIAN_POINT('',(11.4266765588091,61.6433324686682,-15.1606704894662));
#4117=CARTESIAN_POINT('Ctrl Pts',(17.2552845087247,60.5804587709862,-15.1606704894662));
#4118=CARTESIAN_POINT('Ctrl Pts',(15.6810297202117,61.6148051467934,-15.1606704894661));
#4119=CARTESIAN_POINT('Ctrl Pts',(13.6350702269297,61.8840285159521,-15.1606704894662));
#4120=CARTESIAN_POINT('Ctrl Pts',(11.4266765588091,61.6433324686682,-15.1606704894662));
#4121=CARTESIAN_POINT('',(11.4266765588091,61.6433324686682,-13.1606704894662));
#4122=CARTESIAN_POINT('',(11.4266765588091,61.6433324686682,-15.1606704894662));
#4123=CARTESIAN_POINT('Ctrl Pts',(17.2552845087247,60.5804587709862,-13.1606704894662));
#4124=CARTESIAN_POINT('Ctrl Pts',(15.6810297202117,61.6148051467934,-13.1606704894661));
#4125=CARTESIAN_POINT('Ctrl Pts',(13.6350702269297,61.8840285159521,-13.1606704894662));
#4126=CARTESIAN_POINT('Ctrl Pts',(11.4266765588091,61.6433324686682,-13.1606704894662));
#4127=CARTESIAN_POINT('Origin',(11.4266765588091,61.6433324686682,-15.1606704894662));
#4128=CARTESIAN_POINT('',(4.07431757319407,60.8280313177317,-15.1606704894662));
#4129=CARTESIAN_POINT('',(11.4266765588091,61.6433324686682,-15.1606704894662));
#4130=CARTESIAN_POINT('',(4.07431757319406,60.8280313177317,-13.1606704894662));
#4131=CARTESIAN_POINT('',(4.07431757319407,60.8280313177317,-15.1606704894662));
#4132=CARTESIAN_POINT('',(11.4266765588091,61.6433324686682,-13.1606704894662));
#4133=CARTESIAN_POINT('Origin',(-8.59167246642001,59.4235042384639,-15.1606704894662));
#4134=CARTESIAN_POINT('',(-15.2496992105841,58.6851980478368,-15.1606704894662));
#4135=CARTESIAN_POINT('',(-7.71402707691982,59.5208260199979,-15.1606704894662));
#4136=CARTESIAN_POINT('',(-15.2496992105841,58.6851980478368,-13.1606704894662));
#4137=CARTESIAN_POINT('',(-15.2496992105841,58.6851980478368,-15.1606704894662));
#4138=CARTESIAN_POINT('',(4.07431757319406,60.8280313177317,-13.1606704894662));
#4139=CARTESIAN_POINT('Origin',(-15.0733566726024,57.0949454549139,-15.1606704894662));
#4140=CARTESIAN_POINT('',(-16.5594095995663,56.5019473956742,-15.1606704894662));
#4141=CARTESIAN_POINT('Origin',(-15.0733566726024,57.0949454549139,-15.1606704894662));
#4142=CARTESIAN_POINT('',(-16.5594095995663,56.5019473956742,-13.1606704894662));
#4143=CARTESIAN_POINT('',(-16.5594095995663,56.5019473956742,-15.1606704894662));
#4144=CARTESIAN_POINT('Origin',(-15.0733566726024,57.0949454549139,-13.1606704894662));
#4145=CARTESIAN_POINT('Origin',(-21.017568380458,54.7229532179552,-15.1606704894662));
#4146=CARTESIAN_POINT('',(-22.241998289774,50.0817495597247,-15.1606704894662));
#4147=CARTESIAN_POINT('Origin',(-21.017568380458,54.7229532179552,-15.1606704894662));
#4148=CARTESIAN_POINT('',(-22.241998289774,50.0817495597247,-13.1606704894662));
#4149=CARTESIAN_POINT('',(-22.241998289774,50.0817495597247,-15.1606704894662));
#4150=CARTESIAN_POINT('Origin',(-21.017568380458,54.7229532179552,-13.1606704894662));
#4151=CARTESIAN_POINT('Origin',(-22.6501415928794,48.5346816736478,-15.1606704894662));
#4152=CARTESIAN_POINT('',(-24.1521324016947,49.086065034146,-15.1606704894662));
#4153=CARTESIAN_POINT('Origin',(-22.6501415928794,48.5346816736478,-15.1606704894662));
#4154=CARTESIAN_POINT('',(-24.1521324016947,49.0860650341459,-13.1606704894662));
#4155=CARTESIAN_POINT('',(-24.1521324016947,49.086065034146,-15.1606704894662));
#4156=CARTESIAN_POINT('Origin',(-22.6501415928794,48.5346816736478,-13.1606704894662));
#4157=CARTESIAN_POINT('Origin',(-24.1521324016947,49.086065034146,-15.1606704894662));
#4158=CARTESIAN_POINT('',(-27.1845140444016,40.8257335071813,-15.1606704894662));
#4159=CARTESIAN_POINT('',(-24.1521324016947,49.086065034146,-15.1606704894662));
#4160=CARTESIAN_POINT('',(-27.1845140444016,40.8257335071813,-13.1606704894662));
#4161=CARTESIAN_POINT('',(-27.1845140444016,40.8257335071813,-15.1606704894662));
#4162=CARTESIAN_POINT('',(-24.1521324016947,49.086065034146,-13.1606704894662));
#4163=CARTESIAN_POINT('Ctrl Pts',(-27.1845140444016,40.8257335071813,-15.1606704894662));
#4164=CARTESIAN_POINT('Ctrl Pts',(-27.1845140444016,40.8257335071813,-13.1606704894662));
#4165=CARTESIAN_POINT('Ctrl Pts',(-27.8229727631184,38.7903894532949,-15.1606704894662));
#4166=CARTESIAN_POINT('Ctrl Pts',(-27.8229727631184,38.7903894532949,-13.1606704894662));
#4167=CARTESIAN_POINT('Ctrl Pts',(-28.2673620136642,36.512080529979,-15.1606704894662));
#4168=CARTESIAN_POINT('Ctrl Pts',(-28.2673620136642,36.512080529979,-13.1606704894662));
#4169=CARTESIAN_POINT('Ctrl Pts',(-28.4809285390651,33.9262846416363,-15.1606704894662));
#4170=CARTESIAN_POINT('Ctrl Pts',(-28.4809285390651,33.9262846416363,-13.1606704894662));
#4171=CARTESIAN_POINT('Ctrl Pts',(-28.5589348690544,32.9818086898344,-15.1606704894662));
#4172=CARTESIAN_POINT('Ctrl Pts',(-28.5589348690544,32.9818086898344,-13.1606704894662));
#4173=CARTESIAN_POINT('Ctrl Pts',(-28.6108107068427,32.0024664865358,-15.1606704894663));
#4174=CARTESIAN_POINT('Ctrl Pts',(-28.6108107068427,32.0024664865358,-13.1606704894663));
#4175=CARTESIAN_POINT('Ctrl Pts',(-28.6401161766427,30.9941976986503,-15.1606704894662));
#4176=CARTESIAN_POINT('Ctrl Pts',(-28.6401161766427,30.9941976986503,-13.1606704894662));
#4177=CARTESIAN_POINT('',(-28.6401161766427,30.9941976986502,-15.1606704894662));
#4178=CARTESIAN_POINT('Ctrl Pts',(-27.1845140444016,40.8257335071813,-15.1606704894662));
#4179=CARTESIAN_POINT('Ctrl Pts',(-27.8229727631184,38.7903894532949,-15.1606704894662));
#4180=CARTESIAN_POINT('Ctrl Pts',(-28.2673620136642,36.512080529979,-15.1606704894662));
#4181=CARTESIAN_POINT('Ctrl Pts',(-28.4809285390651,33.9262846416363,-15.1606704894662));
#4182=CARTESIAN_POINT('Ctrl Pts',(-28.5589348690544,32.9818086898344,-15.1606704894662));
#4183=CARTESIAN_POINT('Ctrl Pts',(-28.6108107068427,32.0024664865358,-15.1606704894663));
#4184=CARTESIAN_POINT('Ctrl Pts',(-28.6401161766427,30.9941976986503,-15.1606704894662));
#4185=CARTESIAN_POINT('',(-28.6401161766427,30.9941976986502,-13.1606704894662));
#4186=CARTESIAN_POINT('',(-28.6401161766427,30.9941976986502,-15.1606704894662));
#4187=CARTESIAN_POINT('Ctrl Pts',(-27.1845140444016,40.8257335071813,-13.1606704894662));
#4188=CARTESIAN_POINT('Ctrl Pts',(-27.8229727631184,38.7903894532949,-13.1606704894662));
#4189=CARTESIAN_POINT('Ctrl Pts',(-28.2673620136642,36.512080529979,-13.1606704894662));
#4190=CARTESIAN_POINT('Ctrl Pts',(-28.4809285390651,33.9262846416363,-13.1606704894662));
#4191=CARTESIAN_POINT('Ctrl Pts',(-28.5589348690544,32.9818086898344,-13.1606704894662));
#4192=CARTESIAN_POINT('Ctrl Pts',(-28.6108107068427,32.0024664865358,-13.1606704894663));
#4193=CARTESIAN_POINT('Ctrl Pts',(-28.6401161766427,30.9941976986503,-13.1606704894662));
#4194=CARTESIAN_POINT('Origin',(-28.6401161766427,30.9941976986502,-15.1606704894662));
#4195=CARTESIAN_POINT('',(-28.6401161766426,-25.9941976986554,-15.1606704894662));
#4196=CARTESIAN_POINT('',(-28.6401161766427,30.9941976986502,-15.1606704894662));
#4197=CARTESIAN_POINT('',(-28.6401161766426,-25.9941976986554,-13.1606704894662));
#4198=CARTESIAN_POINT('',(-28.6401161766426,-25.9941976986554,-15.1606704894662));
#4199=CARTESIAN_POINT('',(-28.6401161766427,30.9941976986502,-13.1606704894662));
#4200=CARTESIAN_POINT('Ctrl Pts',(-28.6401161766426,-25.9941976986554,-15.1606704894662));
#4201=CARTESIAN_POINT('Ctrl Pts',(-28.6401161766426,-25.9941976986554,-13.1606704894662));
#4202=CARTESIAN_POINT('Ctrl Pts',(-28.559893214341,-28.7543073134192,-15.1606704894662));
#4203=CARTESIAN_POINT('Ctrl Pts',(-28.559893214341,-28.7543073134192,-13.1606704894662));
#4204=CARTESIAN_POINT('Ctrl Pts',(-28.3045839419177,-31.2815137393543,-15.1606704894662));
#4205=CARTESIAN_POINT('Ctrl Pts',(-28.3045839419177,-31.2815137393543,-13.1606704894662));
#4206=CARTESIAN_POINT('Ctrl Pts',(-27.8083973400635,-33.4975066299554,-15.1606704894662));
#4207=CARTESIAN_POINT('Ctrl Pts',(-27.8083973400635,-33.4975066299554,-13.1606704894662));
#4208=CARTESIAN_POINT('Ctrl Pts',(-27.6270847777016,-34.3072571304107,-15.1606704894662));
#4209=CARTESIAN_POINT('Ctrl Pts',(-27.6270847777016,-34.3072571304107,-13.1606704894662));
#4210=CARTESIAN_POINT('Ctrl Pts',(-27.4177862857861,-35.0820843791798,-15.1606704894662));
#4211=CARTESIAN_POINT('Ctrl Pts',(-27.4177862857861,-35.0820843791798,-13.1606704894662));
#4212=CARTESIAN_POINT('Ctrl Pts',(-27.184514044401,-35.8257335071831,-15.1606704894662));
#4213=CARTESIAN_POINT('Ctrl Pts',(-27.184514044401,-35.8257335071831,-13.1606704894662));
#4214=CARTESIAN_POINT('',(-27.184514044401,-35.8257335071831,-15.1606704894662));
#4215=CARTESIAN_POINT('Ctrl Pts',(-28.6401161766426,-25.9941976986554,-15.1606704894662));
#4216=CARTESIAN_POINT('Ctrl Pts',(-28.559893214341,-28.7543073134192,-15.1606704894662));
#4217=CARTESIAN_POINT('Ctrl Pts',(-28.3045839419177,-31.2815137393543,-15.1606704894662));
#4218=CARTESIAN_POINT('Ctrl Pts',(-27.8083973400635,-33.4975066299554,-15.1606704894662));
#4219=CARTESIAN_POINT('Ctrl Pts',(-27.6270847777016,-34.3072571304107,-15.1606704894662));
#4220=CARTESIAN_POINT('Ctrl Pts',(-27.4177862857861,-35.0820843791798,-15.1606704894662));
#4221=CARTESIAN_POINT('Ctrl Pts',(-27.184514044401,-35.8257335071831,-15.1606704894662));
#4222=CARTESIAN_POINT('',(-27.184514044401,-35.8257335071831,-13.1606704894662));
#4223=CARTESIAN_POINT('',(-27.184514044401,-35.8257335071831,-15.1606704894662));
#4224=CARTESIAN_POINT('Ctrl Pts',(-28.6401161766426,-25.9941976986554,-13.1606704894662));
#4225=CARTESIAN_POINT('Ctrl Pts',(-28.559893214341,-28.7543073134192,-13.1606704894662));
#4226=CARTESIAN_POINT('Ctrl Pts',(-28.3045839419177,-31.2815137393543,-13.1606704894662));
#4227=CARTESIAN_POINT('Ctrl Pts',(-27.8083973400635,-33.4975066299554,-13.1606704894662));
#4228=CARTESIAN_POINT('Ctrl Pts',(-27.6270847777016,-34.3072571304107,-13.1606704894662));
#4229=CARTESIAN_POINT('Ctrl Pts',(-27.4177862857861,-35.0820843791798,-13.1606704894662));
#4230=CARTESIAN_POINT('Ctrl Pts',(-27.184514044401,-35.8257335071831,-13.1606704894662));
#4231=CARTESIAN_POINT('Origin',(-27.184514044401,-35.8257335071831,-15.1606704894662));
#4232=CARTESIAN_POINT('',(-24.1521324016947,-44.086065034146,-15.1606704894662));
#4233=CARTESIAN_POINT('',(-27.184514044401,-35.8257335071831,-15.1606704894662));
#4234=CARTESIAN_POINT('',(-24.1521324016947,-44.086065034146,-13.1606704894662));
#4235=CARTESIAN_POINT('',(-24.1521324016947,-44.086065034146,-15.1606704894662));
#4236=CARTESIAN_POINT('',(-27.184514044401,-35.8257335071831,-13.1606704894662));
#4237=CARTESIAN_POINT('Origin',(-22.6501415928794,-43.5346816736478,-15.1606704894662));
#4238=CARTESIAN_POINT('',(-22.241998289774,-45.0817495597247,-15.1606704894662));
#4239=CARTESIAN_POINT('Origin',(-22.6501415928794,-43.5346816736478,-15.1606704894662));
#4240=CARTESIAN_POINT('',(-22.241998289774,-45.0817495597247,-13.1606704894662));
#4241=CARTESIAN_POINT('',(-22.241998289774,-45.0817495597247,-15.1606704894662));
#4242=CARTESIAN_POINT('Origin',(-22.6501415928794,-43.5346816736478,-13.1606704894662));
#4243=CARTESIAN_POINT('Origin',(-21.017568380458,-49.7229532179552,-15.1606704894662));
#4244=CARTESIAN_POINT('',(-16.5594095995663,-51.5019473956742,-15.1606704894662));
#4245=CARTESIAN_POINT('Origin',(-21.017568380458,-49.7229532179552,-15.1606704894662));
#4246=CARTESIAN_POINT('',(-16.5594095995663,-51.5019473956742,-13.1606704894662));
#4247=CARTESIAN_POINT('',(-16.5594095995663,-51.5019473956742,-15.1606704894662));
#4248=CARTESIAN_POINT('Origin',(-21.017568380458,-49.7229532179552,-13.1606704894662));
#4249=CARTESIAN_POINT('Origin',(-15.0733566726024,-52.0949454549139,-15.1606704894662));
#4250=CARTESIAN_POINT('',(-15.2496992105841,-53.6851980478368,-15.1606704894662));
#4251=CARTESIAN_POINT('Origin',(-15.0733566726024,-52.0949454549139,-15.1606704894662));
#4252=CARTESIAN_POINT('',(-15.2496992105841,-53.6851980478368,-13.1606704894662));
#4253=CARTESIAN_POINT('',(-15.2496992105841,-53.6851980478368,-15.1606704894662));
#4254=CARTESIAN_POINT('Origin',(-15.0733566726024,-52.0949454549139,-13.1606704894662));
#4255=CARTESIAN_POINT('Origin',(-15.2496992105841,-53.6851980478368,-15.1606704894662));
#4256=CARTESIAN_POINT('',(-15.2496992105841,-53.6851980478368,-15.1606704894662));
#4257=CARTESIAN_POINT('',(-15.2496992105841,-53.6851980478368,-13.1606704894662));
#4258=CARTESIAN_POINT('Ctrl Pts',(15.6699186776359,-54.1819444556161,-15.1606704894662));
#4259=CARTESIAN_POINT('Ctrl Pts',(15.6699186776359,-54.1819444556161,-13.1606704894662));
#4260=CARTESIAN_POINT('Ctrl Pts',(15.616682594814,-54.2072007147264,-15.1606704894662));
#4261=CARTESIAN_POINT('Ctrl Pts',(15.616682594814,-54.2072007147264,-13.1606704894662));
#4262=CARTESIAN_POINT('Ctrl Pts',(15.5623432916815,-54.23164514827,-15.1606704894662));
#4263=CARTESIAN_POINT('Ctrl Pts',(15.5623432916815,-54.23164514827,-13.1606704894662));
#4264=CARTESIAN_POINT('Ctrl Pts',(15.5069510299386,-54.2552395155329,-15.1606704894662));
#4265=CARTESIAN_POINT('Ctrl Pts',(15.5069510299386,-54.2552395155329,-13.1606704894662));
#4266=CARTESIAN_POINT('Ctrl Pts',(14.525686873947,-54.6732095739828,-15.1606704894662));
#4267=CARTESIAN_POINT('Ctrl Pts',(14.525686873947,-54.6732095739828,-13.1606704894662));
#4268=CARTESIAN_POINT('Ctrl Pts',(13.1762840591474,-54.8221806747052,-15.1606704894662));
#4269=CARTESIAN_POINT('Ctrl Pts',(13.1762840591474,-54.8221806747052,-13.1606704894662));
#4270=CARTESIAN_POINT('Ctrl Pts',(11.6433761737768,-54.6551068082179,-15.1606704894662));
#4271=CARTESIAN_POINT('Ctrl Pts',(11.6433761737768,-54.6551068082179,-13.1606704894662));
#4272=CARTESIAN_POINT('Ctrl Pts',(13.993669601011,-54.649392841933,-13.1606704894662));
#4273=CARTESIAN_POINT('Ctrl Pts',(13.2877335030538,-54.7432127951828,-13.1606704894662));
#4274=CARTESIAN_POINT('Ctrl Pts',(12.4937939212127,-54.7477950790198,-13.1606704894662));
#4275=CARTESIAN_POINT('Ctrl Pts',(11.6433761737768,-54.6551068082179,-13.1606704894662));
#4276=CARTESIAN_POINT('Origin',(-8.7233418814977,-52.3966445224832,-15.1606704894662));
#4277=CARTESIAN_POINT('',(-14.527661799555,-51.7530055747067,-13.1606704894662));
#4278=CARTESIAN_POINT('Origin',(-22.3967255976403,-43.0642802743204,-15.1606704894662));
#4279=CARTESIAN_POINT('',(-25.2902187023592,-35.1822868011545,-13.1606704894662));
#4280=CARTESIAN_POINT('',(-25.2902187023592,-35.1822868011545,-15.1606704894662));
#4281=CARTESIAN_POINT('',(-25.2902187023592,-35.1822868011545,-13.1606704894662));
#4282=CARTESIAN_POINT('Ctrl Pts',(-25.2902187023592,-35.1822868011545,-15.1606704894662));
#4283=CARTESIAN_POINT('Ctrl Pts',(-25.2902187023592,-35.1822868011545,-13.1606704894662));
#4284=CARTESIAN_POINT('Ctrl Pts',(-25.5859146164017,-34.2335713818205,-15.1606704894663));
#4285=CARTESIAN_POINT('Ctrl Pts',(-25.5859146164017,-34.2335713818205,-13.1606704894663));
#4286=CARTESIAN_POINT('Ctrl Pts',(-25.8415072871725,-33.2262113141026,-15.1606704894662));
#4287=CARTESIAN_POINT('Ctrl Pts',(-25.8415072871725,-33.2262113141026,-13.1606704894662));
#4288=CARTESIAN_POINT('Ctrl Pts',(-26.0438139185201,-32.1526392207996,-15.1606704894662));
#4289=CARTESIAN_POINT('Ctrl Pts',(-26.0438139185201,-32.1526392207996,-13.1606704894662));
#4290=CARTESIAN_POINT('Ctrl Pts',(-26.387659443279,-30.3279686337351,-15.1606704894662));
#4291=CARTESIAN_POINT('Ctrl Pts',(-26.387659443279,-30.3279686337351,-13.1606704894662));
#4292=CARTESIAN_POINT('Ctrl Pts',(-26.5728642113259,-28.242012232001,-15.1606704894662));
#4293=CARTESIAN_POINT('Ctrl Pts',(-26.5728642113259,-28.242012232001,-13.1606704894662));
#4294=CARTESIAN_POINT('Ctrl Pts',(-26.6401161766426,-25.9649063751878,-15.1606704894662));
#4295=CARTESIAN_POINT('Ctrl Pts',(-26.6401161766426,-25.9649063751878,-13.1606704894662));
#4296=CARTESIAN_POINT('',(-26.6401161766426,-25.9649063751876,-13.1606704894662));
#4297=CARTESIAN_POINT('',(-26.6401161766426,-25.9649063751876,-15.1606704894662));
#4298=CARTESIAN_POINT('Ctrl Pts',(-25.2902187023592,-35.1822868011545,-13.1606704894662));
#4299=CARTESIAN_POINT('Ctrl Pts',(-25.5859146164017,-34.2335713818205,-13.1606704894663));
#4300=CARTESIAN_POINT('Ctrl Pts',(-25.8415072871725,-33.2262113141026,-13.1606704894662));
#4301=CARTESIAN_POINT('Ctrl Pts',(-26.0438139185201,-32.1526392207996,-13.1606704894662));
#4302=CARTESIAN_POINT('Ctrl Pts',(-26.387659443279,-30.3279686337351,-13.1606704894662));
#4303=CARTESIAN_POINT('Ctrl Pts',(-26.5728642113259,-28.242012232001,-13.1606704894662));
#4304=CARTESIAN_POINT('Ctrl Pts',(-26.6401161766426,-25.9649063751878,-13.1606704894662));
#4305=CARTESIAN_POINT('Origin',(-26.6401161766427,-25.9649063751876,-15.1606704894662));
#4306=CARTESIAN_POINT('',(-26.6401161766427,30.9649063751822,-13.1606704894662));
#4307=CARTESIAN_POINT('',(-26.6401161766427,30.9649063751822,-15.1606704894662));
#4308=CARTESIAN_POINT('',(-26.6401161766427,30.9649063751822,-13.1606704894662));
#4309=CARTESIAN_POINT('Ctrl Pts',(-26.6401161766427,30.9649063751824,-15.1606704894662));
#4310=CARTESIAN_POINT('Ctrl Pts',(-26.6401161766427,30.9649063751824,-13.1606704894662));
#4311=CARTESIAN_POINT('Ctrl Pts',(-26.6159174663816,31.7842582648056,-15.1606704894662));
#4312=CARTESIAN_POINT('Ctrl Pts',(-26.6159174663816,31.7842582648056,-13.1606704894662));
#4313=CARTESIAN_POINT('Ctrl Pts',(-26.5762157069445,32.581776387528,-15.1606704894662));
#4314=CARTESIAN_POINT('Ctrl Pts',(-26.5762157069445,32.581776387528,-13.1606704894662));
#4315=CARTESIAN_POINT('Ctrl Pts',(-26.5197550362617,33.3506729297936,-15.1606704894662));
#4316=CARTESIAN_POINT('Ctrl Pts',(-26.5197550362617,33.3506729297936,-13.1606704894662));
#4317=CARTESIAN_POINT('Ctrl Pts',(-26.3269597555615,35.9762107227873,-15.1606704894662));
#4318=CARTESIAN_POINT('Ctrl Pts',(-26.3269597555615,35.9762107227873,-13.1606704894662));
#4319=CARTESIAN_POINT('Ctrl Pts',(-25.9075850100717,38.2015190336966,-15.1606704894663));
#4320=CARTESIAN_POINT('Ctrl Pts',(-25.9075850100717,38.2015190336966,-13.1606704894663));
#4321=CARTESIAN_POINT('Ctrl Pts',(-25.2902187023594,40.182286801154,-15.1606704894662));
#4322=CARTESIAN_POINT('Ctrl Pts',(-25.2902187023594,40.182286801154,-13.1606704894662));
#4323=CARTESIAN_POINT('',(-25.2902187023594,40.182286801154,-13.1606704894662));
#4324=CARTESIAN_POINT('',(-25.2902187023594,40.182286801154,-15.1606704894662));
#4325=CARTESIAN_POINT('Ctrl Pts',(-26.6401161766427,30.9649063751824,-13.1606704894662));
#4326=CARTESIAN_POINT('Ctrl Pts',(-26.6159174663816,31.7842582648056,-13.1606704894662));
#4327=CARTESIAN_POINT('Ctrl Pts',(-26.5762157069445,32.581776387528,-13.1606704894662));
#4328=CARTESIAN_POINT('Ctrl Pts',(-26.5197550362617,33.3506729297936,-13.1606704894662));
#4329=CARTESIAN_POINT('Ctrl Pts',(-26.3269597555615,35.9762107227873,-13.1606704894662));
#4330=CARTESIAN_POINT('Ctrl Pts',(-25.9075850100717,38.2015190336966,-13.1606704894663));
#4331=CARTESIAN_POINT('Ctrl Pts',(-25.2902187023594,40.182286801154,-13.1606704894662));
#4332=CARTESIAN_POINT('Origin',(-25.2902187023594,40.182286801154,-15.1606704894662));
#4333=CARTESIAN_POINT('',(-22.3967255976403,48.0642802743204,-13.1606704894662));
#4334=CARTESIAN_POINT('Ctrl Pts',(11.6433761737768,59.6551068082179,-15.1606704894662));
#4335=CARTESIAN_POINT('Ctrl Pts',(11.6433761737768,59.6551068082179,-13.1606704894662));
#4336=CARTESIAN_POINT('Ctrl Pts',(12.1585072667189,59.7112516974621,-15.1606704894662));
#4337=CARTESIAN_POINT('Ctrl Pts',(12.1585072667189,59.7112516974621,-13.1606704894662));
#4338=CARTESIAN_POINT('Ctrl Pts',(12.6534004310765,59.7323840699453,-15.1606704894662));
#4339=CARTESIAN_POINT('Ctrl Pts',(12.6534004310765,59.7323840699453,-13.1606704894662));
#4340=CARTESIAN_POINT('Ctrl Pts',(13.1209097944044,59.7194347842746,-15.1606704894662));
#4341=CARTESIAN_POINT('Ctrl Pts',(13.1209097944044,59.7194347842746,-13.1606704894662));
#4342=CARTESIAN_POINT('Ctrl Pts',(14.1231302748755,59.6916748283791,-15.1606704894662));
#4343=CARTESIAN_POINT('Ctrl Pts',(14.1231302748755,59.6916748283791,-13.1606704894662));
#4344=CARTESIAN_POINT('Ctrl Pts',(14.9828107700798,59.5079221464998,-15.1606704894662));
#4345=CARTESIAN_POINT('Ctrl Pts',(14.9828107700798,59.5079221464998,-13.1606704894662));
#4346=CARTESIAN_POINT('Ctrl Pts',(15.669918677636,59.181944455616,-15.1606704894662));
#4347=CARTESIAN_POINT('Ctrl Pts',(15.669918677636,59.181944455616,-13.1606704894662));
#4348=CARTESIAN_POINT('Ctrl Pts',(11.6433761737768,59.6551068082179,-13.1606704894662));
#4349=CARTESIAN_POINT('Ctrl Pts',(12.1585072667189,59.7112516974621,-13.1606704894662));
#4350=CARTESIAN_POINT('Ctrl Pts',(12.6534004310765,59.7323840699453,-13.1606704894662));
#4351=CARTESIAN_POINT('Ctrl Pts',(13.1209097944044,59.7194347842746,-13.1606704894662));
#4352=CARTESIAN_POINT('Ctrl Pts',(13.4252005905189,59.7110064002572,-13.1606704894662));
#4353=CARTESIAN_POINT('Ctrl Pts',(13.7163516156524,59.6881981305515,-13.1606704894662));
#4354=CARTESIAN_POINT('Ctrl Pts',(13.9935223081087,59.6513953102474,-13.1606704894662));
#4355=CARTESIAN_POINT('Origin',(22.1181448166383,47.5874411638392,-15.1606704894662));
#4356=CARTESIAN_POINT('',(23.815356249291,43.9195389170955,-13.1606704894662));
#4357=CARTESIAN_POINT('',(23.815356249291,43.9195389170955,-15.1606704894662));
#4358=CARTESIAN_POINT('',(23.815356249291,43.9195389170955,-13.1606704894662));
#4359=CARTESIAN_POINT('Ctrl Pts',(23.8153562492911,43.9195389170953,-15.1606704894662));
#4360=CARTESIAN_POINT('Ctrl Pts',(23.8153562492911,43.9195389170953,-13.1606704894662));
#4361=CARTESIAN_POINT('Ctrl Pts',(23.8260101105493,43.9000381077545,-15.1606704894662));
#4362=CARTESIAN_POINT('Ctrl Pts',(23.8260101105493,43.9000381077545,-13.1606704894662));
#4363=CARTESIAN_POINT('Ctrl Pts',(23.8366639718071,43.8805372984145,-15.1606704894662));
#4364=CARTESIAN_POINT('Ctrl Pts',(23.8366639718071,43.8805372984145,-13.1606704894662));
#4365=CARTESIAN_POINT('Ctrl Pts',(23.8473178330652,43.8610364890738,-15.1606704894662));
#4366=CARTESIAN_POINT('Ctrl Pts',(23.8473178330652,43.8610364890738,-13.1606704894662));
#4367=CARTESIAN_POINT('Ctrl Pts',(23.8494486053166,43.8571363272061,-15.1606704894662));
#4368=CARTESIAN_POINT('Ctrl Pts',(23.8494486053166,43.8571363272061,-13.1606704894662));
#4369=CARTESIAN_POINT('Ctrl Pts',(23.851579377569,43.8532361653365,-15.1606704894662));
#4370=CARTESIAN_POINT('Ctrl Pts',(23.851579377569,43.8532361653365,-13.1606704894662));
#4371=CARTESIAN_POINT('Ctrl Pts',(23.8537101498206,43.8493360034685,-15.1606704894662));
#4372=CARTESIAN_POINT('Ctrl Pts',(23.8537101498206,43.8493360034685,-13.1606704894662));
#4373=CARTESIAN_POINT('Ctrl Pts',(24.3692077064386,42.9057701615996,-15.1606704894662));
#4374=CARTESIAN_POINT('Ctrl Pts',(24.3692077064386,42.9057701615996,-13.1606704894662));
#4375=CARTESIAN_POINT('Ctrl Pts',(24.7851367201752,41.8855799553193,-15.1606704894662));
#4376=CARTESIAN_POINT('Ctrl Pts',(24.7851367201752,41.8855799553193,-13.1606704894662));
#4377=CARTESIAN_POINT('Ctrl Pts',(25.0730830464768,40.7613625965062,-15.1606704894662));
#4378=CARTESIAN_POINT('Ctrl Pts',(25.0730830464768,40.7613625965062,-13.1606704894662));
#4379=CARTESIAN_POINT('Ctrl Pts',(25.4229635521764,39.3953380909328,-15.1606704894662));
#4380=CARTESIAN_POINT('Ctrl Pts',(25.4229635521764,39.3953380909328,-13.1606704894662));
#4381=CARTESIAN_POINT('Ctrl Pts',(25.5864063335537,37.7999420566408,-15.1606704894662));
#4382=CARTESIAN_POINT('Ctrl Pts',(25.5864063335537,37.7999420566408,-13.1606704894662));
#4383=CARTESIAN_POINT('Ctrl Pts',(25.5928386132687,36.0098776257396,-15.1606704894662));
#4384=CARTESIAN_POINT('Ctrl Pts',(25.5928386132687,36.0098776257396,-13.1606704894662));
#4385=CARTESIAN_POINT('Ctrl Pts',(25.5939619187853,35.697268513662,-15.1606704894662));
#4386=CARTESIAN_POINT('Ctrl Pts',(25.5939619187853,35.697268513662,-13.1606704894662));
#4387=CARTESIAN_POINT('Ctrl Pts',(25.5908525258689,35.4021610822122,-15.1606704894662));
#4388=CARTESIAN_POINT('Ctrl Pts',(25.5908525258689,35.4021610822122,-13.1606704894662));
#4389=CARTESIAN_POINT('Ctrl Pts',(25.581913018636,35.0569534954692,-15.1606704894662));
#4390=CARTESIAN_POINT('Ctrl Pts',(25.581913018636,35.0569534954692,-13.1606704894662));
#4391=CARTESIAN_POINT('Ctrl Pts',(25.5816895961505,35.0483258233779,-15.1606704894662));
#4392=CARTESIAN_POINT('Ctrl Pts',(25.5816895961505,35.0483258233779,-13.1606704894662));
#4393=CARTESIAN_POINT('Ctrl Pts',(25.5814661736649,35.039698151286,-15.1606704894662));
#4394=CARTESIAN_POINT('Ctrl Pts',(25.5814661736649,35.039698151286,-13.1606704894662));
#4395=CARTESIAN_POINT('Ctrl Pts',(25.5812427511793,35.0310704791946,-15.1606704894662));
#4396=CARTESIAN_POINT('Ctrl Pts',(25.5812427511793,35.0310704791946,-13.1606704894662));
#4397=CARTESIAN_POINT('',(25.5812427511793,35.0310704791927,-13.1606704894662));
#4398=CARTESIAN_POINT('',(25.5812427511793,35.0310704791927,-15.1606704894662));
#4399=CARTESIAN_POINT('Ctrl Pts',(23.8153562492911,43.9195389170953,-13.1606704894662));
#4400=CARTESIAN_POINT('Ctrl Pts',(23.8260101105493,43.9000381077545,-13.1606704894662));
#4401=CARTESIAN_POINT('Ctrl Pts',(23.8366639718071,43.8805372984145,-13.1606704894662));
#4402=CARTESIAN_POINT('Ctrl Pts',(23.8473178330652,43.8610364890738,-13.1606704894662));
#4403=CARTESIAN_POINT('Ctrl Pts',(23.8494486053166,43.8571363272061,-13.1606704894662));
#4404=CARTESIAN_POINT('Ctrl Pts',(23.851579377569,43.8532361653365,-13.1606704894662));
#4405=CARTESIAN_POINT('Ctrl Pts',(23.8537101498206,43.8493360034685,-13.1606704894662));
#4406=CARTESIAN_POINT('Ctrl Pts',(24.3692077064386,42.9057701615996,-13.1606704894662));
#4407=CARTESIAN_POINT('Ctrl Pts',(24.7851367201752,41.8855799553193,-13.1606704894662));
#4408=CARTESIAN_POINT('Ctrl Pts',(25.0730830464768,40.7613625965062,-13.1606704894662));
#4409=CARTESIAN_POINT('Ctrl Pts',(25.4229635521764,39.3953380909328,-13.1606704894662));
#4410=CARTESIAN_POINT('Ctrl Pts',(25.5864063335537,37.7999420566408,-13.1606704894662));
#4411=CARTESIAN_POINT('Ctrl Pts',(25.5928386132687,36.0098776257396,-13.1606704894662));
#4412=CARTESIAN_POINT('Ctrl Pts',(25.5939619187853,35.697268513662,-13.1606704894662));
#4413=CARTESIAN_POINT('Ctrl Pts',(25.5908525258689,35.4021610822122,-13.1606704894662));
#4414=CARTESIAN_POINT('Ctrl Pts',(25.581913018636,35.0569534954692,-13.1606704894662));
#4415=CARTESIAN_POINT('Ctrl Pts',(25.5816895961505,35.0483258233787,-13.1606704894662));
#4416=CARTESIAN_POINT('Ctrl Pts',(25.5814661736649,35.0396981512877,-13.1606704894662));
#4417=CARTESIAN_POINT('Ctrl Pts',(25.5812427511794,35.0310704791971,-13.1606704894662));
#4418=CARTESIAN_POINT('Origin',(25.5812427511793,35.0310704791927,-15.1606704894662));
#4419=CARTESIAN_POINT('',(25.5812427511792,-30.0310704791879,-13.1606704894662));
#4420=CARTESIAN_POINT('',(25.5812427511792,-30.0310704791879,-15.1606704894662));
#4421=CARTESIAN_POINT('',(25.5812427511792,-30.0310704791879,-13.1606704894662));
#4422=CARTESIAN_POINT('Ctrl Pts',(25.5812427511792,-30.0310704791879,-15.1606704894662));
#4423=CARTESIAN_POINT('Ctrl Pts',(25.5812427511792,-30.0310704791879,-13.1606704894662));
#4424=CARTESIAN_POINT('Ctrl Pts',(25.5814661736648,-30.0396981512819,-15.1606704894662));
#4425=CARTESIAN_POINT('Ctrl Pts',(25.5814661736648,-30.0396981512819,-13.1606704894662));
#4426=CARTESIAN_POINT('Ctrl Pts',(25.5816895961504,-30.0483258233761,-15.1606704894662));
#4427=CARTESIAN_POINT('Ctrl Pts',(25.5816895961504,-30.0483258233761,-13.1606704894662));
#4428=CARTESIAN_POINT('Ctrl Pts',(25.581913018636,-30.0569534954704,-15.1606704894662));
#4429=CARTESIAN_POINT('Ctrl Pts',(25.581913018636,-30.0569534954704,-13.1606704894662));
#4430=CARTESIAN_POINT('Ctrl Pts',(25.5839261634546,-30.1346930001757,-15.1606704894662));
#4431=CARTESIAN_POINT('Ctrl Pts',(25.5839261634546,-30.1346930001757,-13.1606704894662));
#4432=CARTESIAN_POINT('Ctrl Pts',(25.5854600585137,-30.2022099400485,-15.1606704894662));
#4433=CARTESIAN_POINT('Ctrl Pts',(25.5854600585137,-30.2022099400485,-13.1606704894662));
#4434=CARTESIAN_POINT('Ctrl Pts',(25.5868679708325,-30.2743132768168,-15.1606704894662));
#4435=CARTESIAN_POINT('Ctrl Pts',(25.5868679708325,-30.2743132768168,-13.1606704894662));
#4436=CARTESIAN_POINT('Ctrl Pts',(25.5960086613138,-30.7424349597339,-15.1606704894662));
#4437=CARTESIAN_POINT('Ctrl Pts',(25.5960086613138,-30.7424349597339,-13.1606704894662));
#4438=CARTESIAN_POINT('Ctrl Pts',(25.5950421963122,-31.2006366709588,-15.1606704894662));
#4439=CARTESIAN_POINT('Ctrl Pts',(25.5950421963122,-31.2006366709588,-13.1606704894662));
#4440=CARTESIAN_POINT('Ctrl Pts',(25.5837115873468,-31.6469334169424,-15.1606704894662));
#4441=CARTESIAN_POINT('Ctrl Pts',(25.5837115873468,-31.6469334169424,-13.1606704894662));
#4442=CARTESIAN_POINT('Ctrl Pts',(25.5526340530817,-32.8710337683115,-15.1606704894662));
#4443=CARTESIAN_POINT('Ctrl Pts',(25.5526340530817,-32.8710337683115,-13.1606704894662));
#4444=CARTESIAN_POINT('Ctrl Pts',(25.4430322818352,-33.9991148788384,-15.1606704894662));
#4445=CARTESIAN_POINT('Ctrl Pts',(25.4430322818352,-33.9991148788384,-13.1606704894662));
#4446=CARTESIAN_POINT('Ctrl Pts',(25.2439571105769,-35.0062923982356,-15.1606704894662));
#4447=CARTESIAN_POINT('Ctrl Pts',(25.2439571105769,-35.0062923982356,-13.1606704894662));
#4448=CARTESIAN_POINT('Ctrl Pts',(24.9589358930641,-36.4482952407575,-15.1606704894662));
#4449=CARTESIAN_POINT('Ctrl Pts',(24.9589358930641,-36.4482952407575,-13.1606704894662));
#4450=CARTESIAN_POINT('Ctrl Pts',(24.4817482788578,-37.6997760912189,-15.1606704894662));
#4451=CARTESIAN_POINT('Ctrl Pts',(24.4817482788578,-37.6997760912189,-13.1606704894662));
#4452=CARTESIAN_POINT('Ctrl Pts',(23.8537101498205,-38.8493360034686,-15.1606704894662));
#4453=CARTESIAN_POINT('Ctrl Pts',(23.8537101498205,-38.8493360034686,-13.1606704894662));
#4454=CARTESIAN_POINT('Ctrl Pts',(23.851579377569,-38.8532361653366,-15.1606704894662));
#4455=CARTESIAN_POINT('Ctrl Pts',(23.851579377569,-38.8532361653366,-13.1606704894662));
#4456=CARTESIAN_POINT('Ctrl Pts',(23.8494486053168,-38.8571363272057,-15.1606704894662));
#4457=CARTESIAN_POINT('Ctrl Pts',(23.8494486053168,-38.8571363272057,-13.1606704894662));
#4458=CARTESIAN_POINT('Ctrl Pts',(23.8473178330658,-38.8610364890727,-15.1606704894662));
#4459=CARTESIAN_POINT('Ctrl Pts',(23.8473178330658,-38.8610364890727,-13.1606704894662));
#4460=CARTESIAN_POINT('Ctrl Pts',(23.8366639718078,-38.8805372984132,-15.1606704894662));
#4461=CARTESIAN_POINT('Ctrl Pts',(23.8366639718078,-38.8805372984132,-13.1606704894662));
#4462=CARTESIAN_POINT('Ctrl Pts',(23.8260101105497,-38.9000381077536,-15.1606704894662));
#4463=CARTESIAN_POINT('Ctrl Pts',(23.8260101105497,-38.9000381077536,-13.1606704894662));
#4464=CARTESIAN_POINT('Ctrl Pts',(23.8153562492917,-38.9195389170941,-15.1606704894662));
#4465=CARTESIAN_POINT('Ctrl Pts',(23.8153562492917,-38.9195389170941,-13.1606704894662));
#4466=CARTESIAN_POINT('',(23.8153562492914,-38.9195389170946,-13.1606704894662));
#4467=CARTESIAN_POINT('',(23.8153562492914,-38.9195389170946,-15.1606704894662));
#4468=CARTESIAN_POINT('Ctrl Pts',(25.5812427511791,-30.0310704791872,-13.1606704894662));
#4469=CARTESIAN_POINT('Ctrl Pts',(25.5814661736648,-30.0396981512814,-13.1606704894662));
#4470=CARTESIAN_POINT('Ctrl Pts',(25.5816895961504,-30.0483258233759,-13.1606704894662));
#4471=CARTESIAN_POINT('Ctrl Pts',(25.581913018636,-30.0569534954704,-13.1606704894662));
#4472=CARTESIAN_POINT('Ctrl Pts',(25.5839261634546,-30.1346930001757,-13.1606704894662));
#4473=CARTESIAN_POINT('Ctrl Pts',(25.5854600585137,-30.2022099400485,-13.1606704894662));
#4474=CARTESIAN_POINT('Ctrl Pts',(25.5868679708325,-30.2743132768168,-13.1606704894662));
#4475=CARTESIAN_POINT('Ctrl Pts',(25.5960086613138,-30.7424349597339,-13.1606704894662));
#4476=CARTESIAN_POINT('Ctrl Pts',(25.5950421963122,-31.2006366709588,-13.1606704894662));
#4477=CARTESIAN_POINT('Ctrl Pts',(25.5837115873468,-31.6469334169424,-13.1606704894662));
#4478=CARTESIAN_POINT('Ctrl Pts',(25.5526340530817,-32.8710337683115,-13.1606704894662));
#4479=CARTESIAN_POINT('Ctrl Pts',(25.4430322818352,-33.9991148788384,-13.1606704894662));
#4480=CARTESIAN_POINT('Ctrl Pts',(25.2439571105769,-35.0062923982356,-13.1606704894662));
#4481=CARTESIAN_POINT('Ctrl Pts',(24.9589358930641,-36.4482952407575,-13.1606704894662));
#4482=CARTESIAN_POINT('Ctrl Pts',(24.4817482788578,-37.6997760912189,-13.1606704894662));
#4483=CARTESIAN_POINT('Ctrl Pts',(23.8537101498205,-38.8493360034686,-13.1606704894662));
#4484=CARTESIAN_POINT('Ctrl Pts',(23.851579377569,-38.8532361653366,-13.1606704894662));
#4485=CARTESIAN_POINT('Ctrl Pts',(23.8494486053168,-38.8571363272057,-13.1606704894662));
#4486=CARTESIAN_POINT('Ctrl Pts',(23.8473178330658,-38.8610364890727,-13.1606704894662));
#4487=CARTESIAN_POINT('Ctrl Pts',(23.8366639718079,-38.880537298413,-13.1606704894662));
#4488=CARTESIAN_POINT('Ctrl Pts',(23.8260101105499,-38.9000381077533,-13.1606704894662));
#4489=CARTESIAN_POINT('Ctrl Pts',(23.815356249292,-38.9195389170936,-13.1606704894662));
#4490=CARTESIAN_POINT('Origin',(23.8153562492911,-38.9195389170952,-15.1606704894662));
#4491=CARTESIAN_POINT('',(22.1181448166384,-42.5874411638392,-13.1606704894662));
#4492=CARTESIAN_POINT('',(22.1181448166384,-42.5874411638392,-15.1606704894662));
#4493=CARTESIAN_POINT('',(22.1181448166384,-42.5874411638392,-13.1606704894662));
#4494=CARTESIAN_POINT('Ctrl Pts',(-24.8223030456787,57.126586692965,-15.1606704894662));
#4495=CARTESIAN_POINT('Ctrl Pts',(-24.8223030456787,57.126586692965,-18.1606704894662));
#4496=CARTESIAN_POINT('Ctrl Pts',(-24.808945163668,57.1566871211385,-15.1606704894662));
#4497=CARTESIAN_POINT('Ctrl Pts',(-24.808945163668,57.1566871211385,-18.1606704894662));
#4498=CARTESIAN_POINT('Ctrl Pts',(-24.7955872816572,57.1867875493119,-15.1606704894662));
#4499=CARTESIAN_POINT('Ctrl Pts',(-24.7955872816572,57.1867875493119,-18.1606704894662));
#4500=CARTESIAN_POINT('Ctrl Pts',(-24.7822293996466,57.2168879774851,-15.1606704894662));
#4501=CARTESIAN_POINT('Ctrl Pts',(-24.7822293996466,57.2168879774851,-18.1606704894662));
#4502=CARTESIAN_POINT('Ctrl Pts',(-24.2506538384074,58.414731466967,-15.1606704894662));
#4503=CARTESIAN_POINT('Ctrl Pts',(-24.2506538384074,58.414731466967,-18.1606704894662));
#4504=CARTESIAN_POINT('Ctrl Pts',(-23.3238360503946,59.4666965130097,-15.1606704894662));
#4505=CARTESIAN_POINT('Ctrl Pts',(-23.3238360503946,59.4666965130097,-18.1606704894662));
#4506=CARTESIAN_POINT('Ctrl Pts',(-22.1750530564062,60.1966778302391,-15.1606704894662));
#4507=CARTESIAN_POINT('Ctrl Pts',(-22.1750530564062,60.1966778302391,-18.1606704894662));
#4508=CARTESIAN_POINT('Ctrl Pts',(-20.984844758271,60.9529823941095,-15.1606704894662));
#4509=CARTESIAN_POINT('Ctrl Pts',(-20.984844758271,60.9529823941095,-18.1606704894662));
#4510=CARTESIAN_POINT('Ctrl Pts',(-19.6650683906861,61.3641666073231,-15.1606704894662));
#4511=CARTESIAN_POINT('Ctrl Pts',(-19.6650683906861,61.3641666073231,-18.1606704894662));
#4512=CARTESIAN_POINT('Ctrl Pts',(-18.2778361140996,61.6592256196198,-15.1606704894662));
#4513=CARTESIAN_POINT('Ctrl Pts',(-18.2778361140996,61.6592256196198,-18.1606704894662));
#4514=CARTESIAN_POINT('Ctrl Pts',(-17.6855494549209,61.7852027321794,-15.1606704894662));
#4515=CARTESIAN_POINT('Ctrl Pts',(-17.6855494549209,61.7852027321794,-18.1606704894662));
#4516=CARTESIAN_POINT('Ctrl Pts',(-17.07467107185,61.8881500799596,-15.1606704894662));
#4517=CARTESIAN_POINT('Ctrl Pts',(-17.07467107185,61.8881500799596,-18.1606704894662));
#4518=CARTESIAN_POINT('Ctrl Pts',(-16.438713197299,61.9734029403812,-15.1606704894662));
#4519=CARTESIAN_POINT('Ctrl Pts',(-16.438713197299,61.9734029403812,-18.1606704894662));
#4520=CARTESIAN_POINT('Ctrl Pts',(-16.4274031976548,61.9749190939813,-15.1606704894662));
#4521=CARTESIAN_POINT('Ctrl Pts',(-16.4274031976548,61.9749190939813,-18.1606704894662));
#4522=CARTESIAN_POINT('Ctrl Pts',(-16.4160931980105,61.9764352475815,-15.1606704894662));
#4523=CARTESIAN_POINT('Ctrl Pts',(-16.4160931980105,61.9764352475815,-18.1606704894662));
#4524=CARTESIAN_POINT('Ctrl Pts',(-16.4047831983659,61.9779514011817,-15.1606704894662));
#4525=CARTESIAN_POINT('Ctrl Pts',(-16.4047831983659,61.9779514011817,-18.1606704894662));
#4526=CARTESIAN_POINT('',(-24.8223030456787,57.126586692965,-16.1606704894662));
#4527=CARTESIAN_POINT('',(-16.4047831983659,61.9779514011817,-16.1606704894662));
#4528=CARTESIAN_POINT('Ctrl Pts',(-24.8223030456799,57.1265866929624,-16.1606704894662));
#4529=CARTESIAN_POINT('Ctrl Pts',(-24.8089580787992,57.1566580183976,-16.1606704894662));
#4530=CARTESIAN_POINT('Ctrl Pts',(-24.7956010273988,57.1867565748876,-16.1606704894662));
#4531=CARTESIAN_POINT('Ctrl Pts',(-24.2139493128157,58.4974408317695,-16.1606704894662));
#4532=CARTESIAN_POINT('Ctrl Pts',(-23.2918232831188,59.48703866827,-16.1606704894662));
#4533=CARTESIAN_POINT('Ctrl Pts',(-21.5995588594138,60.5623691872463,-16.1606704894662));
#4534=CARTESIAN_POINT('Ctrl Pts',(-20.2725110497621,61.1874045671653,-16.1606704894662));
#4535=CARTESIAN_POINT('Ctrl Pts',(-18.9648831975434,61.5130933263739,-16.1606704894662));
#4536=CARTESIAN_POINT('Ctrl Pts',(-17.6584853543765,61.7909591631032,-16.1606704894662));
#4537=CARTESIAN_POINT('Ctrl Pts',(-17.0456935743131,61.8920346368638,-16.1606704894662));
#4538=CARTESIAN_POINT('Ctrl Pts',(-16.4274030103051,61.9749191190964,-16.1606704894662));
#4539=CARTESIAN_POINT('Ctrl Pts',(-16.4160930110448,61.9764352726451,-16.1606704894662));
#4540=CARTESIAN_POINT('Ctrl Pts',(-16.4047831983666,61.9779514011816,-16.1606704894662));
#4541=CARTESIAN_POINT('',(-24.8223030456787,57.126586692965,-15.1606704894662));
#4542=CARTESIAN_POINT('',(-24.8223030456787,57.126586692965,-15.1606704894662));
#4543=CARTESIAN_POINT('',(-16.4047831983659,61.9779514011817,-15.1606704894662));
#4544=CARTESIAN_POINT('Ctrl Pts',(-24.8223030456787,57.126586692965,-15.1606704894662));
#4545=CARTESIAN_POINT('Ctrl Pts',(-24.808945163668,57.1566871211385,-15.1606704894662));
#4546=CARTESIAN_POINT('Ctrl Pts',(-24.7955872816572,57.1867875493119,-15.1606704894662));
#4547=CARTESIAN_POINT('Ctrl Pts',(-24.7822293996466,57.2168879774851,-15.1606704894662));
#4548=CARTESIAN_POINT('Ctrl Pts',(-24.2506538384074,58.414731466967,-15.1606704894662));
#4549=CARTESIAN_POINT('Ctrl Pts',(-23.3238360503946,59.4666965130097,-15.1606704894662));
#4550=CARTESIAN_POINT('Ctrl Pts',(-22.1750530564062,60.1966778302391,-15.1606704894662));
#4551=CARTESIAN_POINT('Ctrl Pts',(-20.984844758271,60.9529823941095,-15.1606704894662));
#4552=CARTESIAN_POINT('Ctrl Pts',(-19.6650683906861,61.3641666073231,-15.1606704894662));
#4553=CARTESIAN_POINT('Ctrl Pts',(-18.2778361140996,61.6592256196198,-15.1606704894662));
#4554=CARTESIAN_POINT('Ctrl Pts',(-17.6855494549209,61.7852027321794,-15.1606704894662));
#4555=CARTESIAN_POINT('Ctrl Pts',(-17.07467107185,61.8881500799596,-15.1606704894662));
#4556=CARTESIAN_POINT('Ctrl Pts',(-16.438713197299,61.9734029403812,-15.1606704894662));
#4557=CARTESIAN_POINT('Ctrl Pts',(-16.4274031976548,61.9749190939813,-15.1606704894662));
#4558=CARTESIAN_POINT('Ctrl Pts',(-16.4160931980105,61.9764352475815,-15.1606704894662));
#4559=CARTESIAN_POINT('Ctrl Pts',(-16.4047831983659,61.9779514011817,-15.1606704894662));
#4560=CARTESIAN_POINT('',(-16.4047831983659,61.9779514011817,-15.1606704894662));
#4561=CARTESIAN_POINT('Origin',(-16.4047831983659,61.9779514011817,-15.1606704894662));
#4562=CARTESIAN_POINT('',(11.0554905067921,65.0230112743048,-16.1606704894662));
#4563=CARTESIAN_POINT('',(-11.8079463894986,62.4876929813375,-16.1606704894662));
#4564=CARTESIAN_POINT('',(11.0554905067921,65.0230112743048,-15.1606704894662));
#4565=CARTESIAN_POINT('',(-16.4047831983659,61.9779514011817,-15.1606704894662));
#4566=CARTESIAN_POINT('',(11.0554905067921,65.0230112743048,-15.1606704894662));
#4567=CARTESIAN_POINT('Ctrl Pts',(11.0554905067921,65.0230112743048,-15.1606704894662));
#4568=CARTESIAN_POINT('Ctrl Pts',(11.0554905067921,65.0230112743048,-18.1606704894662));
#4569=CARTESIAN_POINT('Ctrl Pts',(11.0564227423233,65.0231128800152,-15.1606704894662));
#4570=CARTESIAN_POINT('Ctrl Pts',(11.0564227423233,65.0231128800152,-18.1606704894662));
#4571=CARTESIAN_POINT('Ctrl Pts',(11.0573549778455,65.0232144857246,-15.1606704894662));
#4572=CARTESIAN_POINT('Ctrl Pts',(11.0573549778455,65.0232144857246,-18.1606704894662));
#4573=CARTESIAN_POINT('Ctrl Pts',(11.0582872133677,65.023316091434,-15.1606704894662));
#4574=CARTESIAN_POINT('Ctrl Pts',(11.0582872133677,65.023316091434,-18.1606704894662));
#4575=CARTESIAN_POINT('Ctrl Pts',(12.8816707364169,65.2220493213902,-15.1606704894662));
#4576=CARTESIAN_POINT('Ctrl Pts',(12.8816707364169,65.2220493213902,-18.1606704894662));
#4577=CARTESIAN_POINT('Ctrl Pts',(14.6933188760678,65.1605456965048,-15.1606704894662));
#4578=CARTESIAN_POINT('Ctrl Pts',(14.6933188760678,65.1605456965048,-18.1606704894662));
#4579=CARTESIAN_POINT('Ctrl Pts',(16.4989502981137,64.6264161375898,-15.1606704894662));
#4580=CARTESIAN_POINT('Ctrl Pts',(16.4989502981137,64.6264161375898,-18.1606704894662));
#4581=CARTESIAN_POINT('Ctrl Pts',(17.8690189897623,64.2211317716785,-15.1606704894662));
#4582=CARTESIAN_POINT('Ctrl Pts',(17.8690189897623,64.2211317716785,-18.1606704894662));
#4583=CARTESIAN_POINT('Ctrl Pts',(19.2338395717835,63.4979591290076,-15.1606704894662));
#4584=CARTESIAN_POINT('Ctrl Pts',(19.2338395717835,63.4979591290076,-18.1606704894662));
#4585=CARTESIAN_POINT('Ctrl Pts',(20.3501985660884,62.4568855246359,-15.1606704894662));
#4586=CARTESIAN_POINT('Ctrl Pts',(20.3501985660884,62.4568855246359,-18.1606704894662));
#4587=CARTESIAN_POINT('Ctrl Pts',(21.459616899297,61.4222845147441,-15.1606704894662));
#4588=CARTESIAN_POINT('Ctrl Pts',(21.459616899297,61.4222845147441,-18.1606704894662));
#4589=CARTESIAN_POINT('Ctrl Pts',(22.2914322343098,60.1433867372398,-15.1606704894662));
#4590=CARTESIAN_POINT('Ctrl Pts',(22.2914322343098,60.1433867372398,-18.1606704894662));
#4591=CARTESIAN_POINT('Ctrl Pts',(22.9089161593669,58.7373990374469,-15.1606704894662));
#4592=CARTESIAN_POINT('Ctrl Pts',(22.9089161593669,58.7373990374469,-18.1606704894662));
#4593=CARTESIAN_POINT('',(22.9089161593669,58.7373990374469,-16.1606704894662));
#4594=CARTESIAN_POINT('Ctrl Pts',(11.0554905067921,65.0230112743048,-16.1606704894662));
#4595=CARTESIAN_POINT('Ctrl Pts',(11.0564232823739,65.0231129388761,-16.1606704894662));
#4596=CARTESIAN_POINT('Ctrl Pts',(11.0573630395605,65.0232153643827,-16.1606704894662));
#4597=CARTESIAN_POINT('Ctrl Pts',(12.0460147574935,65.130969957272,-16.1606704894662));
#4598=CARTESIAN_POINT('Ctrl Pts',(13.2460312991497,65.1729028776015,-16.1606704894662));
#4599=CARTESIAN_POINT('Ctrl Pts',(14.5619721536915,65.0295945912478,-16.1606704894662));
#4600=CARTESIAN_POINT('Ctrl Pts',(15.3539921072688,64.9176308288323,-16.1606704894662));
#4601=CARTESIAN_POINT('Ctrl Pts',(15.9797371056508,64.7800062391393,-16.1606704894662));
#4602=CARTESIAN_POINT('Ctrl Pts',(17.305746594595,64.3877551657479,-16.1606704894662));
#4603=CARTESIAN_POINT('Ctrl Pts',(18.2072756370735,63.9966076748357,-16.1606704894662));
#4604=CARTESIAN_POINT('Ctrl Pts',(19.4700024025581,63.1991639732597,-16.1606704894662));
#4605=CARTESIAN_POINT('Ctrl Pts',(19.9843467879069,62.7980648686643,-16.1606704894662));
#4606=CARTESIAN_POINT('Ctrl Pts',(21.0124855697101,61.8392620527004,-16.1606704894662));
#4607=CARTESIAN_POINT('Ctrl Pts',(21.9792471561396,60.6223425469319,-16.1606704894662));
#4608=CARTESIAN_POINT('Ctrl Pts',(22.6606587632852,59.3026718018209,-16.1606704894662));
#4609=CARTESIAN_POINT('Ctrl Pts',(22.9086362951083,58.7380362778498,-16.1606704894662));
#4610=CARTESIAN_POINT('Ctrl Pts',(22.9087766599511,58.737716672376,-16.1606704894662));
#4611=CARTESIAN_POINT('Ctrl Pts',(22.908916159263,58.7373990376835,-16.1606704894662));
#4612=CARTESIAN_POINT('',(22.9089161593669,58.7373990374469,-15.1606704894662));
#4613=CARTESIAN_POINT('Ctrl Pts',(11.0554905067921,65.0230112743048,-15.1606704894662));
#4614=CARTESIAN_POINT('Ctrl Pts',(11.0564227423233,65.0231128800152,-15.1606704894662));
#4615=CARTESIAN_POINT('Ctrl Pts',(11.0573549778455,65.0232144857246,-15.1606704894662));
#4616=CARTESIAN_POINT('Ctrl Pts',(11.0582872133677,65.023316091434,-15.1606704894662));
#4617=CARTESIAN_POINT('Ctrl Pts',(12.8816707364169,65.2220493213902,-15.1606704894662));
#4618=CARTESIAN_POINT('Ctrl Pts',(14.6933188760678,65.1605456965048,-15.1606704894662));
#4619=CARTESIAN_POINT('Ctrl Pts',(16.4989502981137,64.6264161375898,-15.1606704894662));
#4620=CARTESIAN_POINT('Ctrl Pts',(17.8690189897623,64.2211317716785,-15.1606704894662));
#4621=CARTESIAN_POINT('Ctrl Pts',(19.2338395717835,63.4979591290076,-15.1606704894662));
#4622=CARTESIAN_POINT('Ctrl Pts',(20.3501985660884,62.4568855246359,-15.1606704894662));
#4623=CARTESIAN_POINT('Ctrl Pts',(21.459616899297,61.4222845147441,-15.1606704894662));
#4624=CARTESIAN_POINT('Ctrl Pts',(22.2914322343098,60.1433867372398,-15.1606704894662));
#4625=CARTESIAN_POINT('Ctrl Pts',(22.9089161593669,58.7373990374469,-15.1606704894662));
#4626=CARTESIAN_POINT('',(22.9089161593669,58.7373990374469,-15.1606704894662));
#4627=CARTESIAN_POINT('Origin',(22.9089161593669,58.7373990374469,-15.1606704894662));
#4628=CARTESIAN_POINT('',(28.6423707857189,46.346632217822,-16.1606704894662));
#4629=CARTESIAN_POINT('',(31.5611562861096,40.0387440615927,-16.1606704894662));
#4630=CARTESIAN_POINT('',(28.6423707857189,46.346632217822,-15.1606704894662));
#4631=CARTESIAN_POINT('',(22.9089161593669,58.7373990374469,-15.1606704894662));
#4632=CARTESIAN_POINT('',(28.6423707857189,46.346632217822,-15.1606704894662));
#4633=CARTESIAN_POINT('Ctrl Pts',(28.6423707857189,46.346632217822,-15.1606704894662));
#4634=CARTESIAN_POINT('Ctrl Pts',(28.6423707857189,46.346632217822,-18.1606704894662));
#4635=CARTESIAN_POINT('Ctrl Pts',(29.4809462299527,44.7912603394264,-15.1606704894662));
#4636=CARTESIAN_POINT('Ctrl Pts',(29.4809462299527,44.7912603394264,-18.1606704894662));
#4637=CARTESIAN_POINT('Ctrl Pts',(30.1300725324694,43.069000841002,-15.1606704894662));
#4638=CARTESIAN_POINT('Ctrl Pts',(30.1300725324694,43.069000841002,-18.1606704894662));
#4639=CARTESIAN_POINT('Ctrl Pts',(30.5163856363239,41.1781765940058,-15.1606704894662));
#4640=CARTESIAN_POINT('Ctrl Pts',(30.5163856363239,41.1781765940058,-18.1606704894662));
#4641=CARTESIAN_POINT('Ctrl Pts',(30.9213730275418,39.1959503340062,-15.1606704894662));
#4642=CARTESIAN_POINT('Ctrl Pts',(30.9213730275418,39.1959503340062,-18.1606704894662));
#4643=CARTESIAN_POINT('Ctrl Pts',(31.0349745280113,37.1216419501351,-15.1606704894662));
#4644=CARTESIAN_POINT('Ctrl Pts',(31.0349745280113,37.1216419501351,-18.1606704894662));
#4645=CARTESIAN_POINT('Ctrl Pts',(30.9812427511792,34.961940067619,-15.1606704894662));
#4646=CARTESIAN_POINT('Ctrl Pts',(30.9812427511792,34.961940067619,-18.1606704894662));
#4647=CARTESIAN_POINT('',(30.9812427511791,34.961940067619,-16.1606704894662));
#4648=CARTESIAN_POINT('Ctrl Pts',(28.6423707857687,46.3466322177295,-16.1606704894662));
#4649=CARTESIAN_POINT('Ctrl Pts',(28.642742977772,46.3459418839269,-16.1606704894662));
#4650=CARTESIAN_POINT('Ctrl Pts',(28.6431164757421,46.3452491278447,-16.1606704894662));
#4651=CARTESIAN_POINT('Ctrl Pts',(29.5106887929619,44.7360944668576,-16.1606704894662));
#4652=CARTESIAN_POINT('Ctrl Pts',(30.15023964939,42.9702921166924,-16.1606704894662));
#4653=CARTESIAN_POINT('Ctrl Pts',(30.9448696872275,39.0809450354181,-16.1606704894662));
#4654=CARTESIAN_POINT('Ctrl Pts',(31.0315587948819,36.9843495376249,-16.1606704894662));
#4655=CARTESIAN_POINT('Ctrl Pts',(30.9812495277288,34.9622124451203,-16.1606704894662));
#4656=CARTESIAN_POINT('Ctrl Pts',(30.9812461382244,34.9620762069462,-16.1606704894662));
#4657=CARTESIAN_POINT('Ctrl Pts',(30.9812427511792,34.9619400676192,-16.1606704894662));
#4658=CARTESIAN_POINT('',(30.9812427511791,34.961940067619,-15.1606704894662));
#4659=CARTESIAN_POINT('Ctrl Pts',(28.6423707857189,46.346632217822,-15.1606704894662));
#4660=CARTESIAN_POINT('Ctrl Pts',(29.4809462299527,44.7912603394264,-15.1606704894662));
#4661=CARTESIAN_POINT('Ctrl Pts',(30.1300725324694,43.069000841002,-15.1606704894662));
#4662=CARTESIAN_POINT('Ctrl Pts',(30.5163856363239,41.1781765940058,-15.1606704894662));
#4663=CARTESIAN_POINT('Ctrl Pts',(30.9213730275418,39.1959503340062,-15.1606704894662));
#4664=CARTESIAN_POINT('Ctrl Pts',(31.0349745280113,37.1216419501351,-15.1606704894662));
#4665=CARTESIAN_POINT('Ctrl Pts',(30.9812427511792,34.961940067619,-15.1606704894662));
#4666=CARTESIAN_POINT('',(30.9812427511791,34.961940067619,-15.1606704894662));
#4667=CARTESIAN_POINT('Origin',(30.9812427511791,34.961940067619,-15.1606704894662));
#4668=CARTESIAN_POINT('',(30.9812427511792,-29.961940067619,-16.1606704894662));
#4669=CARTESIAN_POINT('',(30.9812427511791,18.7309700338099,-16.1606704894662));
#4670=CARTESIAN_POINT('',(30.9812427511792,-29.961940067619,-15.1606704894662));
#4671=CARTESIAN_POINT('',(30.9812427511791,34.961940067619,-15.1606704894662));
#4672=CARTESIAN_POINT('',(30.9812427511792,-29.961940067619,-15.1606704894662));
#4673=CARTESIAN_POINT('Ctrl Pts',(30.9812427511792,-29.961940067619,-15.1606704894662));
#4674=CARTESIAN_POINT('Ctrl Pts',(30.9812427511792,-29.961940067619,-18.1606704894662));
#4675=CARTESIAN_POINT('Ctrl Pts',(31.0349745280107,-32.1216419501095,-15.1606704894662));
#4676=CARTESIAN_POINT('Ctrl Pts',(31.0349745280107,-32.1216419501095,-18.1606704894662));
#4677=CARTESIAN_POINT('Ctrl Pts',(30.9213730275444,-34.1959503339573,-15.1606704894662));
#4678=CARTESIAN_POINT('Ctrl Pts',(30.9213730275444,-34.1959503339573,-18.1606704894662));
#4679=CARTESIAN_POINT('Ctrl Pts',(30.5163856363383,-36.1781765939356,-15.1606704894662));
#4680=CARTESIAN_POINT('Ctrl Pts',(30.5163856363383,-36.1781765939356,-18.1606704894662));
#4681=CARTESIAN_POINT('Ctrl Pts',(30.1300725324856,-38.069000840957,-15.1606704894662));
#4682=CARTESIAN_POINT('Ctrl Pts',(30.1300725324856,-38.069000840957,-18.1606704894662));
#4683=CARTESIAN_POINT('Ctrl Pts',(29.4809462299633,-39.7912603394063,-15.1606704894662));
#4684=CARTESIAN_POINT('Ctrl Pts',(29.4809462299633,-39.7912603394063,-18.1606704894662));
#4685=CARTESIAN_POINT('Ctrl Pts',(28.6423707857193,-41.3466322178213,-15.1606704894662));
#4686=CARTESIAN_POINT('Ctrl Pts',(28.6423707857193,-41.3466322178213,-18.1606704894662));
#4687=CARTESIAN_POINT('',(28.6423707857193,-41.3466322178213,-16.1606704894662));
#4688=CARTESIAN_POINT('Ctrl Pts',(30.9812427511792,-29.9619400676192,-16.1606704894662));
#4689=CARTESIAN_POINT('Ctrl Pts',(30.981246138746,-29.9620762279099,-16.1606704894662));
#4690=CARTESIAN_POINT('Ctrl Pts',(30.9812495287724,-29.9622124870628,-16.1606704894662));
#4691=CARTESIAN_POINT('Ctrl Pts',(31.0315587948814,-31.9843495376024,-16.1606704894662));
#4692=CARTESIAN_POINT('Ctrl Pts',(30.9448696872292,-34.0809450353717,-16.1606704894662));
#4693=CARTESIAN_POINT('Ctrl Pts',(30.1502396494062,-37.970292116646,-16.1606704894662));
#4694=CARTESIAN_POINT('Ctrl Pts',(29.5106887929737,-39.7360944668354,-16.1606704894662));
#4695=CARTESIAN_POINT('Ctrl Pts',(28.6431164757425,-41.345249127844,-16.1606704894662));
#4696=CARTESIAN_POINT('Ctrl Pts',(28.6427429777724,-41.3459418839262,-16.1606704894662));
#4697=CARTESIAN_POINT('Ctrl Pts',(28.6423707857691,-41.3466322177288,-16.1606704894662));
#4698=CARTESIAN_POINT('',(28.6423707857193,-41.3466322178213,-15.1606704894662));
#4699=CARTESIAN_POINT('Ctrl Pts',(30.9812427511792,-29.961940067619,-15.1606704894662));
#4700=CARTESIAN_POINT('Ctrl Pts',(31.0349745280107,-32.1216419501095,-15.1606704894662));
#4701=CARTESIAN_POINT('Ctrl Pts',(30.9213730275444,-34.1959503339573,-15.1606704894662));
#4702=CARTESIAN_POINT('Ctrl Pts',(30.5163856363383,-36.1781765939356,-15.1606704894662));
#4703=CARTESIAN_POINT('Ctrl Pts',(30.1300725324856,-38.069000840957,-15.1606704894662));
#4704=CARTESIAN_POINT('Ctrl Pts',(29.4809462299633,-39.7912603394063,-15.1606704894662));
#4705=CARTESIAN_POINT('Ctrl Pts',(28.6423707857193,-41.3466322178213,-15.1606704894662));
#4706=CARTESIAN_POINT('',(28.6423707857193,-41.3466322178213,-15.1606704894662));
#4707=CARTESIAN_POINT('Origin',(28.6423707857193,-41.3466322178213,-15.1606704894662));
#4708=CARTESIAN_POINT('',(22.9089161593692,-53.7373990374417,-16.1606704894662));
#4709=CARTESIAN_POINT('',(34.4278835992861,-28.8433606517795,-16.1606704894662));
#4710=CARTESIAN_POINT('',(22.9089161593692,-53.7373990374417,-15.1606704894662));
#4711=CARTESIAN_POINT('',(28.6423707857193,-41.3466322178213,-15.1606704894662));
#4712=CARTESIAN_POINT('',(22.9089161593692,-53.7373990374417,-15.1606704894662));
#4713=CARTESIAN_POINT('Ctrl Pts',(22.9089161593692,-53.7373990374417,-15.1606704894662));
#4714=CARTESIAN_POINT('Ctrl Pts',(22.9089161593692,-53.7373990374417,-18.1606704894662));
#4715=CARTESIAN_POINT('Ctrl Pts',(22.2914322342802,-55.1433867373088,-15.1606704894662));
#4716=CARTESIAN_POINT('Ctrl Pts',(22.2914322342802,-55.1433867373088,-18.1606704894662));
#4717=CARTESIAN_POINT('Ctrl Pts',(21.4596168992113,-56.4222845148758,-15.1606704894662));
#4718=CARTESIAN_POINT('Ctrl Pts',(21.4596168992113,-56.4222845148758,-18.1606704894662));
#4719=CARTESIAN_POINT('Ctrl Pts',(20.3501985659175,-57.4568855247953,-15.1606704894662));
#4720=CARTESIAN_POINT('Ctrl Pts',(20.3501985659175,-57.4568855247953,-18.1606704894662));
#4721=CARTESIAN_POINT('Ctrl Pts',(19.2338395716309,-58.4979591290979,-15.1606704894662));
#4722=CARTESIAN_POINT('Ctrl Pts',(19.2338395716309,-58.4979591290979,-18.1606704894662));
#4723=CARTESIAN_POINT('Ctrl Pts',(17.869018989665,-59.2211317717133,-15.1606704894662));
#4724=CARTESIAN_POINT('Ctrl Pts',(17.869018989665,-59.2211317717133,-18.1606704894662));
#4725=CARTESIAN_POINT('Ctrl Pts',(16.4989502980708,-59.6264161376025,-15.1606704894662));
#4726=CARTESIAN_POINT('Ctrl Pts',(16.4989502980708,-59.6264161376025,-18.1606704894662));
#4727=CARTESIAN_POINT('Ctrl Pts',(14.6933188760377,-60.1605456965056,-15.1606704894662));
#4728=CARTESIAN_POINT('Ctrl Pts',(14.6933188760377,-60.1605456965056,-18.1606704894662));
#4729=CARTESIAN_POINT('Ctrl Pts',(12.8816707364024,-60.2220493213887,-15.1606704894662));
#4730=CARTESIAN_POINT('Ctrl Pts',(12.8816707364024,-60.2220493213887,-18.1606704894662));
#4731=CARTESIAN_POINT('Ctrl Pts',(11.0582872133677,-60.023316091434,-15.1606704894662));
#4732=CARTESIAN_POINT('Ctrl Pts',(11.0582872133677,-60.023316091434,-18.1606704894662));
#4733=CARTESIAN_POINT('Ctrl Pts',(11.0573549779132,-60.023214485732,-15.1606704894662));
#4734=CARTESIAN_POINT('Ctrl Pts',(11.0573549779132,-60.023214485732,-18.1606704894662));
#4735=CARTESIAN_POINT('Ctrl Pts',(11.0564227424587,-60.02311288003,-15.1606704894662));
#4736=CARTESIAN_POINT('Ctrl Pts',(11.0564227424587,-60.02311288003,-18.1606704894662));
#4737=CARTESIAN_POINT('Ctrl Pts',(11.0554905069901,-60.0230112743264,-15.1606704894662));
#4738=CARTESIAN_POINT('Ctrl Pts',(11.0554905069901,-60.0230112743264,-18.1606704894662));
#4739=CARTESIAN_POINT('',(11.0554905069901,-60.0230112743264,-16.1606704894662));
#4740=CARTESIAN_POINT('Ctrl Pts',(22.9089161592633,-53.7373990376828,-16.1606704894662));
#4741=CARTESIAN_POINT('Ctrl Pts',(22.9087762270047,-53.7377176581787,-16.1606704894662));
#4742=CARTESIAN_POINT('Ctrl Pts',(22.9086354220014,-53.7380382658816,-16.1606704894662));
#4743=CARTESIAN_POINT('Ctrl Pts',(22.5779062979103,-54.4910960566456,-16.1606704894662));
#4744=CARTESIAN_POINT('Ctrl Pts',(21.8618796795005,-55.8111532817341,-16.1606704894662));
#4745=CARTESIAN_POINT('Ctrl Pts',(20.8469138186736,-56.9936679208296,-16.1606704894662));
#4746=CARTESIAN_POINT('Ctrl Pts',(19.9089967743948,-57.868333402831,-16.1606704894662));
#4747=CARTESIAN_POINT('Ctrl Pts',(19.3882371819736,-58.2606719983345,-16.1606704894662));
#4748=CARTESIAN_POINT('Ctrl Pts',(18.6613563178665,-58.7035842275865,-16.1606704894662));
#4749=CARTESIAN_POINT('Ctrl Pts',(17.8777244173006,-59.1378709310989,-16.1606704894662));
#4750=CARTESIAN_POINT('Ctrl Pts',(17.1040475204032,-59.4474204087323,-16.1606704894662));
#4751=CARTESIAN_POINT('Ctrl Pts',(15.4605239131502,-59.9335963406952,-16.1606704894662));
#4752=CARTESIAN_POINT('Ctrl Pts',(13.9436845049328,-60.1503641284881,-16.1606704894662));
#4753=CARTESIAN_POINT('Ctrl Pts',(12.1422556214665,-60.1229115142821,-16.1606704894662));
#4754=CARTESIAN_POINT('Ctrl Pts',(11.3909565231499,-60.059574204774,-16.1606704894662));
#4755=CARTESIAN_POINT('Ctrl Pts',(11.0573549706015,-60.0232144849351,-16.1606704894662));
#4756=CARTESIAN_POINT('Ctrl Pts',(11.0564227351622,-60.0231128792347,-16.1606704894662));
#4757=CARTESIAN_POINT('Ctrl Pts',(11.0554905069901,-60.0230112743264,-16.1606704894662));
#4758=CARTESIAN_POINT('',(11.0554905069901,-60.0230112743264,-15.1606704894662));
#4759=CARTESIAN_POINT('Ctrl Pts',(22.9089161593692,-53.7373990374417,-15.1606704894662));
#4760=CARTESIAN_POINT('Ctrl Pts',(22.2914322342802,-55.1433867373088,-15.1606704894662));
#4761=CARTESIAN_POINT('Ctrl Pts',(21.4596168992113,-56.4222845148758,-15.1606704894662));
#4762=CARTESIAN_POINT('Ctrl Pts',(20.3501985659175,-57.4568855247953,-15.1606704894662));
#4763=CARTESIAN_POINT('Ctrl Pts',(19.2338395716309,-58.4979591290979,-15.1606704894662));
#4764=CARTESIAN_POINT('Ctrl Pts',(17.869018989665,-59.2211317717133,-15.1606704894662));
#4765=CARTESIAN_POINT('Ctrl Pts',(16.4989502980708,-59.6264161376025,-15.1606704894662));
#4766=CARTESIAN_POINT('Ctrl Pts',(14.6933188760377,-60.1605456965056,-15.1606704894662));
#4767=CARTESIAN_POINT('Ctrl Pts',(12.8816707364024,-60.2220493213887,-15.1606704894662));
#4768=CARTESIAN_POINT('Ctrl Pts',(11.0582872133677,-60.023316091434,-15.1606704894662));
#4769=CARTESIAN_POINT('Ctrl Pts',(11.0573549779132,-60.023214485732,-15.1606704894662));
#4770=CARTESIAN_POINT('Ctrl Pts',(11.0564227424587,-60.02311288003,-15.1606704894662));
#4771=CARTESIAN_POINT('Ctrl Pts',(11.0554905069901,-60.0230112743264,-15.1606704894662));
#4772=CARTESIAN_POINT('',(11.0554905069901,-60.0230112743264,-15.1606704894662));
#4773=CARTESIAN_POINT('Origin',(11.0554905069901,-60.0230112743264,-15.1606704894662));
#4774=CARTESIAN_POINT('',(-16.4047831983643,-56.9779514011819,-16.1606704894662));
#4775=CARTESIAN_POINT('',(1.9221904631797,-59.0102229179098,-16.1606704894662));
#4776=CARTESIAN_POINT('',(-16.4047831983643,-56.9779514011819,-15.1606704894662));
#4777=CARTESIAN_POINT('',(11.0554905069901,-60.0230112743264,-15.1606704894662));
#4778=CARTESIAN_POINT('',(-16.4047831983643,-56.9779514011819,-15.1606704894662));
#4779=CARTESIAN_POINT('Ctrl Pts',(-16.4047831983643,-56.9779514011819,-15.1606704894662));
#4780=CARTESIAN_POINT('Ctrl Pts',(-16.4047831983643,-56.9779514011819,-18.1606704894662));
#4781=CARTESIAN_POINT('Ctrl Pts',(-16.4160931980103,-56.9764352475815,-15.1606704894662));
#4782=CARTESIAN_POINT('Ctrl Pts',(-16.4160931980103,-56.9764352475815,-18.1606704894662));
#4783=CARTESIAN_POINT('Ctrl Pts',(-16.4274031976547,-56.9749190939814,-15.1606704894662));
#4784=CARTESIAN_POINT('Ctrl Pts',(-16.4274031976547,-56.9749190939814,-18.1606704894662));
#4785=CARTESIAN_POINT('Ctrl Pts',(-16.438713197299,-56.9734029403812,-15.1606704894662));
#4786=CARTESIAN_POINT('Ctrl Pts',(-16.438713197299,-56.9734029403812,-18.1606704894662));
#4787=CARTESIAN_POINT('Ctrl Pts',(-17.074671071939,-56.8881500799477,-15.1606704894662));
#4788=CARTESIAN_POINT('Ctrl Pts',(-17.074671071939,-56.8881500799477,-18.1606704894662));
#4789=CARTESIAN_POINT('Ctrl Pts',(-17.6855494550909,-56.785202732151,-15.1606704894662));
#4790=CARTESIAN_POINT('Ctrl Pts',(-17.6855494550909,-56.785202732151,-18.1606704894662));
#4791=CARTESIAN_POINT('Ctrl Pts',(-18.2778361143484,-56.6592256195669,-15.1606704894662));
#4792=CARTESIAN_POINT('Ctrl Pts',(-18.2778361143484,-56.6592256195669,-18.1606704894662));
#4793=CARTESIAN_POINT('Ctrl Pts',(-19.6650683908508,-56.3641666072699,-15.1606704894662));
#4794=CARTESIAN_POINT('Ctrl Pts',(-19.6650683908508,-56.3641666072699,-18.1606704894662));
#4795=CARTESIAN_POINT('Ctrl Pts',(-20.9848447583573,-55.9529823940601,-15.1606704894662));
#4796=CARTESIAN_POINT('Ctrl Pts',(-20.9848447583573,-55.9529823940601,-18.1606704894662));
#4797=CARTESIAN_POINT('Ctrl Pts',(-22.1750530564276,-55.1966778302255,-15.1606704894662));
#4798=CARTESIAN_POINT('Ctrl Pts',(-22.1750530564276,-55.1966778302255,-18.1606704894662));
#4799=CARTESIAN_POINT('Ctrl Pts',(-23.323836050408,-54.4666965129959,-15.1606704894662));
#4800=CARTESIAN_POINT('Ctrl Pts',(-23.323836050408,-54.4666965129959,-18.1606704894662));
#4801=CARTESIAN_POINT('Ctrl Pts',(-24.2506538384106,-53.4147314669597,-15.1606704894662));
#4802=CARTESIAN_POINT('Ctrl Pts',(-24.2506538384106,-53.4147314669597,-18.1606704894662));
#4803=CARTESIAN_POINT('Ctrl Pts',(-24.7822293996465,-52.2168879774853,-15.1606704894662));
#4804=CARTESIAN_POINT('Ctrl Pts',(-24.7822293996465,-52.2168879774853,-18.1606704894662));
#4805=CARTESIAN_POINT('Ctrl Pts',(-24.7955872816583,-52.1867875493094,-15.1606704894662));
#4806=CARTESIAN_POINT('Ctrl Pts',(-24.7955872816583,-52.1867875493094,-18.1606704894662));
#4807=CARTESIAN_POINT('Ctrl Pts',(-24.8089451636701,-52.1566871211338,-15.1606704894662));
#4808=CARTESIAN_POINT('Ctrl Pts',(-24.8089451636701,-52.1566871211338,-18.1606704894662));
#4809=CARTESIAN_POINT('Ctrl Pts',(-24.8223030456817,-52.1265866929583,-15.1606704894662));
#4810=CARTESIAN_POINT('Ctrl Pts',(-24.8223030456817,-52.1265866929583,-18.1606704894662));
#4811=CARTESIAN_POINT('',(-24.8223030456817,-52.1265866929583,-16.1606704894662));
#4812=CARTESIAN_POINT('Ctrl Pts',(-16.4047831983642,-56.9779514011819,-16.1606704894662));
#4813=CARTESIAN_POINT('Ctrl Pts',(-16.4160930110318,-56.9764352726468,-16.1606704894662));
#4814=CARTESIAN_POINT('Ctrl Pts',(-16.4274030102818,-56.9749191190995,-16.1606704894662));
#4815=CARTESIAN_POINT('Ctrl Pts',(-17.0456935743672,-56.8920346368574,-16.1606704894662));
#4816=CARTESIAN_POINT('Ctrl Pts',(-17.6584853545265,-56.7909591630794,-16.1606704894662));
#4817=CARTESIAN_POINT('Ctrl Pts',(-18.9648831975817,-56.5130933263568,-16.1606704894662));
#4818=CARTESIAN_POINT('Ctrl Pts',(-20.2725110497063,-56.1874045671621,-16.1606704894662));
#4819=CARTESIAN_POINT('Ctrl Pts',(-21.5995588592878,-55.562369187329,-16.1606704894662));
#4820=CARTESIAN_POINT('Ctrl Pts',(-23.2918232831298,-54.4870386682579,-16.1606704894662));
#4821=CARTESIAN_POINT('Ctrl Pts',(-24.2139493128201,-53.4974408317593,-16.1606704894662));
#4822=CARTESIAN_POINT('Ctrl Pts',(-24.795601027399,-52.1867565748872,-16.1606704894662));
#4823=CARTESIAN_POINT('Ctrl Pts',(-24.8089580788002,-52.1566580183953,-16.1606704894662));
#4824=CARTESIAN_POINT('Ctrl Pts',(-24.8223030456817,-52.1265866929583,-16.1606704894662));
#4825=CARTESIAN_POINT('',(-24.8223030456817,-52.1265866929583,-15.1606704894662));
#4826=CARTESIAN_POINT('Ctrl Pts',(-16.4047831983643,-56.9779514011819,-15.1606704894662));
#4827=CARTESIAN_POINT('Ctrl Pts',(-16.4160931980103,-56.9764352475815,-15.1606704894662));
#4828=CARTESIAN_POINT('Ctrl Pts',(-16.4274031976547,-56.9749190939814,-15.1606704894662));
#4829=CARTESIAN_POINT('Ctrl Pts',(-16.438713197299,-56.9734029403812,-15.1606704894662));
#4830=CARTESIAN_POINT('Ctrl Pts',(-17.074671071939,-56.8881500799477,-15.1606704894662));
#4831=CARTESIAN_POINT('Ctrl Pts',(-17.6855494550909,-56.785202732151,-15.1606704894662));
#4832=CARTESIAN_POINT('Ctrl Pts',(-18.2778361143484,-56.6592256195669,-15.1606704894662));
#4833=CARTESIAN_POINT('Ctrl Pts',(-19.6650683908508,-56.3641666072699,-15.1606704894662));
#4834=CARTESIAN_POINT('Ctrl Pts',(-20.9848447583573,-55.9529823940601,-15.1606704894662));
#4835=CARTESIAN_POINT('Ctrl Pts',(-22.1750530564276,-55.1966778302255,-15.1606704894662));
#4836=CARTESIAN_POINT('Ctrl Pts',(-23.323836050408,-54.4666965129959,-15.1606704894662));
#4837=CARTESIAN_POINT('Ctrl Pts',(-24.2506538384106,-53.4147314669597,-15.1606704894662));
#4838=CARTESIAN_POINT('Ctrl Pts',(-24.7822293996465,-52.2168879774853,-15.1606704894662));
#4839=CARTESIAN_POINT('Ctrl Pts',(-24.7955872816583,-52.1867875493094,-15.1606704894662));
#4840=CARTESIAN_POINT('Ctrl Pts',(-24.8089451636701,-52.1566871211338,-15.1606704894662));
#4841=CARTESIAN_POINT('Ctrl Pts',(-24.8223030456817,-52.1265866929583,-15.1606704894662));
#4842=CARTESIAN_POINT('',(-24.8223030456817,-52.1265866929583,-15.1606704894662));
#4843=CARTESIAN_POINT('Origin',(-24.8223030456817,-52.1265866929583,-15.1606704894662));
#4844=CARTESIAN_POINT('',(-30.4041013252295,-36.9215400535955,-16.1606704894662));
#4845=CARTESIAN_POINT('',(-32.2141931173104,-31.9907760342358,-16.1606704894662));
#4846=CARTESIAN_POINT('',(-30.4041013252295,-36.9215400535955,-15.1606704894662));
#4847=CARTESIAN_POINT('',(-24.8223030456817,-52.1265866929583,-15.1606704894662));
#4848=CARTESIAN_POINT('',(-30.4041013252295,-36.9215400535955,-15.1606704894662));
#4849=CARTESIAN_POINT('Ctrl Pts',(-30.4041013252295,-36.9215400535955,-15.1606704894662));
#4850=CARTESIAN_POINT('Ctrl Pts',(-30.4041013252295,-36.9215400535955,-18.1606704894662));
#4851=CARTESIAN_POINT('Ctrl Pts',(-30.4112220499967,-36.8988670757646,-15.1606704894662));
#4852=CARTESIAN_POINT('Ctrl Pts',(-30.4112220499967,-36.8988670757646,-18.1606704894662));
#4853=CARTESIAN_POINT('Ctrl Pts',(-30.418342774764,-36.8761940979337,-15.1606704894662));
#4854=CARTESIAN_POINT('Ctrl Pts',(-30.418342774764,-36.8761940979337,-18.1606704894662));
#4855=CARTESIAN_POINT('Ctrl Pts',(-30.4254634995313,-36.8535211201027,-15.1606704894662));
#4856=CARTESIAN_POINT('Ctrl Pts',(-30.4254634995313,-36.8535211201027,-18.1606704894662));
#4857=CARTESIAN_POINT('Ctrl Pts',(-30.7653942951873,-35.7711532929722,-15.1606704894662));
#4858=CARTESIAN_POINT('Ctrl Pts',(-30.7653942951873,-35.7711532929722,-18.1606704894662));
#4859=CARTESIAN_POINT('Ctrl Pts',(-31.0579134423165,-34.63954474179,-15.1606704894662));
#4860=CARTESIAN_POINT('Ctrl Pts',(-31.0579134423165,-34.63954474179,-18.1606704894662));
#4861=CARTESIAN_POINT('Ctrl Pts',(-31.2955719238524,-33.436778494878,-15.1606704894662));
#4862=CARTESIAN_POINT('Ctrl Pts',(-31.2955719238524,-33.436778494878,-18.1606704894662));
#4863=CARTESIAN_POINT('Ctrl Pts',(-31.7439559293679,-31.1675510555544,-15.1606704894662));
#4864=CARTESIAN_POINT('Ctrl Pts',(-31.7439559293679,-31.1675510555544,-18.1606704894662));
#4865=CARTESIAN_POINT('Ctrl Pts',(-31.9635471809332,-28.6861216118987,-15.1606704894662));
#4866=CARTESIAN_POINT('Ctrl Pts',(-31.9635471809332,-28.6861216118987,-18.1606704894662));
#4867=CARTESIAN_POINT('Ctrl Pts',(-32.03885772009,-26.0868862643247,-15.1606704894662));
#4868=CARTESIAN_POINT('Ctrl Pts',(-32.03885772009,-26.0868862643247,-18.1606704894662));
#4869=CARTESIAN_POINT('Ctrl Pts',(-32.0392772056076,-26.0724083227593,-15.1606704894662));
#4870=CARTESIAN_POINT('Ctrl Pts',(-32.0392772056076,-26.0724083227593,-18.1606704894662));
#4871=CARTESIAN_POINT('Ctrl Pts',(-32.0396966911252,-26.0579303811939,-15.1606704894662));
#4872=CARTESIAN_POINT('Ctrl Pts',(-32.0396966911252,-26.0579303811939,-18.1606704894662));
#4873=CARTESIAN_POINT('Ctrl Pts',(-32.0401161766428,-26.0434524396292,-15.1606704894662));
#4874=CARTESIAN_POINT('Ctrl Pts',(-32.0401161766428,-26.0434524396292,-18.1606704894662));
#4875=CARTESIAN_POINT('',(-32.0401161766428,-26.0434524396292,-16.1606704894662));
#4876=CARTESIAN_POINT('Ctrl Pts',(-30.4041013252294,-36.9215400535956,-16.1606704894662));
#4877=CARTESIAN_POINT('Ctrl Pts',(-30.4112217136344,-36.8988681467702,-16.1606704894662));
#4878=CARTESIAN_POINT('Ctrl Pts',(-30.4183424290531,-36.8761951987058,-16.1606704894662));
#4879=CARTESIAN_POINT('Ctrl Pts',(-30.7774603349091,-35.732734022454,-16.1606704894662));
#4880=CARTESIAN_POINT('Ctrl Pts',(-31.0680791862993,-34.5880969093449,-16.1606704894662));
#4881=CARTESIAN_POINT('Ctrl Pts',(-31.7847105581898,-30.9612958794901,-16.1606704894662));
#4882=CARTESIAN_POINT('Ctrl Pts',(-31.9686623083352,-28.5095803190125,-16.1606704894662));
#4883=CARTESIAN_POINT('Ctrl Pts',(-32.039277214774,-26.0724080063934,-16.1606704894662));
#4884=CARTESIAN_POINT('Ctrl Pts',(-32.0396967003219,-26.0579300637833,-16.1606704894662));
#4885=CARTESIAN_POINT('Ctrl Pts',(-32.0401161766428,-26.0434524396279,-16.1606704894662));
#4886=CARTESIAN_POINT('',(-32.0401161766428,-26.0434524396292,-15.1606704894662));
#4887=CARTESIAN_POINT('Ctrl Pts',(-30.4041013252295,-36.9215400535955,-15.1606704894662));
#4888=CARTESIAN_POINT('Ctrl Pts',(-30.4112220499967,-36.8988670757646,-15.1606704894662));
#4889=CARTESIAN_POINT('Ctrl Pts',(-30.418342774764,-36.8761940979337,-15.1606704894662));
#4890=CARTESIAN_POINT('Ctrl Pts',(-30.4254634995313,-36.8535211201027,-15.1606704894662));
#4891=CARTESIAN_POINT('Ctrl Pts',(-30.7653942951873,-35.7711532929722,-15.1606704894662));
#4892=CARTESIAN_POINT('Ctrl Pts',(-31.0579134423165,-34.63954474179,-15.1606704894662));
#4893=CARTESIAN_POINT('Ctrl Pts',(-31.2955719238524,-33.436778494878,-15.1606704894662));
#4894=CARTESIAN_POINT('Ctrl Pts',(-31.7439559293679,-31.1675510555544,-15.1606704894662));
#4895=CARTESIAN_POINT('Ctrl Pts',(-31.9635471809332,-28.6861216118987,-15.1606704894662));
#4896=CARTESIAN_POINT('Ctrl Pts',(-32.03885772009,-26.0868862643247,-15.1606704894662));
#4897=CARTESIAN_POINT('Ctrl Pts',(-32.0392772056076,-26.0724083227593,-15.1606704894662));
#4898=CARTESIAN_POINT('Ctrl Pts',(-32.0396966911252,-26.0579303811939,-15.1606704894662));
#4899=CARTESIAN_POINT('Ctrl Pts',(-32.0401161766428,-26.0434524396292,-15.1606704894662));
#4900=CARTESIAN_POINT('',(-32.0401161766428,-26.0434524396292,-15.1606704894662));
#4901=CARTESIAN_POINT('Origin',(-32.0401161766428,-26.0434524396292,-15.1606704894662));
#4902=CARTESIAN_POINT('',(-32.0401161766428,31.0434524396292,-16.1606704894662));
#4903=CARTESIAN_POINT('',(-32.0401161766428,-11.7717262198142,-16.1606704894662));
#4904=CARTESIAN_POINT('',(-32.0401161766428,31.0434524396292,-15.1606704894662));
#4905=CARTESIAN_POINT('',(-32.0401161766428,-26.0434524396292,-15.1606704894662));
#4906=CARTESIAN_POINT('',(-32.0401161766428,31.0434524396292,-15.1606704894662));
#4907=CARTESIAN_POINT('Ctrl Pts',(-32.0401161766428,31.0434524396292,-15.1606704894662));
#4908=CARTESIAN_POINT('Ctrl Pts',(-32.0401161766428,31.0434524396292,-18.1606704894662));
#4909=CARTESIAN_POINT('Ctrl Pts',(-32.0396966911252,31.057930381194,-15.1606704894662));
#4910=CARTESIAN_POINT('Ctrl Pts',(-32.0396966911252,31.057930381194,-18.1606704894662));
#4911=CARTESIAN_POINT('Ctrl Pts',(-32.0392772056076,31.0724083227593,-15.1606704894662));
#4912=CARTESIAN_POINT('Ctrl Pts',(-32.0392772056076,31.0724083227593,-18.1606704894662));
#4913=CARTESIAN_POINT('Ctrl Pts',(-32.03885772009,31.0868862643247,-15.1606704894662));
#4914=CARTESIAN_POINT('Ctrl Pts',(-32.03885772009,31.0868862643247,-18.1606704894662));
#4915=CARTESIAN_POINT('Ctrl Pts',(-31.9635471809341,33.6861216118676,-15.1606704894662));
#4916=CARTESIAN_POINT('Ctrl Pts',(-31.9635471809341,33.6861216118676,-18.1606704894662));
#4917=CARTESIAN_POINT('Ctrl Pts',(-31.7439559293744,36.167551055492,-15.1606704894662));
#4918=CARTESIAN_POINT('Ctrl Pts',(-31.7439559293744,36.167551055492,-18.1606704894662));
#4919=CARTESIAN_POINT('Ctrl Pts',(-31.2955719238685,38.4367784947967,-15.1606704894662));
#4920=CARTESIAN_POINT('Ctrl Pts',(-31.2955719238685,38.4367784947967,-18.1606704894662));
#4921=CARTESIAN_POINT('Ctrl Pts',(-31.0579134423295,39.6395447417403,-15.1606704894662));
#4922=CARTESIAN_POINT('Ctrl Pts',(-31.0579134423295,39.6395447417403,-18.1606704894662));
#4923=CARTESIAN_POINT('Ctrl Pts',(-30.765394295195,40.7711532929479,-15.1606704894662));
#4924=CARTESIAN_POINT('Ctrl Pts',(-30.765394295195,40.7711532929479,-18.1606704894662));
#4925=CARTESIAN_POINT('Ctrl Pts',(-30.4254634995313,41.8535211201027,-15.1606704894662));
#4926=CARTESIAN_POINT('Ctrl Pts',(-30.4254634995313,41.8535211201027,-18.1606704894662));
#4927=CARTESIAN_POINT('Ctrl Pts',(-30.418342774764,41.8761940979339,-15.1606704894662));
#4928=CARTESIAN_POINT('Ctrl Pts',(-30.418342774764,41.8761940979339,-18.1606704894662));
#4929=CARTESIAN_POINT('Ctrl Pts',(-30.4112220499966,41.8988670757651,-15.1606704894662));
#4930=CARTESIAN_POINT('Ctrl Pts',(-30.4112220499966,41.8988670757651,-18.1606704894662));
#4931=CARTESIAN_POINT('Ctrl Pts',(-30.404101325229,41.9215400535969,-15.1606704894662));
#4932=CARTESIAN_POINT('Ctrl Pts',(-30.404101325229,41.9215400535969,-18.1606704894662));
#4933=CARTESIAN_POINT('',(-30.404101325229,41.9215400535969,-16.1606704894662));
#4934=CARTESIAN_POINT('Ctrl Pts',(-32.0401161766428,31.0434524396292,-16.1606704894662));
#4935=CARTESIAN_POINT('Ctrl Pts',(-32.0396967003219,31.0579300637831,-16.1606704894662));
#4936=CARTESIAN_POINT('Ctrl Pts',(-32.039277214774,31.0724080063936,-16.1606704894662));
#4937=CARTESIAN_POINT('Ctrl Pts',(-31.968662308336,33.5095803189853,-16.1606704894662));
#4938=CARTESIAN_POINT('Ctrl Pts',(-31.784710558194,35.9612958794364,-16.1606704894662));
#4939=CARTESIAN_POINT('Ctrl Pts',(-31.0680791863129,39.5880969092909,-16.1606704894662));
#4940=CARTESIAN_POINT('Ctrl Pts',(-30.7774603349173,40.7327340224279,-16.1606704894662));
#4941=CARTESIAN_POINT('Ctrl Pts',(-30.418342429053,41.8761951987063,-16.1606704894662));
#4942=CARTESIAN_POINT('Ctrl Pts',(-30.4112217136341,41.8988681467713,-16.1606704894662));
#4943=CARTESIAN_POINT('Ctrl Pts',(-30.4041013252289,41.9215400535974,-16.1606704894662));
#4944=CARTESIAN_POINT('',(-30.404101325229,41.9215400535969,-15.1606704894662));
#4945=CARTESIAN_POINT('Ctrl Pts',(-32.0401161766428,31.0434524396292,-15.1606704894662));
#4946=CARTESIAN_POINT('Ctrl Pts',(-32.0396966911252,31.057930381194,-15.1606704894662));
#4947=CARTESIAN_POINT('Ctrl Pts',(-32.0392772056076,31.0724083227593,-15.1606704894662));
#4948=CARTESIAN_POINT('Ctrl Pts',(-32.03885772009,31.0868862643247,-15.1606704894662));
#4949=CARTESIAN_POINT('Ctrl Pts',(-31.9635471809341,33.6861216118676,-15.1606704894662));
#4950=CARTESIAN_POINT('Ctrl Pts',(-31.7439559293744,36.167551055492,-15.1606704894662));
#4951=CARTESIAN_POINT('Ctrl Pts',(-31.2955719238685,38.4367784947967,-15.1606704894662));
#4952=CARTESIAN_POINT('Ctrl Pts',(-31.0579134423295,39.6395447417403,-15.1606704894662));
#4953=CARTESIAN_POINT('Ctrl Pts',(-30.765394295195,40.7711532929479,-15.1606704894662));
#4954=CARTESIAN_POINT('Ctrl Pts',(-30.4254634995313,41.8535211201027,-15.1606704894662));
#4955=CARTESIAN_POINT('Ctrl Pts',(-30.418342774764,41.8761940979339,-15.1606704894662));
#4956=CARTESIAN_POINT('Ctrl Pts',(-30.4112220499966,41.8988670757651,-15.1606704894662));
#4957=CARTESIAN_POINT('Ctrl Pts',(-30.404101325229,41.9215400535969,-15.1606704894662));
#4958=CARTESIAN_POINT('',(-30.404101325229,41.9215400535969,-15.1606704894662));
#4959=CARTESIAN_POINT('Origin',(-30.404101325229,41.9215400535969,-15.1606704894662));
#4960=CARTESIAN_POINT('',(-35.005092257084,29.3882527145564,-16.1606704894662));
#4961=CARTESIAN_POINT('',(-30.404101325229,41.9215400535969,-15.1606704894662));
#4962=CARTESIAN_POINT('Ctrl Pts',(11.0552768167432,65.0229879839146,-16.1606704894662));
#4963=CARTESIAN_POINT('Ctrl Pts',(11.0562802749883,65.0230973522925,-16.1606704894662));
#4964=CARTESIAN_POINT('Ctrl Pts',(11.0572837394197,65.0232067213447,-16.1606704894662));
#4965=CARTESIAN_POINT('Ctrl Pts',(12.0460147574935,65.130969957272,-16.1606704894662));
#4966=CARTESIAN_POINT('Ctrl Pts',(13.2460312991497,65.1729028776015,-16.1606704894662));
#4967=CARTESIAN_POINT('Ctrl Pts',(14.5619721536915,65.0295945912478,-16.1606704894662));
#4968=CARTESIAN_POINT('Ctrl Pts',(15.3539921072688,64.9176308288323,-16.1606704894662));
#4969=CARTESIAN_POINT('Ctrl Pts',(15.9797371056508,64.7800062391393,-16.1606704894662));
#4970=CARTESIAN_POINT('Ctrl Pts',(17.305746594595,64.3877551657479,-16.1606704894662));
#4971=CARTESIAN_POINT('Ctrl Pts',(18.2072756370735,63.9966076748357,-16.1606704894662));
#4972=CARTESIAN_POINT('Ctrl Pts',(19.4700024025581,63.1991639732597,-16.1606704894662));
#4973=CARTESIAN_POINT('Ctrl Pts',(19.9843467879069,62.7980648686643,-16.1606704894662));
#4974=CARTESIAN_POINT('Ctrl Pts',(21.0124855697101,61.8392620527004,-16.1606704894662));
#4975=CARTESIAN_POINT('Ctrl Pts',(21.9792471561396,60.6223425469319,-16.1606704894662));
#4976=CARTESIAN_POINT('Ctrl Pts',(22.6606587632852,59.3026718018209,-16.1606704894662));
#4977=CARTESIAN_POINT('Ctrl Pts',(22.9115380465858,58.7314290987483,-16.1606704894662));
#4978=CARTESIAN_POINT('Ctrl Pts',(22.9141599338046,58.7254591600497,-16.1606704894662));
#4979=CARTESIAN_POINT('Ctrl Pts',(22.9167818210235,58.7194892213511,-16.1606704894662));
#4980=CARTESIAN_POINT('Ctrl Pts',(11.0552768167432,65.0229879839146,-16.75906909015));
#4981=CARTESIAN_POINT('Ctrl Pts',(11.0562802749883,65.0230973522925,-16.75906909015));
#4982=CARTESIAN_POINT('Ctrl Pts',(11.0572837394197,65.0232067213447,-16.75906909015));
#4983=CARTESIAN_POINT('Ctrl Pts',(12.0460147574935,65.130969957272,-16.75906909015));
#4984=CARTESIAN_POINT('Ctrl Pts',(13.2460312991497,65.1729028776015,-16.75906909015));
#4985=CARTESIAN_POINT('Ctrl Pts',(14.5619721536915,65.0295945912478,-16.75906909015));
#4986=CARTESIAN_POINT('Ctrl Pts',(15.3539921072688,64.9176308288323,-16.75906909015));
#4987=CARTESIAN_POINT('Ctrl Pts',(15.9797371056508,64.7800062391393,-16.75906909015));
#4988=CARTESIAN_POINT('Ctrl Pts',(17.305746594595,64.3877551657479,-16.75906909015));
#4989=CARTESIAN_POINT('Ctrl Pts',(18.2072756370735,63.9966076748357,-16.75906909015));
#4990=CARTESIAN_POINT('Ctrl Pts',(19.4700024025581,63.1991639732597,-16.75906909015));
#4991=CARTESIAN_POINT('Ctrl Pts',(19.9843467879069,62.7980648686643,-16.75906909015));
#4992=CARTESIAN_POINT('Ctrl Pts',(21.0124855697101,61.8392620527004,-16.75906909015));
#4993=CARTESIAN_POINT('Ctrl Pts',(21.9792471561396,60.6223425469319,-16.75906909015));
#4994=CARTESIAN_POINT('Ctrl Pts',(22.6606587632852,59.3026718018209,-16.75906909015));
#4995=CARTESIAN_POINT('Ctrl Pts',(22.9115380465858,58.7314290987483,-16.75906909015));
#4996=CARTESIAN_POINT('Ctrl Pts',(22.9141599338046,58.7254591600497,-16.75906909015));
#4997=CARTESIAN_POINT('Ctrl Pts',(22.9167818210235,58.7194892213511,-16.75906909015));
#4998=CARTESIAN_POINT('Ctrl Pts',(11.1097245891422,64.5234279904164,-17.7947583316937));
#4999=CARTESIAN_POINT('Ctrl Pts',(11.1107280473814,64.5235373587937,-17.7947583316937));
#5000=CARTESIAN_POINT('Ctrl Pts',(11.111731511799,64.5236467278443,-17.7947583316937));
#5001=CARTESIAN_POINT('Ctrl Pts',(12.074866392669,64.6285956282587,-17.7947583316936));
#5002=CARTESIAN_POINT('Ctrl Pts',(13.2361952498235,64.6685232370127,-17.7947583316937));
#5003=CARTESIAN_POINT('Ctrl Pts',(14.5004075338528,64.5307826638036,-17.7947583316937));
#5004=CARTESIAN_POINT('Ctrl Pts',(15.260396726351,64.423326064614,-17.7947583316937));
#5005=CARTESIAN_POINT('Ctrl Pts',(15.8594691775009,64.2915696345948,-17.7947583316937));
#5006=CARTESIAN_POINT('Ctrl Pts',(17.1224549354806,63.9176732258008,-17.7947583316937));
#5007=CARTESIAN_POINT('Ctrl Pts',(17.9802220573138,63.545602151061,-17.7947583316937));
#5008=CARTESIAN_POINT('Ctrl Pts',(19.1768092548291,62.7900303555285,-17.7947583316937));
#5009=CARTESIAN_POINT('Ctrl Pts',(19.6627773068255,62.4108829715671,-17.7947583316937));
#5010=CARTESIAN_POINT('Ctrl Pts',(20.634448408271,61.5047080357372,-17.7947583316937));
#5011=CARTESIAN_POINT('Ctrl Pts',(21.5538263389293,60.3489185640801,-17.7947583316937));
#5012=CARTESIAN_POINT('Ctrl Pts',(22.2092355088628,59.0807189790245,-17.7947583316937));
#5013=CARTESIAN_POINT('Ctrl Pts',(22.4514366970926,58.5293610527398,-17.7947583316937));
#5014=CARTESIAN_POINT('Ctrl Pts',(22.4540585843114,58.5233911140412,-17.7947583316937));
#5015=CARTESIAN_POINT('Ctrl Pts',(22.4566804715303,58.5174211753426,-17.7947583316937));
#5016=CARTESIAN_POINT('Ctrl Pts',(11.2233491518143,63.4809191183597,-18.1606704894662));
#5017=CARTESIAN_POINT('Ctrl Pts',(11.2243526100555,63.4810284867372,-18.1606704894662));
#5018=CARTESIAN_POINT('Ctrl Pts',(11.225356074474,63.4811378557879,-18.1606704894662));
#5019=CARTESIAN_POINT('Ctrl Pts',(12.135744830544,63.580346336427,-18.1606704894661));
#5020=CARTESIAN_POINT('Ctrl Pts',(13.2156725444526,63.615904951364,-18.1606704894662));
#5021=CARTESIAN_POINT('Ctrl Pts',(14.3719805194211,63.4898148263128,-18.1606704894662));
#5022=CARTESIAN_POINT('Ctrl Pts',(15.0651750096663,63.3917643482413,-18.1606704894662));
#5023=CARTESIAN_POINT('Ctrl Pts',(15.6085850948859,63.2721706953932,-18.1606704894662));
#5024=CARTESIAN_POINT('Ctrl Pts',(16.7404076942977,62.937173390381,-18.1606704894662));
#5025=CARTESIAN_POINT('Ctrl Pts',(17.5065212978629,62.6044740838837,-18.1606704894662));
#5026=CARTESIAN_POINT('Ctrl Pts',(18.5649179900618,61.9360795035053,-18.1606704894662));
#5027=CARTESIAN_POINT('Ctrl Pts',(18.9916755884762,61.6027808862187,-18.1606704894662));
#5028=CARTESIAN_POINT('Ctrl Pts',(19.8451284120954,60.8068626986471,-18.1606704894662));
#5029=CARTESIAN_POINT('Ctrl Pts',(20.666120591019,59.7782503718428,-18.1606704894662));
#5030=CARTESIAN_POINT('Ctrl Pts',(21.2672920459777,58.6175870041789,-18.1606704894662));
#5031=CARTESIAN_POINT('Ctrl Pts',(21.4912722621204,58.1076745016454,-18.1606704894662));
#5032=CARTESIAN_POINT('Ctrl Pts',(21.4938941493392,58.1017045629468,-18.1606704894662));
#5033=CARTESIAN_POINT('Ctrl Pts',(21.4965160365581,58.0957346242482,-18.1606704894662));
#5034=CARTESIAN_POINT('Ctrl Pts',(11.2719764316986,63.034762323463,-18.1606704894662));
#5035=CARTESIAN_POINT('Ctrl Pts',(11.2729798899437,63.0348716918409,-18.1606704894662));
#5036=CARTESIAN_POINT('Ctrl Pts',(11.2739833543688,63.0349810608924,-18.1606704894662));
#5037=CARTESIAN_POINT('Ctrl Pts',(12.1619386593098,63.1317606048433,-18.1606704894661));
#5038=CARTESIAN_POINT('Ctrl Pts',(13.2068903281017,63.1654109094512,-18.1606704894662));
#5039=CARTESIAN_POINT('Ctrl Pts',(14.317028644362,63.0443133406908,-18.1606704894662));
#5040=CARTESIAN_POINT('Ctrl Pts',(14.9816475875716,62.9502884173458,-18.1606704894662));
#5041=CARTESIAN_POINT('Ctrl Pts',(15.5012360201294,62.8358825919854,-18.1606704894662));
#5042=CARTESIAN_POINT('Ctrl Pts',(16.577000376584,62.5176573250821,-18.1606704894662));
#5043=CARTESIAN_POINT('Ctrl Pts',(17.3038207465409,62.2017161198957,-18.1606704894662));
#5044=CARTESIAN_POINT('Ctrl Pts',(18.3030418970511,61.5705877516427,-18.1606704894662));
#5045=CARTESIAN_POINT('Ctrl Pts',(18.7044609490701,61.256918880935,-18.1606704894662));
#5046=CARTESIAN_POINT('Ctrl Pts',(19.5072413690787,60.5082766344524,-18.1606704894662));
#5047=CARTESIAN_POINT('Ctrl Pts',(20.2862319201552,59.5340095349634,-18.1606704894662));
#5048=CARTESIAN_POINT('Ctrl Pts',(20.8641969097837,58.4193936698315,-18.1606704894662));
#5049=CARTESIAN_POINT('Ctrl Pts',(21.0803559635993,57.9272076249308,-18.1606704894662));
#5050=CARTESIAN_POINT('Ctrl Pts',(21.0829778508181,57.9212376862322,-18.1606704894662));
#5051=CARTESIAN_POINT('Ctrl Pts',(21.085599738037,57.9152677475336,-18.1606704894662));
#5052=CARTESIAN_POINT('Ctrl Pts',(11.0554905067921,65.0230112743047,-16.1606704894662));
#5053=CARTESIAN_POINT('Ctrl Pts',(11.0554462603724,65.0230063678352,-16.2352401754356));
#5054=CARTESIAN_POINT('Ctrl Pts',(11.0558621380712,65.0188520735837,-16.3098096669735));
#5055=CARTESIAN_POINT('Ctrl Pts',(11.0567352668737,65.0105743003265,-16.3839133521949));
#5056=CARTESIAN_POINT('Ctrl Pts',(11.0576083667732,65.0022968010857,-16.458014584387));
#5057=CARTESIAN_POINT('Ctrl Pts',(11.0589386826897,64.9898961392505,-16.5316496547448));
#5058=CARTESIAN_POINT('Ctrl Pts',(11.0607176324325,64.9734497088006,-16.6043588162911));
#5059=CARTESIAN_POINT('Ctrl Pts',(11.0624965276391,64.9570037825387,-16.6770657488376));
#5060=CARTESIAN_POINT('Ctrl Pts',(11.0647240196317,64.9365124216913,-16.7488464503307));
#5061=CARTESIAN_POINT('Ctrl Pts',(11.0673859254992,64.9121035273955,-16.8192527791335));
#5062=CARTESIAN_POINT('Ctrl Pts',(11.0700477562726,64.8876953216908,-16.8896571217271));
#5063=CARTESIAN_POINT('Ctrl Pts',(11.0731439622786,64.8593699310124,-16.9586868022315));
#5064=CARTESIAN_POINT('Ctrl Pts',(11.0766549381583,64.8273041559958,-17.0259108784676));
#5065=CARTESIAN_POINT('Ctrl Pts',(11.0801658235762,64.7952392071685,-17.0931332226446));
#5066=CARTESIAN_POINT('Ctrl Pts',(11.0840914389413,64.7594342340593,-17.1585497052962));
#5067=CARTESIAN_POINT('Ctrl Pts',(11.0884070022955,64.7201127197462,-17.2217519619128));
#5068=CARTESIAN_POINT('Ctrl Pts',(11.0927224650077,64.6807921224393,-17.284952744607));
#5069=CARTESIAN_POINT('Ctrl Pts',(11.0974278347798,64.6379553530269,-17.3459390752444));
#5070=CARTESIAN_POINT('Ctrl Pts',(11.1024934633984,64.5918697783562,-17.404330262406));
#5071=CARTESIAN_POINT('Ctrl Pts',(11.1075874528952,64.545526184894,-17.4630483636542));
#5072=CARTESIAN_POINT('Ctrl Pts',(11.1130457235757,64.4958975128373,-17.5191418403329));
#5073=CARTESIAN_POINT('Ctrl Pts',(11.1188335409195,64.4432969972209,-17.5722566191188));
#5074=CARTESIAN_POINT('Ctrl Pts',(11.1245899529808,64.3909818973237,-17.6250831917415));
#5075=CARTESIAN_POINT('Ctrl Pts',(11.1306723108979,64.3357274258589,-17.6749630599518));
#5076=CARTESIAN_POINT('Ctrl Pts',(11.1370423600675,64.277878561881,-17.721584773157));
#5077=CARTESIAN_POINT('Ctrl Pts',(11.1434120020548,64.2200333956823,-17.7682035062378));
#5078=CARTESIAN_POINT('Ctrl Pts',(11.1500692650367,64.1595944705548,-17.8115642581966));
#5079=CARTESIAN_POINT('Ctrl Pts',(11.1569723100516,64.0969390892063,-17.8513963184403));
#5080=CARTESIAN_POINT('Ctrl Pts',(11.1638749813479,64.034287099909,-17.8912262222469));
#5081=CARTESIAN_POINT('Ctrl Pts',(11.1710233718254,63.9694192211866,-17.9275276091759));
#5082=CARTESIAN_POINT('Ctrl Pts',(11.178372581175,63.9027403629041,-17.9600738662765));
#5083=CARTESIAN_POINT('Ctrl Pts',(11.1857931673668,63.8354139075638,-17.9929362184765));
#5084=CARTESIAN_POINT('Ctrl Pts',(11.1934184564344,63.7662414468137,-18.0219698925356));
#5085=CARTESIAN_POINT('Ctrl Pts',(11.2011996355552,63.6956631734668,-18.0469901136199));
#5086=CARTESIAN_POINT('Ctrl Pts',(11.2089063954321,63.6257599111509,-18.0717710411592));
#5087=CARTESIAN_POINT('Ctrl Pts',(11.216766033672,63.5544779955843,-18.0926148662703));
#5088=CARTESIAN_POINT('Ctrl Pts',(11.2247292045104,63.4822624256367,-18.1093914561279));
#5089=CARTESIAN_POINT('Ctrl Pts',(11.2328077182093,63.409000846432,-18.1264110471598));
#5090=CARTESIAN_POINT('Ctrl Pts',(11.2409927447897,63.3347787367284,-18.1392445066911));
#5091=CARTESIAN_POINT('Ctrl Pts',(11.2492314066541,63.2600729453767,-18.1478093790916));
#5092=CARTESIAN_POINT('Ctrl Pts',(11.2574700685185,63.1853671540251,-18.1563742514922));
#5093=CARTESIAN_POINT('Ctrl Pts',(11.2657623199245,63.1101780935281,-18.1606704894662));
#5094=CARTESIAN_POINT('Ctrl Pts',(11.2740545943497,63.0349888254449,-18.1606704894662));
#5095=CARTESIAN_POINT('Ctrl Pts',(21.0855997547897,57.9152677548911,-18.1606704894662));
#5096=CARTESIAN_POINT('Ctrl Pts',(21.0886893759342,57.9166608615334,-18.1606704894352));
#5097=CARTESIAN_POINT('Ctrl Pts',(21.091778975207,57.9180539589403,-18.1606618754114));
#5098=CARTESIAN_POINT('Ctrl Pts',(21.3372402870391,58.0287321714133,-18.1592931417628));
#5099=CARTESIAN_POINT('Ctrl Pts',(21.5769520689782,58.1368179516855,-18.1049440130125));
#5100=CARTESIAN_POINT('Ctrl Pts',(22.0183923978969,58.3358628913752,-17.8987499339387));
#5101=CARTESIAN_POINT('Ctrl Pts',(22.2165777513725,58.4252244407083,-17.7508920937373));
#5102=CARTESIAN_POINT('Ctrl Pts',(22.5501174514801,58.5756171102108,-17.3801750309961));
#5103=CARTESIAN_POINT('Ctrl Pts',(22.6822862127529,58.6352118535833,-17.1608636028833));
#5104=CARTESIAN_POINT('Ctrl Pts',(22.862546371806,58.7164909532414,-16.6790160147363));
#5105=CARTESIAN_POINT('Ctrl Pts',(22.908916159367,58.7373990374467,-16.4210884769181));
#5106=CARTESIAN_POINT('Ctrl Pts',(22.908916159367,58.7373990374467,-16.1606704894662));
#5107=CARTESIAN_POINT('Ctrl Pts',(-32.040395657711,31.0338065510227,-16.1606704894662));
#5108=CARTESIAN_POINT('Ctrl Pts',(-32.0403024973549,31.0370218472249,-16.1606704894662));
#5109=CARTESIAN_POINT('Ctrl Pts',(-32.0402093369989,31.0402371434266,-16.1606704894662));
#5110=CARTESIAN_POINT('Ctrl Pts',(-32.0396967003219,31.0579300637831,-16.1606704894662));
#5111=CARTESIAN_POINT('Ctrl Pts',(-32.039277214774,31.0724080063936,-16.1606704894662));
#5112=CARTESIAN_POINT('Ctrl Pts',(-31.968662308336,33.5095803189853,-16.1606704894662));
#5113=CARTESIAN_POINT('Ctrl Pts',(-31.784710558194,35.9612958794364,-16.1606704894662));
#5114=CARTESIAN_POINT('Ctrl Pts',(-31.0680791863129,39.5880969092909,-16.1606704894662));
#5115=CARTESIAN_POINT('Ctrl Pts',(-30.7774603349173,40.7327340224279,-16.1606704894662));
#5116=CARTESIAN_POINT('Ctrl Pts',(-30.418342429053,41.8761951987063,-16.1606704894662));
#5117=CARTESIAN_POINT('Ctrl Pts',(-30.4112217136341,41.8988681467713,-16.1606704894662));
#5118=CARTESIAN_POINT('Ctrl Pts',(-30.4041013252289,41.9215400535974,-16.1606704894662));
#5119=CARTESIAN_POINT('Ctrl Pts',(-32.040395657711,31.0338065510227,-16.75906909015));
#5120=CARTESIAN_POINT('Ctrl Pts',(-32.0403024973549,31.0370218472249,-16.75906909015));
#5121=CARTESIAN_POINT('Ctrl Pts',(-32.0402093369989,31.0402371434266,-16.75906909015));
#5122=CARTESIAN_POINT('Ctrl Pts',(-32.0396967003219,31.0579300637831,-16.75906909015));
#5123=CARTESIAN_POINT('Ctrl Pts',(-32.039277214774,31.0724080063936,-16.75906909015));
#5124=CARTESIAN_POINT('Ctrl Pts',(-31.968662308336,33.5095803189853,-16.75906909015));
#5125=CARTESIAN_POINT('Ctrl Pts',(-31.784710558194,35.9612958794364,-16.75906909015));
#5126=CARTESIAN_POINT('Ctrl Pts',(-31.0680791863129,39.5880969092909,-16.75906909015));
#5127=CARTESIAN_POINT('Ctrl Pts',(-30.7774603349173,40.7327340224279,-16.75906909015));
#5128=CARTESIAN_POINT('Ctrl Pts',(-30.418342429053,41.8761951987063,-16.75906909015));
#5129=CARTESIAN_POINT('Ctrl Pts',(-30.4112217136341,41.8988681467713,-16.75906909015));
#5130=CARTESIAN_POINT('Ctrl Pts',(-30.4041013252289,41.9215400535974,-16.75906909015));
#5131=CARTESIAN_POINT('Ctrl Pts',(-31.5381077436943,31.0192532041502,-17.7947819685736));
#5132=CARTESIAN_POINT('Ctrl Pts',(-31.5380145833382,31.0224685003524,-17.7947819685736));
#5133=CARTESIAN_POINT('Ctrl Pts',(-31.5379214229821,31.0256837965542,-17.7947819685736));
#5134=CARTESIAN_POINT('Ctrl Pts',(-31.5374087863051,31.0433767169102,-17.7947819685736));
#5135=CARTESIAN_POINT('Ctrl Pts',(-31.5369893007572,31.0578546595203,-17.7947819685736));
#5136=CARTESIAN_POINT('Ctrl Pts',(-31.4665886106518,33.47762728268,-17.7947819685736));
#5137=CARTESIAN_POINT('Ctrl Pts',(-31.2831755468179,35.9054477266052,-17.7947819685736));
#5138=CARTESIAN_POINT('Ctrl Pts',(-30.5785627699012,39.4733184757439,-17.7947819685736));
#5139=CARTESIAN_POINT('Ctrl Pts',(-30.2925772564756,40.5996511379327,-17.7947819685736));
#5140=CARTESIAN_POINT('Ctrl Pts',(-29.9389311785865,41.7256302579046,-17.7947819685736));
#5141=CARTESIAN_POINT('Ctrl Pts',(-29.9318104631671,41.7483032059711,-17.7947819685736));
#5142=CARTESIAN_POINT('Ctrl Pts',(-29.9246900747624,41.7709751127958,-17.7947819685736));
#5143=CARTESIAN_POINT('Ctrl Pts',(-30.489845314599,30.9888807298815,-18.1606704894662));
#5144=CARTESIAN_POINT('Ctrl Pts',(-30.4897521542429,30.9920960260837,-18.1606704894662));
#5145=CARTESIAN_POINT('Ctrl Pts',(-30.4896589938868,30.9953113222856,-18.1606704894662));
#5146=CARTESIAN_POINT('Ctrl Pts',(-30.4891463572098,31.0130042426413,-18.1606704894662));
#5147=CARTESIAN_POINT('Ctrl Pts',(-30.488726871662,31.0274821852506,-18.1606704894662));
#5148=CARTESIAN_POINT('Ctrl Pts',(-30.4194972313786,33.410166685433,-18.1606704894662));
#5149=CARTESIAN_POINT('Ctrl Pts',(-30.237534172571,35.7879394566882,-18.1606704894662));
#5150=CARTESIAN_POINT('Ctrl Pts',(-29.5568987853268,39.2338326631708,-18.1606704894662));
#5151=CARTESIAN_POINT('Ctrl Pts',(-29.2805800215063,40.3219524888947,-18.1606704894662));
#5152=CARTESIAN_POINT('Ctrl Pts',(-28.9384117794019,41.4114049576798,-18.1606704894662));
#5153=CARTESIAN_POINT('Ctrl Pts',(-28.9312910639825,41.4340779057464,-18.1606704894662));
#5154=CARTESIAN_POINT('Ctrl Pts',(-28.9241706755778,41.4567498125708,-18.1606704894662));
#5155=CARTESIAN_POINT('Ctrl Pts',(-30.0412346287462,30.9758826330934,-18.1606704894662));
#5156=CARTESIAN_POINT('Ctrl Pts',(-30.0411414683901,30.9790979292955,-18.1606704894662));
#5157=CARTESIAN_POINT('Ctrl Pts',(-30.041048308034,30.9823132254974,-18.1606704894662));
#5158=CARTESIAN_POINT('Ctrl Pts',(-30.040535671357,31.0000061458534,-18.1606704894662));
#5159=CARTESIAN_POINT('Ctrl Pts',(-30.0401161858092,31.0144840884621,-18.1606704894662));
#5160=CARTESIAN_POINT('Ctrl Pts',(-29.9715447695314,33.3811282662658,-18.1606704894662));
#5161=CARTESIAN_POINT('Ctrl Pts',(-29.7902729263732,35.7374439450496,-18.1606704894662));
#5162=CARTESIAN_POINT('Ctrl Pts',(-29.1196590669002,39.1313548616025,-18.1606704894662));
#5163=CARTESIAN_POINT('Ctrl Pts',(-28.8474766193617,40.2031186749702,-18.1606704894662));
#5164=CARTESIAN_POINT('Ctrl Pts',(-28.5102330319631,41.2769302082913,-18.1606704894662));
#5165=CARTESIAN_POINT('Ctrl Pts',(-28.5031123165439,41.2996031563573,-18.1606704894662));
#5166=CARTESIAN_POINT('Ctrl Pts',(-28.4959919281391,41.3222750631821,-18.1606704894662));
#5167=CARTESIAN_POINT('Ctrl Pts',(-32.0401161766428,31.0434524396292,-16.1606704894662));
#5168=CARTESIAN_POINT('Ctrl Pts',(-32.0401161766428,31.0427649908021,-16.2352401754356));
#5169=CARTESIAN_POINT('Ctrl Pts',(-32.035941355309,31.0420775419749,-16.3098096669735));
#5170=CARTESIAN_POINT('Ctrl Pts',(-32.0276177802247,31.0413900931478,-16.3839133521949));
#5171=CARTESIAN_POINT('Ctrl Pts',(-32.0192944806729,31.040702667077,-16.458014584387));
#5172=CARTESIAN_POINT('Ctrl Pts',(-32.0068227457214,31.0400152410063,-16.5316496547448));
#5173=CARTESIAN_POINT('Ctrl Pts',(-31.990280443734,31.0393278149355,-16.6043588162911));
#5174=CARTESIAN_POINT('Ctrl Pts',(-31.9737386488737,31.0386404099388,-16.6770657488376));
#5175=CARTESIAN_POINT('Ctrl Pts',(-31.953126623054,31.037953004942,-16.7488464503307));
#5176=CARTESIAN_POINT('Ctrl Pts',(-31.9285730513785,31.0372655999452,-16.8192527791335));
#5177=CARTESIAN_POINT('Ctrl Pts',(-31.9040201723754,31.0365782143406,-16.8896571217272));
#5178=CARTESIAN_POINT('Ctrl Pts',(-31.8755260981273,31.035890828736,-16.9586868022316));
#5179=CARTESIAN_POINT('Ctrl Pts',(-31.8432687129637,31.0352034431314,-17.0259108784677));
#5180=CARTESIAN_POINT('Ctrl Pts',(-31.8110121589264,31.0345160752376,-17.0931332226447));
#5181=CARTESIAN_POINT('Ctrl Pts',(-31.774992656237,31.0338287073438,-17.1585497052963));
#5182=CARTESIAN_POINT('Ctrl Pts',(-31.7354350578066,31.03314133945,-17.2217519619129));
#5183=CARTESIAN_POINT('Ctrl Pts',(-31.6958783818879,31.0324539875861,-17.2849527446071));
#5184=CARTESIAN_POINT('Ctrl Pts',(-31.652783981589,31.0317666357222,-17.3459390752445));
#5185=CARTESIAN_POINT('Ctrl Pts',(-31.6064208625743,31.0310792838583,-17.4043302624061));
#5186=CARTESIAN_POINT('Ctrl Pts',(-31.5597981708836,31.0303880837252,-17.4630483636543));
#5187=CARTESIAN_POINT('Ctrl Pts',(-31.5098702648048,31.0296968835921,-17.519141840333));
#5188=CARTESIAN_POINT('Ctrl Pts',(-31.4569522993374,31.0290056834591,-17.5722566191189));
#5189=CARTESIAN_POINT('Ctrl Pts',(-31.4043214721041,31.0283182338478,-17.6250831917416));
#5190=CARTESIAN_POINT('Ctrl Pts',(-31.3487332565107,31.0276307842366,-17.6749630599519));
#5191=CARTESIAN_POINT('Ctrl Pts',(-31.2905347461506,31.0269433346254,-17.7215847731571));
#5192=CARTESIAN_POINT('Ctrl Pts',(-31.2323399559196,31.0262559289568,-17.7682035062379));
#5193=CARTESIAN_POINT('Ctrl Pts',(-31.1715355083898,31.0255685232883,-17.8115642581967));
#5194=CARTESIAN_POINT('Ctrl Pts',(-31.1085010189349,31.0248811176198,-17.8513963184404));
#5195=CARTESIAN_POINT('Ctrl Pts',(-31.0454699420555,31.0241937491662,-17.891226222247));
#5196=CARTESIAN_POINT('Ctrl Pts',(-30.9802093935211,31.0235063807127,-17.927527609176));
#5197=CARTESIAN_POINT('Ctrl Pts',(-30.91312676508,31.0228190122591,-17.9600738662766));
#5198=CARTESIAN_POINT('Ctrl Pts',(-30.8453926180927,31.0221249679595,-17.9929362184766));
#5199=CARTESIAN_POINT('Ctrl Pts',(-30.7758011506591,31.0214309236599,-18.0219698925357));
#5200=CARTESIAN_POINT('Ctrl Pts',(-30.7047952537414,31.0207368793604,-18.0469901136199));
#5201=CARTESIAN_POINT('Ctrl Pts',(-30.6344684576488,31.0200494729047,-18.0717710411592));
#5202=CARTESIAN_POINT('Ctrl Pts',(-30.5627545578907,31.0193620664489,-18.0926148662703));
#5203=CARTESIAN_POINT('Ctrl Pts',(-30.490101280944,31.0186746599932,-18.109391456128));
#5204=CARTESIAN_POINT('Ctrl Pts',(-30.4163956547561,31.0179772967717,-18.1264110471598));
#5205=CARTESIAN_POINT('Ctrl Pts',(-30.3417236105255,31.0172799335502,-18.1392445066911));
#5206=CARTESIAN_POINT('Ctrl Pts',(-30.2665649199342,31.0165825703287,-18.1478093790916));
#5207=CARTESIAN_POINT('Ctrl Pts',(-30.1914062293429,31.0158852071072,-18.1563742514922));
#5208=CARTESIAN_POINT('Ctrl Pts',(-30.1157613074222,31.0151878438858,-18.1606704894662));
#5209=CARTESIAN_POINT('Ctrl Pts',(-30.0401161766428,31.0144904806643,-18.1606704894662));
#5210=CARTESIAN_POINT('Ctrl Pts',(-28.5102333776748,41.2769291075163,-18.1606704894662));
#5211=CARTESIAN_POINT('Ctrl Pts',(-28.512679808444,41.2777617928441,-18.1606704894662));
#5212=CARTESIAN_POINT('Ctrl Pts',(-28.5151262369253,41.2785944773508,-18.1606654835022));
#5213=CARTESIAN_POINT('Ctrl Pts',(-28.7701904967394,41.3654100424272,-18.1596216374804));
#5214=CARTESIAN_POINT('Ctrl Pts',(-29.0200831125191,41.4504653460721,-18.1052212744149));
#5215=CARTESIAN_POINT('Ctrl Pts',(-29.4793692908822,41.6067913973883,-17.8985930147571));
#5216=CARTESIAN_POINT('Ctrl Pts',(-29.6852024904771,41.676850312371,-17.7507050139879));
#5217=CARTESIAN_POINT('Ctrl Pts',(-30.0315639355703,41.7947404636323,-17.3799622195835));
#5218=CARTESIAN_POINT('Ctrl Pts',(-30.1688006109543,41.8414513566856,-17.1606728014421));
#5219=CARTESIAN_POINT('Ctrl Pts',(-30.355958533135,41.9051538156868,-16.6788987411717));
#5220=CARTESIAN_POINT('Ctrl Pts',(-30.4041013252289,41.9215400535972,-16.4210313104472));
#5221=CARTESIAN_POINT('Ctrl Pts',(-30.404101325229,41.9215400535972,-16.1606704894662));
#5222=CARTESIAN_POINT('Ctrl Pts',(28.61336946779,46.400423244799,-16.1606704894662));
#5223=CARTESIAN_POINT('Ctrl Pts',(28.6230365737663,46.3824929024733,-16.1606704894662));
#5224=CARTESIAN_POINT('Ctrl Pts',(28.6327036797426,46.3645625601477,-16.1606704894662));
#5225=CARTESIAN_POINT('Ctrl Pts',(29.5106887929619,44.7360944668576,-16.1606704894662));
#5226=CARTESIAN_POINT('Ctrl Pts',(30.15023964939,42.9702921166924,-16.1606704894662));
#5227=CARTESIAN_POINT('Ctrl Pts',(30.9448696872275,39.0809450354181,-16.1606704894662));
#5228=CARTESIAN_POINT('Ctrl Pts',(31.0315587948819,36.9843495376249,-16.1606704894662));
#5229=CARTESIAN_POINT('Ctrl Pts',(30.9810365211187,34.9536508302978,-16.1606704894662));
#5230=CARTESIAN_POINT('Ctrl Pts',(30.9808302910582,34.9453615929766,-16.1606704894662));
#5231=CARTESIAN_POINT('Ctrl Pts',(30.9806240609977,34.9370723556553,-16.1606704894662));
#5232=CARTESIAN_POINT('Ctrl Pts',(28.61336946779,46.400423244799,-16.75906909015));
#5233=CARTESIAN_POINT('Ctrl Pts',(28.6230365737663,46.3824929024733,-16.75906909015));
#5234=CARTESIAN_POINT('Ctrl Pts',(28.6327036797426,46.3645625601477,-16.75906909015));
#5235=CARTESIAN_POINT('Ctrl Pts',(29.5106887929619,44.7360944668576,-16.75906909015));
#5236=CARTESIAN_POINT('Ctrl Pts',(30.15023964939,42.9702921166924,-16.75906909015));
#5237=CARTESIAN_POINT('Ctrl Pts',(30.9448696872275,39.0809450354181,-16.75906909015));
#5238=CARTESIAN_POINT('Ctrl Pts',(31.0315587948819,36.9843495376249,-16.75906909015));
#5239=CARTESIAN_POINT('Ctrl Pts',(30.9810365211187,34.9536508302978,-16.75906909015));
#5240=CARTESIAN_POINT('Ctrl Pts',(30.9808302910582,34.9453615929766,-16.75906909015));
#5241=CARTESIAN_POINT('Ctrl Pts',(30.9806240609977,34.9370723556553,-16.75906909015));
#5242=CARTESIAN_POINT('Ctrl Pts',(28.171055927974,46.1619508393931,-17.7947755130254));
#5243=CARTESIAN_POINT('Ctrl Pts',(28.1807230339503,46.1440204970674,-17.7947755130254));
#5244=CARTESIAN_POINT('Ctrl Pts',(28.1903901399266,46.1260901547417,-17.7947755130253));
#5245=CARTESIAN_POINT('Ctrl Pts',(29.0456051650621,44.5402367584512,-17.7947755130254));
#5246=CARTESIAN_POINT('Ctrl Pts',(29.6676689873659,42.822813705623,-17.7947755130253));
#5247=CARTESIAN_POINT('Ctrl Pts',(30.4416473572874,39.0321229836134,-17.7947755130253));
#5248=CARTESIAN_POINT('Ctrl Pts',(30.5283579515377,36.972591411018,-17.7947755130254));
#5249=CARTESIAN_POINT('Ctrl Pts',(30.4786878830923,34.9661488908537,-17.7947755130253));
#5250=CARTESIAN_POINT('Ctrl Pts',(30.4784816530318,34.9578596535325,-17.7947755130253));
#5251=CARTESIAN_POINT('Ctrl Pts',(30.4782754229714,34.9495704162112,-17.7947755130253));
#5252=CARTESIAN_POINT('Ctrl Pts',(27.247973150884,45.6642727209863,-18.1606704894662));
#5253=CARTESIAN_POINT('Ctrl Pts',(27.2576402568603,45.6463423786606,-18.1606704894662));
#5254=CARTESIAN_POINT('Ctrl Pts',(27.2673073628366,45.6284120363349,-18.1606704894662));
#5255=CARTESIAN_POINT('Ctrl Pts',(28.0746542627793,44.1312153838098,-18.1606704894662));
#5256=CARTESIAN_POINT('Ctrl Pts',(28.6601565942448,42.5148996197242,-18.1606704894662));
#5257=CARTESIAN_POINT('Ctrl Pts',(29.3920105015188,38.9312028091522,-18.1606704894662));
#5258=CARTESIAN_POINT('Ctrl Pts',(29.4788264597512,36.9487339875932,-18.1606704894662));
#5259=CARTESIAN_POINT('Ctrl Pts',(29.4303153280724,34.9922316204283,-18.1606704894662));
#5260=CARTESIAN_POINT('Ctrl Pts',(29.4301090980119,34.983942383107,-18.1606704894662));
#5261=CARTESIAN_POINT('Ctrl Pts',(29.4299028679514,34.9756531457858,-18.1606704894662));
#5262=CARTESIAN_POINT('Ctrl Pts',(26.8529318799514,45.4512870589305,-18.1606704894662));
#5263=CARTESIAN_POINT('Ctrl Pts',(26.8625989859277,45.4333567166048,-18.1606704894662));
#5264=CARTESIAN_POINT('Ctrl Pts',(26.872266091904,45.4154263742791,-18.1606704894662));
#5265=CARTESIAN_POINT('Ctrl Pts',(27.6590526056212,43.9561115014774,-18.1606704894662));
#5266=CARTESIAN_POINT('Ctrl Pts',(28.2288937255727,42.3830960847462,-18.1606704894662));
#5267=CARTESIAN_POINT('Ctrl Pts',(28.9429293978744,38.8882212049216,-18.1606704894662));
#5268=CARTESIAN_POINT('Ctrl Pts',(29.0298034477005,36.9386702970552,-18.1606704894662));
#5269=CARTESIAN_POINT('Ctrl Pts',(28.9816552113149,35.003393950499,-18.1606704894662));
#5270=CARTESIAN_POINT('Ctrl Pts',(28.9814489812544,34.9951047131778,-18.1606704894662));
#5271=CARTESIAN_POINT('Ctrl Pts',(28.9812427511939,34.9868154758566,-18.1606704894662));
#5272=CARTESIAN_POINT('Ctrl Pts',(28.9812427990263,34.9868154746665,-18.1606704894662));
#5273=CARTESIAN_POINT('Ctrl Pts',(28.9843949120764,34.986776269618,-18.1606704893908));
#5274=CARTESIAN_POINT('Ctrl Pts',(28.9875469728448,34.9867370658041,-18.1606630376039));
#5275=CARTESIAN_POINT('Ctrl Pts',(29.2568096337551,34.9833880441019,-18.1593899091922));
#5276=CARTESIAN_POINT('Ctrl Pts',(29.5200138988212,34.9801143993006,-18.1050325139981));
#5277=CARTESIAN_POINT('Ctrl Pts',(30.0044583746248,34.974089022392,-17.8987301829631));
#5278=CARTESIAN_POINT('Ctrl Pts',(30.2218455897477,34.971385224596,-17.7508685452503));
#5279=CARTESIAN_POINT('Ctrl Pts',(30.5876948568086,34.9668348997687,-17.3801482415212));
#5280=CARTESIAN_POINT('Ctrl Pts',(30.7326649302432,34.9650318049323,-17.1608395836372));
#5281=CARTESIAN_POINT('Ctrl Pts',(30.9303824467875,34.9625726530211,-16.6790012510195));
#5282=CARTESIAN_POINT('Ctrl Pts',(30.9812427511792,34.9619400676189,-16.4210812802391));
#5283=CARTESIAN_POINT('Ctrl Pts',(30.9812427511792,34.9619400676188,-16.1606704894662));
#5284=CARTESIAN_POINT('Ctrl Pts',(26.8529318799514,45.4512870589305,-18.1606704894662));
#5285=CARTESIAN_POINT('Ctrl Pts',(26.8551158967045,45.4523798309835,-18.1606704894662));
#5286=CARTESIAN_POINT('Ctrl Pts',(26.8572999116276,45.4534726021353,-18.1606660205786));
#5287=CARTESIAN_POINT('Ctrl Pts',(27.0727773516913,45.5612866670683,-18.159784206369));
#5288=CARTESIAN_POINT('Ctrl Pts',(27.2842291059204,45.6670864819099,-18.1162951590151));
#5289=CARTESIAN_POINT('Ctrl Pts',(27.7018778226628,45.8760568778509,-17.9404232563146));
#5290=CARTESIAN_POINT('Ctrl Pts',(27.9018045245448,45.9760901363684,-17.8018802774177));
#5291=CARTESIAN_POINT('Ctrl Pts',(28.242821099527,46.1467176657724,-17.4469864299926));
#5292=CARTESIAN_POINT('Ctrl Pts',(28.3806817137226,46.2156961780442,-17.2340644434073));
#5293=CARTESIAN_POINT('Ctrl Pts',(28.5756214249659,46.3132341974613,-16.7611736018478));
#5294=CARTESIAN_POINT('Ctrl Pts',(28.6308563831117,46.3408709903228,-16.5057458861078));
#5295=CARTESIAN_POINT('Ctrl Pts',(28.641831819582,46.3463625462953,-16.2173481668387));
#5296=CARTESIAN_POINT('Ctrl Pts',(28.6423707857189,46.346632217822,-16.1890109346625));
#5297=CARTESIAN_POINT('Ctrl Pts',(28.6423707857189,46.346632217822,-16.1606704894662));
#5298=CARTESIAN_POINT('Origin',(-30.0401161766428,-11.7717262198142,-16.1606704894662));
#5299=CARTESIAN_POINT('Ctrl Pts',(-32.0401161766428,-26.0434524396279,-16.1606704894662));
#5300=CARTESIAN_POINT('Ctrl Pts',(-32.0399721009039,-26.0484250073113,-16.7002944359587));
#5301=CARTESIAN_POINT('Ctrl Pts',(-31.8064255389718,-26.0466203108836,-17.2345874859419));
#5302=CARTESIAN_POINT('Ctrl Pts',(-31.4192115060057,-26.0403784626323,-17.6079573457252));
#5303=CARTESIAN_POINT('Ctrl Pts',(-31.3770369225235,-26.0396986129168,-17.6486240493582));
#5304=CARTESIAN_POINT('Ctrl Pts',(-31.3330393619722,-26.0389660700237,-17.6873816992405));
#5305=CARTESIAN_POINT('Ctrl Pts',(-31.2873218517189,-26.0381838110078,-17.7240292526769));
#5306=CARTESIAN_POINT('Ctrl Pts',(-30.938227063496,-26.0322105516592,-18.003866668032));
#5307=CARTESIAN_POINT('Ctrl Pts',(-30.4888467537034,-26.0233406785838,-18.1606704894662));
#5308=CARTESIAN_POINT('Ctrl Pts',(-30.0401163526108,-26.0144783315431,-18.1606704894662));
#5309=CARTESIAN_POINT('Origin',(28.9812427511792,18.7309700338099,-16.1606704894662));
#5310=CARTESIAN_POINT('Ctrl Pts',(28.9812427990263,-29.986815474667,-18.1606704894662));
#5311=CARTESIAN_POINT('Ctrl Pts',(28.9843936902418,-29.9867762848152,-18.1606704893908));
#5312=CARTESIAN_POINT('Ctrl Pts',(28.9875445291977,-29.9867370961971,-18.1606630433797));
#5313=CARTESIAN_POINT('Ctrl Pts',(29.2568072034274,-29.9833880743417,-18.1593904084048));
#5314=CARTESIAN_POINT('Ctrl Pts',(29.520012763598,-29.9801144134205,-18.1050329974764));
#5315=CARTESIAN_POINT('Ctrl Pts',(30.0044583748752,-29.9740890223894,-17.8987301828177));
#5316=CARTESIAN_POINT('Ctrl Pts',(30.221845589988,-29.9713852245933,-17.7508685450651));
#5317=CARTESIAN_POINT('Ctrl Pts',(30.5876948570085,-29.9668348997666,-17.3801482412604));
#5318=CARTESIAN_POINT('Ctrl Pts',(30.7326649304132,-29.9650318049303,-17.1608395833425));
#5319=CARTESIAN_POINT('Ctrl Pts',(30.9303824468333,-29.9625726530207,-16.6790012507881));
#5320=CARTESIAN_POINT('Ctrl Pts',(30.9812427511792,-29.961940067619,-16.4210812801217));
#5321=CARTESIAN_POINT('Ctrl Pts',(30.9812427511792,-29.9619400676189,-16.1606704894662));
#5322=CARTESIAN_POINT('Ctrl Pts',(30.9806239653182,-29.9370685098984,-16.1606704894662));
#5323=CARTESIAN_POINT('Ctrl Pts',(30.9808302272718,-29.9453590291386,-16.1606704894662));
#5324=CARTESIAN_POINT('Ctrl Pts',(30.9810364892255,-29.9536495483788,-16.1606704894662));
#5325=CARTESIAN_POINT('Ctrl Pts',(31.0315587948814,-31.9843495376024,-16.1606704894662));
#5326=CARTESIAN_POINT('Ctrl Pts',(30.9448696872292,-34.0809450353717,-16.1606704894662));
#5327=CARTESIAN_POINT('Ctrl Pts',(30.1502396494062,-37.970292116646,-16.1606704894662));
#5328=CARTESIAN_POINT('Ctrl Pts',(29.5106887929737,-39.7360944668354,-16.1606704894662));
#5329=CARTESIAN_POINT('Ctrl Pts',(28.6327036797429,-41.3645625601471,-16.1606704894662));
#5330=CARTESIAN_POINT('Ctrl Pts',(28.6230365737665,-41.3824929024729,-16.1606704894662));
#5331=CARTESIAN_POINT('Ctrl Pts',(28.6133694677901,-41.4004232447987,-16.1606704894662));
#5332=CARTESIAN_POINT('Ctrl Pts',(30.9806239653182,-29.9370685098984,-16.75906909015));
#5333=CARTESIAN_POINT('Ctrl Pts',(30.9808302272718,-29.9453590291386,-16.75906909015));
#5334=CARTESIAN_POINT('Ctrl Pts',(30.9810364892255,-29.9536495483788,-16.75906909015));
#5335=CARTESIAN_POINT('Ctrl Pts',(31.0315587948814,-31.9843495376024,-16.75906909015));
#5336=CARTESIAN_POINT('Ctrl Pts',(30.9448696872292,-34.0809450353717,-16.75906909015));
#5337=CARTESIAN_POINT('Ctrl Pts',(30.1502396494062,-37.970292116646,-16.75906909015));
#5338=CARTESIAN_POINT('Ctrl Pts',(29.5106887929737,-39.7360944668354,-16.75906909015));
#5339=CARTESIAN_POINT('Ctrl Pts',(28.6327036797429,-41.3645625601471,-16.75906909015));
#5340=CARTESIAN_POINT('Ctrl Pts',(28.6230365737665,-41.3824929024729,-16.75906909015));
#5341=CARTESIAN_POINT('Ctrl Pts',(28.6133694677901,-41.4004232447987,-16.75906909015));
#5342=CARTESIAN_POINT('Ctrl Pts',(30.4782857431836,-29.9495663113147,-17.7947880144938));
#5343=CARTESIAN_POINT('Ctrl Pts',(30.4784920051373,-29.9578568305549,-17.7947880144938));
#5344=CARTESIAN_POINT('Ctrl Pts',(30.4786982670909,-29.9661473497951,-17.7947880144939));
#5345=CARTESIAN_POINT('Ctrl Pts',(30.5283707302325,-31.9725942328646,-17.7947880144938));
#5346=CARTESIAN_POINT('Ctrl Pts',(30.4416599073442,-34.0321276622223,-17.7947880144938));
#5347=CARTESIAN_POINT('Ctrl Pts',(29.6676774211144,-37.8228162518133,-17.7947880144938));
#5348=CARTESIAN_POINT('Ctrl Pts',(29.0456134900609,-39.5402397684266,-17.7947880144938));
#5349=CARTESIAN_POINT('Ctrl Pts',(28.1903993110277,-41.1260950993207,-17.7947880144938));
#5350=CARTESIAN_POINT('Ctrl Pts',(28.1807322050513,-41.1440254416465,-17.7947880144938));
#5351=CARTESIAN_POINT('Ctrl Pts',(28.171065099075,-41.1619557839723,-17.7947880144938));
#5352=CARTESIAN_POINT('Ctrl Pts',(29.4299027722718,-29.9756493000289,-18.1606704894662));
#5353=CARTESIAN_POINT('Ctrl Pts',(29.4301090342255,-29.9839398192691,-18.1606704894662));
#5354=CARTESIAN_POINT('Ctrl Pts',(29.4303152961792,-29.9922303385093,-18.1606704894662));
#5355=CARTESIAN_POINT('Ctrl Pts',(29.4788264597507,-31.9487339875715,-18.1606704894662));
#5356=CARTESIAN_POINT('Ctrl Pts',(29.3920105015205,-33.9312028091085,-18.1606704894662));
#5357=CARTESIAN_POINT('Ctrl Pts',(28.6601565942597,-37.5148996196816,-18.1606704894662));
#5358=CARTESIAN_POINT('Ctrl Pts',(28.0746542627899,-39.1312153837898,-18.1606704894662));
#5359=CARTESIAN_POINT('Ctrl Pts',(27.2673073628369,-40.6284120363345,-18.1606704894662));
#5360=CARTESIAN_POINT('Ctrl Pts',(27.2576402568605,-40.6463423786603,-18.1606704894662));
#5361=CARTESIAN_POINT('Ctrl Pts',(27.2479731508842,-40.664272720986,-18.1606704894662));
#5362=CARTESIAN_POINT('Ctrl Pts',(28.9812426555144,-29.9868116300997,-18.1606704894662));
#5363=CARTESIAN_POINT('Ctrl Pts',(28.9814489174681,-29.9951021493399,-18.1606704894662));
#5364=CARTESIAN_POINT('Ctrl Pts',(28.9816551794217,-30.0033926685801,-18.1606704894662));
#5365=CARTESIAN_POINT('Ctrl Pts',(29.0298034477,-31.9386702970337,-18.1606704894662));
#5366=CARTESIAN_POINT('Ctrl Pts',(28.9429293978762,-33.8882212048786,-18.1606704894662));
#5367=CARTESIAN_POINT('Ctrl Pts',(28.2288937255872,-37.3830960847046,-18.1606704894662));
#5368=CARTESIAN_POINT('Ctrl Pts',(27.6590526056315,-38.9561115014581,-18.1606704894662));
#5369=CARTESIAN_POINT('Ctrl Pts',(26.8722660919042,-40.4154263742787,-18.1606704894662));
#5370=CARTESIAN_POINT('Ctrl Pts',(26.8625989859279,-40.4333567166045,-18.1606704894662));
#5371=CARTESIAN_POINT('Ctrl Pts',(26.8529318799515,-40.4512870589303,-18.1606704894662));
#5372=CARTESIAN_POINT('Ctrl Pts',(26.8529318799515,-40.4512870589303,-18.1606704894662));
#5373=CARTESIAN_POINT('Ctrl Pts',(26.8551154151813,-40.4523795900533,-18.1606704894662));
#5374=CARTESIAN_POINT('Ctrl Pts',(26.8572989485851,-40.4534721202775,-18.1606660225489));
#5375=CARTESIAN_POINT('Ctrl Pts',(27.0983716855865,-40.5740927834309,-18.1596796803333));
#5376=CARTESIAN_POINT('Ctrl Pts',(27.3346930944689,-40.6923361217259,-18.1052453461008));
#5377=CARTESIAN_POINT('Ctrl Pts',(27.7688144790041,-40.9095486114957,-17.8984696462772));
#5378=CARTESIAN_POINT('Ctrl Pts',(27.9632824841359,-41.0068506129174,-17.7505579520037));
#5379=CARTESIAN_POINT('Ctrl Pts',(28.2904827668178,-41.1705651650831,-17.3797949599687));
#5380=CARTESIAN_POINT('Ctrl Pts',(28.4201177988084,-41.2354280100458,-17.1605228479405));
#5381=CARTESIAN_POINT('Ctrl Pts',(28.5968983780973,-41.3238801138541,-16.6788065834053));
#5382=CARTESIAN_POINT('Ctrl Pts',(28.6423707857192,-41.3466322178214,-16.4209863859397));
#5383=CARTESIAN_POINT('Ctrl Pts',(28.6423707857192,-41.3466322178215,-16.1606704894662));
#5384=CARTESIAN_POINT('Ctrl Pts',(22.9167825732915,-53.7194875084652,-16.1606704894662));
#5385=CARTESIAN_POINT('Ctrl Pts',(22.9141604353174,-53.725458018124,-16.1606704894662));
#5386=CARTESIAN_POINT('Ctrl Pts',(22.9115382973433,-53.7314285277829,-16.1606704894662));
#5387=CARTESIAN_POINT('Ctrl Pts',(22.5779062979103,-54.4910960566456,-16.1606704894662));
#5388=CARTESIAN_POINT('Ctrl Pts',(21.8618796795005,-55.8111532817341,-16.1606704894662));
#5389=CARTESIAN_POINT('Ctrl Pts',(20.8469138186736,-56.9936679208296,-16.1606704894662));
#5390=CARTESIAN_POINT('Ctrl Pts',(19.9089967743948,-57.868333402831,-16.1606704894662));
#5391=CARTESIAN_POINT('Ctrl Pts',(19.3882371819736,-58.2606719983345,-16.1606704894662));
#5392=CARTESIAN_POINT('Ctrl Pts',(18.6613563178665,-58.7035842275865,-16.1606704894662));
#5393=CARTESIAN_POINT('Ctrl Pts',(17.8777244173006,-59.1378709310989,-16.1606704894662));
#5394=CARTESIAN_POINT('Ctrl Pts',(17.1040475204032,-59.4474204087323,-16.1606704894662));
#5395=CARTESIAN_POINT('Ctrl Pts',(15.4605239131502,-59.9335963406952,-16.1606704894662));
#5396=CARTESIAN_POINT('Ctrl Pts',(13.9436845049328,-60.1503641284881,-16.1606704894662));
#5397=CARTESIAN_POINT('Ctrl Pts',(12.1422556214665,-60.1229115142821,-16.1606704894662));
#5398=CARTESIAN_POINT('Ctrl Pts',(11.3909565231499,-60.059574204774,-16.1606704894662));
#5399=CARTESIAN_POINT('Ctrl Pts',(11.0573549706015,-60.0232144849351,-16.1606704894662));
#5400=CARTESIAN_POINT('Ctrl Pts',(11.0564227351622,-60.0231128792347,-16.1606704894662));
#5401=CARTESIAN_POINT('Ctrl Pts',(11.0554905069901,-60.0230112743264,-16.1606704894662));
#5402=CARTESIAN_POINT('Ctrl Pts',(22.9167825732915,-53.7194875084652,-16.75906909015));
#5403=CARTESIAN_POINT('Ctrl Pts',(22.9141604353174,-53.725458018124,-16.75906909015));
#5404=CARTESIAN_POINT('Ctrl Pts',(22.9115382973433,-53.7314285277829,-16.75906909015));
#5405=CARTESIAN_POINT('Ctrl Pts',(22.5779062979103,-54.4910960566456,-16.75906909015));
#5406=CARTESIAN_POINT('Ctrl Pts',(21.8618796795005,-55.8111532817341,-16.75906909015));
#5407=CARTESIAN_POINT('Ctrl Pts',(20.8469138186736,-56.9936679208296,-16.75906909015));
#5408=CARTESIAN_POINT('Ctrl Pts',(19.9089967743948,-57.868333402831,-16.75906909015));
#5409=CARTESIAN_POINT('Ctrl Pts',(19.3882371819736,-58.2606719983345,-16.75906909015));
#5410=CARTESIAN_POINT('Ctrl Pts',(18.6613563178665,-58.7035842275865,-16.75906909015));
#5411=CARTESIAN_POINT('Ctrl Pts',(17.8777244173006,-59.1378709310989,-16.75906909015));
#5412=CARTESIAN_POINT('Ctrl Pts',(17.1040475204032,-59.4474204087323,-16.75906909015));
#5413=CARTESIAN_POINT('Ctrl Pts',(15.4605239131502,-59.9335963406952,-16.75906909015));
#5414=CARTESIAN_POINT('Ctrl Pts',(13.9436845049328,-60.1503641284881,-16.75906909015));
#5415=CARTESIAN_POINT('Ctrl Pts',(12.1422556214665,-60.1229115142821,-16.75906909015));
#5416=CARTESIAN_POINT('Ctrl Pts',(11.3909565231499,-60.059574204774,-16.75906909015));
#5417=CARTESIAN_POINT('Ctrl Pts',(11.0573549706015,-60.0232144849351,-16.75906909015));
#5418=CARTESIAN_POINT('Ctrl Pts',(11.0564227351622,-60.0231128792347,-16.75906909015));
#5419=CARTESIAN_POINT('Ctrl Pts',(11.0554905069901,-60.0230112743264,-16.75906909015));
#5420=CARTESIAN_POINT('Ctrl Pts',(22.4566894420361,-53.5174230717558,-17.7947691014873));
#5421=CARTESIAN_POINT('Ctrl Pts',(22.454067304062,-53.5233935814146,-17.7947691014873));
#5422=CARTESIAN_POINT('Ctrl Pts',(22.451445166088,-53.5293640910734,-17.7947691014873));
#5423=CARTESIAN_POINT('Ctrl Pts',(22.1294594704774,-54.2623549950753,-17.7947691014873));
#5424=CARTESIAN_POINT('Ctrl Pts',(21.4414710462984,-55.5290029716228,-17.7947691014873));
#5425=CARTESIAN_POINT('Ctrl Pts',(20.4776460812634,-56.6509937046646,-17.7947691014873));
#5426=CARTESIAN_POINT('Ctrl Pts',(19.5916874121453,-57.4770681145092,-17.7947691014873));
#5427=CARTESIAN_POINT('Ctrl Pts',(19.0994122432759,-57.8481286389027,-17.7947691014873));
#5428=CARTESIAN_POINT('Ctrl Pts',(18.4104005400559,-58.267992532575,-17.7947691014873));
#5429=CARTESIAN_POINT('Ctrl Pts',(17.6668058584141,-58.6801332046961,-17.7947691014873));
#5430=CARTESIAN_POINT('Ctrl Pts',(16.9310833139153,-58.9744509773454,-17.7947691014873));
#5431=CARTESIAN_POINT('Ctrl Pts',(15.361974398195,-59.4389599922029,-17.7947691014873));
#5432=CARTESIAN_POINT('Ctrl Pts',(13.9096260415021,-59.6468825039722,-17.7947691014874));
#5433=CARTESIAN_POINT('Ctrl Pts',(12.16737027989,-59.6204113530368,-17.794769101487));
#5434=CARTESIAN_POINT('Ctrl Pts',(11.4369191854492,-59.5590294435628,-17.7947691014871));
#5435=CARTESIAN_POINT('Ctrl Pts',(11.1118017704872,-59.5236634144796,-17.7947691014873));
#5436=CARTESIAN_POINT('Ctrl Pts',(11.1108695350257,-59.5235618087767,-17.7947691014873));
#5437=CARTESIAN_POINT('Ctrl Pts',(11.1099373068592,-59.5234602038691,-17.7947691014873));
#5438=CARTESIAN_POINT('Ctrl Pts',(21.4965167888258,-53.0957329113629,-18.1606704894662));
#5439=CARTESIAN_POINT('Ctrl Pts',(21.4938946508517,-53.1017034210217,-18.1606704894662));
#5440=CARTESIAN_POINT('Ctrl Pts',(21.4912725128777,-53.1076739306805,-18.1606704894662));
#5441=CARTESIAN_POINT('Ctrl Pts',(21.193555673364,-53.7854592638305,-18.1606704894662));
#5442=CARTESIAN_POINT('Ctrl Pts',(20.5641310863756,-54.9400658519001,-18.1606704894662));
#5443=CARTESIAN_POINT('Ctrl Pts',(19.7068674359433,-55.9358298344054,-18.1606704894662));
#5444=CARTESIAN_POINT('Ctrl Pts',(18.9297012700683,-56.6604948578014,-18.1606704894662));
#5445=CARTESIAN_POINT('Ctrl Pts',(18.4967436931026,-56.987234037367,-18.1606704894662));
#5446=CARTESIAN_POINT('Ctrl Pts',(17.886718308935,-57.3590069830591,-18.1606704894662));
#5447=CARTESIAN_POINT('Ctrl Pts',(17.2267113654086,-57.7248842155078,-18.1606704894662));
#5448=CARTESIAN_POINT('Ctrl Pts',(16.5701293795856,-57.9876471629239,-18.1606704894662));
#5449=CARTESIAN_POINT('Ctrl Pts',(15.1578660771916,-58.4056419193732,-18.1606704894662));
#5450=CARTESIAN_POINT('Ctrl Pts',(13.838436605172,-58.5961943634446,-18.1606704894663));
#5451=CARTESIAN_POINT('Ctrl Pts',(12.2194929164713,-58.5720753893658,-18.1606704894657));
#5452=CARTESIAN_POINT('Ctrl Pts',(11.5327327621069,-58.5145936835086,-18.1606704894659));
#5453=CARTESIAN_POINT('Ctrl Pts',(11.2254273057014,-58.4811456193833,-18.1606704894662));
#5454=CARTESIAN_POINT('Ctrl Pts',(11.224495070236,-58.48104401368,-18.1606704894662));
#5455=CARTESIAN_POINT('Ctrl Pts',(11.2235628420775,-58.4809424087732,-18.1606704894662));
#5456=CARTESIAN_POINT('Ctrl Pts',(21.0856004903046,-52.9152660346484,-18.1606704894662));
#5457=CARTESIAN_POINT('Ctrl Pts',(21.0829783523305,-52.9212365443073,-18.1606704894662));
#5458=CARTESIAN_POINT('Ctrl Pts',(21.0803562143565,-52.9272070539661,-18.1606704894662));
#5459=CARTESIAN_POINT('Ctrl Pts',(20.7930178542393,-53.5814657052605,-18.1606704894662));
#5460=CARTESIAN_POINT('Ctrl Pts',(20.1886670729687,-54.6879993655403,-18.1606704894662));
#5461=CARTESIAN_POINT('Ctrl Pts',(19.3769723776988,-55.629760502192,-18.1606704894662));
#5462=CARTESIAN_POINT('Ctrl Pts',(18.6464417299468,-56.3110253806058,-18.1606704894662));
#5463=CARTESIAN_POINT('Ctrl Pts',(18.2388427867083,-56.618814638945,-18.1606704894662));
#5464=CARTESIAN_POINT('Ctrl Pts',(17.6626112688917,-56.9700084219137,-18.1606704894662));
#5465=CARTESIAN_POINT('Ctrl Pts',(17.0383837702378,-57.31607678532,-18.1606704894662));
#5466=CARTESIAN_POINT('Ctrl Pts',(16.4156566509862,-57.5653849243801,-18.1606704894662));
#5467=CARTESIAN_POINT('Ctrl Pts',(15.0708465658131,-57.9631974617765,-18.1606704894662));
#5468=CARTESIAN_POINT('Ctrl Pts',(13.8079463839445,-58.1465478642634,-18.1606704894663));
#5469=CARTESIAN_POINT('Ctrl Pts',(12.2417378158425,-58.1235001775274,-18.1606704894657));
#5470=CARTESIAN_POINT('Ctrl Pts',(11.5737146052313,-58.0676492071437,-18.1606704894659));
#5471=CARTESIAN_POINT('Ctrl Pts',(11.2740545855804,-58.034988824486,-18.1606704894662));
#5472=CARTESIAN_POINT('Ctrl Pts',(11.2731223501223,-58.0348872187836,-18.1606704894662));
#5473=CARTESIAN_POINT('Ctrl Pts',(11.2721901219664,-58.0347856138771,-18.1606704894662));
#5474=CARTESIAN_POINT('Ctrl Pts',(11.0554905069901,-60.0230112743264,-16.1606704894662));
#5475=CARTESIAN_POINT('Ctrl Pts',(11.0558456421646,-60.0230499810271,-16.7590691037961));
#5476=CARTESIAN_POINT('Ctrl Pts',(11.0873091928148,-59.7376304978208,-17.3508976652208));
#5477=CARTESIAN_POINT('Ctrl Pts',(11.1381011751796,-59.2749162582292,-17.7240164913981));
#5478=CARTESIAN_POINT('Ctrl Pts',(11.1761951599261,-58.9278805970014,-18.0038555961407));
#5479=CARTESIAN_POINT('Ctrl Pts',(11.2251609587359,-58.4811165761121,-18.1606704894662));
#5480=CARTESIAN_POINT('Ctrl Pts',(11.2740545912945,-58.0349888251088,-18.1606704894662));
#5481=CARTESIAN_POINT('Ctrl Pts',(21.0855997547913,-52.9152677548876,-18.1606704894662));
#5482=CARTESIAN_POINT('Ctrl Pts',(21.0887097687561,-52.9166700566292,-18.160670489435));
#5483=CARTESIAN_POINT('Ctrl Pts',(21.0918197606924,-52.9180723490773,-18.1606617613235));
#5484=CARTESIAN_POINT('Ctrl Pts',(21.3372808343152,-53.0287504539742,-18.1592839946455));
#5485=CARTESIAN_POINT('Ctrl Pts',(21.5769710171523,-53.1368264953884,-18.1049351626388));
#5486=CARTESIAN_POINT('Ctrl Pts',(22.0183923989009,-53.3358628918215,-17.8987499332735));
#5487=CARTESIAN_POINT('Ctrl Pts',(22.2165777522,-53.4252244410742,-17.7508920930114));
#5488=CARTESIAN_POINT('Ctrl Pts',(22.5501174519874,-53.5756171104325,-17.3801750302442));
#5489=CARTESIAN_POINT('Ctrl Pts',(22.6822862131185,-53.6352118537414,-17.1608636021585));
#5490=CARTESIAN_POINT('Ctrl Pts',(22.8625463718945,-53.7164909532743,-16.6790160142608));
#5491=CARTESIAN_POINT('Ctrl Pts',(22.9089161593695,-53.7373990374411,-16.4210884766769));
#5492=CARTESIAN_POINT('Ctrl Pts',(22.9089161593695,-53.737399037441,-16.1606704894662));
#5493=CARTESIAN_POINT('Origin',(-30.3367046062912,-31.3015468336132,-16.1606704894662));
#5494=CARTESIAN_POINT('',(-23.1904609738862,-51.4658078378447,-18.1461694481169));
#5495=CARTESIAN_POINT('',(-23.8057216412449,-49.7229532179552,-18.1488237502532));
#5496=CARTESIAN_POINT('Ctrl Pts',(-23.190460973886,-51.4658078378446,-18.1461694481169));
#5497=CARTESIAN_POINT('Ctrl Pts',(-23.194178995284,-51.4608290277145,-18.1459545921476));
#5498=CARTESIAN_POINT('Ctrl Pts',(-23.1978811615341,-51.4558367177551,-18.1457396894605));
#5499=CARTESIAN_POINT('Ctrl Pts',(-23.3786797749666,-51.2103312630722,-18.1352043271576));
#5500=CARTESIAN_POINT('Ctrl Pts',(-23.5179875252068,-50.9386192695138,-18.1268608684353));
#5501=CARTESIAN_POINT('Ctrl Pts',(-23.7106398915155,-50.4138263500635,-18.1268608684353));
#5502=CARTESIAN_POINT('Ctrl Pts',(-23.780220665689,-50.116517465928,-18.1352043271576));
#5503=CARTESIAN_POINT('Ctrl Pts',(-23.802980846238,-49.7866755695952,-18.146628801522));
#5504=CARTESIAN_POINT('Ctrl Pts',(-23.8046335589097,-49.7547968943741,-18.1477356679179));
#5505=CARTESIAN_POINT('Ctrl Pts',(-23.8057216412449,-49.7229532179552,-18.1488237502532));
#5506=CARTESIAN_POINT('Ctrl Pts',(-23.1904609738874,-51.465807837842,-18.1461694481168));
#5507=CARTESIAN_POINT('Ctrl Pts',(-23.3637263274957,-51.535967863724,-18.1235481276137));
#5508=CARTESIAN_POINT('Ctrl Pts',(-23.533537871281,-51.604729344645,-18.0746189427043));
#5509=CARTESIAN_POINT('Ctrl Pts',(-23.9169220263097,-51.7599723962908,-17.8984191928573));
#5510=CARTESIAN_POINT('Ctrl Pts',(-24.1184856861705,-51.8415912040777,-17.7504978162262));
#5511=CARTESIAN_POINT('Ctrl Pts',(-24.457609181941,-51.978911867119,-17.3797265778213));
#5512=CARTESIAN_POINT('Ctrl Pts',(-24.5919640900053,-52.0333159567454,-17.1604615449373));
#5513=CARTESIAN_POINT('Ctrl Pts',(-24.7751766096311,-52.1075038705475,-16.678768912332));
#5514=CARTESIAN_POINT('Ctrl Pts',(-24.8223030456817,-52.1265866929582,-16.4209680219712));
#5515=CARTESIAN_POINT('Ctrl Pts',(-24.8223030456817,-52.1265866929583,-16.1606704894662));
#5516=CARTESIAN_POINT('Ctrl Pts',(-28.5102333776746,-36.2769291075171,-18.1606704894662));
#5517=CARTESIAN_POINT('Ctrl Pts',(-28.5126842395914,-36.2777633010632,-18.1606704894662));
#5518=CARTESIAN_POINT('Ctrl Pts',(-28.5151350992026,-36.2785974938342,-18.1606654653514));
#5519=CARTESIAN_POINT('Ctrl Pts',(-28.770199308462,-36.3654130402881,-18.1596197288319));
#5520=CARTESIAN_POINT('Ctrl Pts',(-29.0200872305979,-36.4504667477315,-18.1052194220219));
#5521=CARTESIAN_POINT('Ctrl Pts',(-29.4793692922414,-36.6067913978499,-17.8985930138632));
#5522=CARTESIAN_POINT('Ctrl Pts',(-29.6852024914684,-36.6768503127058,-17.7507050131182));
#5523=CARTESIAN_POINT('Ctrl Pts',(-30.0315639359781,-36.7947404637689,-17.3799622189572));
#5524=CARTESIAN_POINT('Ctrl Pts',(-30.168800611148,-36.8414513567507,-17.1606728010114));
#5525=CARTESIAN_POINT('Ctrl Pts',(-30.3559585331597,-36.9051538156944,-16.6788987410414));
#5526=CARTESIAN_POINT('Ctrl Pts',(-30.4041013252294,-36.9215400535959,-16.4210313103811));
#5527=CARTESIAN_POINT('Ctrl Pts',(-30.4041013252294,-36.9215400535958,-16.1606704894662));
#5528=CARTESIAN_POINT('Ctrl Pts',(-23.805721641245,-49.7229532179552,-18.1488237502532));
#5529=CARTESIAN_POINT('Ctrl Pts',(-23.8118448313465,-49.5437527310778,-18.1549469403547));
#5530=CARTESIAN_POINT('Ctrl Pts',(-23.8000375736639,-49.3656655310765,-18.1606704894662));
#5531=CARTESIAN_POINT('Ctrl Pts',(-23.7675648383595,-49.1961520395876,-18.1606704894662));
#5532=CARTESIAN_POINT('Ctrl Pts',(-30.4041013252294,-36.9215400535956,-16.1606704894662));
#5533=CARTESIAN_POINT('Ctrl Pts',(-30.4112217136344,-36.8988681467702,-16.1606704894662));
#5534=CARTESIAN_POINT('Ctrl Pts',(-30.4183424290531,-36.8761951987058,-16.1606704894662));
#5535=CARTESIAN_POINT('Ctrl Pts',(-30.7774603349091,-35.732734022454,-16.1606704894662));
#5536=CARTESIAN_POINT('Ctrl Pts',(-31.0680791862993,-34.5880969093449,-16.1606704894662));
#5537=CARTESIAN_POINT('Ctrl Pts',(-31.7847105581898,-30.9612958794901,-16.1606704894662));
#5538=CARTESIAN_POINT('Ctrl Pts',(-31.9686623083352,-28.5095803190125,-16.1606704894662));
#5539=CARTESIAN_POINT('Ctrl Pts',(-32.039277214774,-26.0724080063934,-16.1606704894662));
#5540=CARTESIAN_POINT('Ctrl Pts',(-32.0396967003219,-26.0579300637833,-16.1606704894662));
#5541=CARTESIAN_POINT('Ctrl Pts',(-32.0401161766428,-26.0434524396279,-16.1606704894662));
#5542=CARTESIAN_POINT('Ctrl Pts',(-30.4041013252294,-36.9215400535956,-16.75906909015));
#5543=CARTESIAN_POINT('Ctrl Pts',(-30.4112217136344,-36.8988681467702,-16.75906909015));
#5544=CARTESIAN_POINT('Ctrl Pts',(-30.4183424290531,-36.8761951987058,-16.75906909015));
#5545=CARTESIAN_POINT('Ctrl Pts',(-30.7774603349091,-35.732734022454,-16.75906909015));
#5546=CARTESIAN_POINT('Ctrl Pts',(-31.0680791862993,-34.5880969093449,-16.75906909015));
#5547=CARTESIAN_POINT('Ctrl Pts',(-31.7847105581898,-30.9612958794901,-16.75906909015));
#5548=CARTESIAN_POINT('Ctrl Pts',(-31.9686623083352,-28.5095803190125,-16.75906909015));
#5549=CARTESIAN_POINT('Ctrl Pts',(-32.039277214774,-26.0724080063934,-16.75906909015));
#5550=CARTESIAN_POINT('Ctrl Pts',(-32.0396967003219,-26.0579300637833,-16.75906909015));
#5551=CARTESIAN_POINT('Ctrl Pts',(-32.0401161766428,-26.0434524396279,-16.75906909015));
#5552=CARTESIAN_POINT('Ctrl Pts',(-29.9247005604134,-36.7709784059402,-17.7947951557649));
#5553=CARTESIAN_POINT('Ctrl Pts',(-29.9318209488181,-36.7483064991156,-17.7947951557649));
#5554=CARTESIAN_POINT('Ctrl Pts',(-29.9389416642371,-36.7256335510504,-17.7947951557649));
#5555=CARTESIAN_POINT('Ctrl Pts',(-30.2925876277402,-35.5996542175853,-17.7947951557649));
#5556=CARTESIAN_POINT('Ctrl Pts',(-30.5785732541977,-34.4733212028765,-17.7947951557649));
#5557=CARTESIAN_POINT('Ctrl Pts',(-31.2831907332831,-30.9054451136834,-17.7947951557649));
#5558=CARTESIAN_POINT('Ctrl Pts',(-31.4666025002377,-28.4776248667751,-17.7947951557649));
#5559=CARTESIAN_POINT('Ctrl Pts',(-31.5370002867646,-26.0578549778289,-17.7947951557649));
#5560=CARTESIAN_POINT('Ctrl Pts',(-31.5374197723125,-26.0433770352205,-17.7947951557649));
#5561=CARTESIAN_POINT('Ctrl Pts',(-31.5378392486334,-26.0288994110658,-17.7947951557649));
#5562=CARTESIAN_POINT('Ctrl Pts',(-28.9241706755784,-36.456749812569,-18.1606704894662));
#5563=CARTESIAN_POINT('Ctrl Pts',(-28.931291063983,-36.4340779057448,-18.1606704894662));
#5564=CARTESIAN_POINT('Ctrl Pts',(-28.9384117794021,-36.4114049576791,-18.1606704894662));
#5565=CARTESIAN_POINT('Ctrl Pts',(-29.2805800214985,-35.3219524889197,-18.1606704894662));
#5566=CARTESIAN_POINT('Ctrl Pts',(-29.5568987853138,-34.233832663222,-18.1606704894662));
#5567=CARTESIAN_POINT('Ctrl Pts',(-30.2375341725667,-30.7879394567406,-18.1606704894662));
#5568=CARTESIAN_POINT('Ctrl Pts',(-30.4194972313778,-28.4101666854592,-18.1606704894662));
#5569=CARTESIAN_POINT('Ctrl Pts',(-30.488726871662,-26.0274821852497,-18.1606704894662));
#5570=CARTESIAN_POINT('Ctrl Pts',(-30.4891463572099,-26.0130042426411,-18.1606704894662));
#5571=CARTESIAN_POINT('Ctrl Pts',(-30.4895658335307,-25.9985266184882,-18.1606704894662));
#5572=CARTESIAN_POINT('Ctrl Pts',(-28.4959919281396,-36.3222750631803,-18.1606704894662));
#5573=CARTESIAN_POINT('Ctrl Pts',(-28.5031123165442,-36.299603156356,-18.1606704894662));
#5574=CARTESIAN_POINT('Ctrl Pts',(-28.5102330319633,-36.2769302082904,-18.1606704894662));
#5575=CARTESIAN_POINT('Ctrl Pts',(-28.847476619354,-35.2031186749949,-18.1606704894662));
#5576=CARTESIAN_POINT('Ctrl Pts',(-29.1196590668874,-34.1313548616529,-18.1606704894662));
#5577=CARTESIAN_POINT('Ctrl Pts',(-29.7902729263689,-30.7374439451015,-18.1606704894662));
#5578=CARTESIAN_POINT('Ctrl Pts',(-29.9715447695306,-28.3811282662917,-18.1606704894662));
#5579=CARTESIAN_POINT('Ctrl Pts',(-30.0401161858092,-26.014484088462,-18.1606704894662));
#5580=CARTESIAN_POINT('Ctrl Pts',(-30.0405356713571,-26.0000061458525,-18.1606704894662));
#5581=CARTESIAN_POINT('Ctrl Pts',(-30.0409551476779,-25.9855285217005,-18.1606704894662));
#5582=CARTESIAN_POINT('Origin',(-33.1276037460648,28.6990235139337,-16.1606704894662));
#5583=CARTESIAN_POINT('',(-23.8057216412449,54.7229532179552,-18.1488237502531));
#5584=CARTESIAN_POINT('Ctrl Pts',(-23.7675648383594,54.1961520395871,-18.1606704894662));
#5585=CARTESIAN_POINT('Ctrl Pts',(-23.8000375736639,54.3656655310761,-18.1606704894662));
#5586=CARTESIAN_POINT('Ctrl Pts',(-23.8118448313464,54.5437527310776,-18.1549469403546));
#5587=CARTESIAN_POINT('Ctrl Pts',(-23.8057216412449,54.7229532179552,-18.1488237502531));
#5588=CARTESIAN_POINT('',(-23.1904609738839,56.4658078378474,-18.146169448117));
#5589=CARTESIAN_POINT('Ctrl Pts',(-23.1904609738843,56.4658078378462,-18.146169448117));
#5590=CARTESIAN_POINT('Ctrl Pts',(-23.363726337532,56.5359678677926,-18.1235481263033));
#5591=CARTESIAN_POINT('Ctrl Pts',(-23.5335378815701,56.6047293488159,-18.0746189382364));
#5592=CARTESIAN_POINT('Ctrl Pts',(-23.9169220280059,56.7599723969823,-17.8984191917164));
#5593=CARTESIAN_POINT('Ctrl Pts',(-24.1184856874066,56.8415912045828,-17.7504978151161));
#5594=CARTESIAN_POINT('Ctrl Pts',(-24.4576091824484,56.9789118673291,-17.3797265770215));
#5595=CARTESIAN_POINT('Ctrl Pts',(-24.5919640902454,57.0333159568474,-17.1604615443872));
#5596=CARTESIAN_POINT('Ctrl Pts',(-24.7751766096599,57.1075038705638,-16.6787689121655));
#5597=CARTESIAN_POINT('Ctrl Pts',(-24.8223030456799,57.1265866929623,-16.4209680218867));
#5598=CARTESIAN_POINT('Ctrl Pts',(-24.8223030456799,57.1265866929623,-16.1606704894662));
#5599=CARTESIAN_POINT('Ctrl Pts',(-23.8057216412449,54.7229532179552,-18.1488237502531));
#5600=CARTESIAN_POINT('Ctrl Pts',(-23.8046335589096,54.754796894374,-18.1477356679178));
#5601=CARTESIAN_POINT('Ctrl Pts',(-23.802980846238,54.7866755695951,-18.146628801522));
#5602=CARTESIAN_POINT('Ctrl Pts',(-23.7802206656889,55.116517465928,-18.1352043271576));
#5603=CARTESIAN_POINT('Ctrl Pts',(-23.7106398915154,55.4138263500635,-18.1268608684353));
#5604=CARTESIAN_POINT('Ctrl Pts',(-23.5179875252068,55.9386192695139,-18.1268608684353));
#5605=CARTESIAN_POINT('Ctrl Pts',(-23.3786797749665,56.2103312630723,-18.1352043271576));
#5606=CARTESIAN_POINT('Ctrl Pts',(-23.1978811615333,56.4558367177561,-18.1457396894605));
#5607=CARTESIAN_POINT('Ctrl Pts',(-23.1941789952826,56.4608290277164,-18.1459545921476));
#5608=CARTESIAN_POINT('Ctrl Pts',(-23.1904609738839,56.4658078378474,-18.146169448117));
#5609=CARTESIAN_POINT('Origin',(20.2011376160128,54.1116333278355,-15.1606704894662));
#5610=CARTESIAN_POINT('',(18.6011376160128,54.1116333278355,-16.9606704894662));
#5611=CARTESIAN_POINT('Origin',(20.2011376160128,54.1116333278355,-16.9606704894662));
#5612=CARTESIAN_POINT('',(18.6011376160128,54.1116333278355,-15.1606704894662));
#5613=CARTESIAN_POINT('',(18.6011376160128,54.1116333278355,-15.1606704894662));
#5614=CARTESIAN_POINT('Origin',(20.2011376160128,54.1116333278355,-15.1606704894662));
#5615=CARTESIAN_POINT('Origin',(29.746054321135,39.1988602263242,-16.1606704894662));
#5616=CARTESIAN_POINT('Ctrl Pts',(21.7736111272836,56.4283825711399,-18.1606704894662));
#5617=CARTESIAN_POINT('Ctrl Pts',(21.9417953781012,56.3142289655273,-18.1606704894662));
#5618=CARTESIAN_POINT('Ctrl Pts',(22.0980950193918,56.1713774865919,-18.1528410744927));
#5619=CARTESIAN_POINT('Ctrl Pts',(22.4332356946306,55.7864105171371,-18.1352043271576));
#5620=CARTESIAN_POINT('Ctrl Pts',(22.5942148443905,55.5269499805173,-18.1268608684353));
#5621=CARTESIAN_POINT('Ctrl Pts',(22.8289779799958,55.0195952597249,-18.1268608684353));
#5622=CARTESIAN_POINT('Ctrl Pts',(22.9225470920763,54.728942755891,-18.1352043271576));
#5623=CARTESIAN_POINT('Ctrl Pts',(22.999047568675,54.2242978145205,-18.1528410744927));
#5624=CARTESIAN_POINT('Ctrl Pts',(23.006761930293,54.0126929669238,-18.1606704894662));
#5625=CARTESIAN_POINT('Ctrl Pts',(22.9849088206812,53.8106052891754,-18.1606704894662));
#5626=CARTESIAN_POINT('Origin',(20.2011376160128,54.1116333278355,-17.5606704894662));
#5627=CARTESIAN_POINT('',(18.0011376160128,54.1116333278355,-17.5606704894662));
#5628=CARTESIAN_POINT('Origin',(-11.5875182170215,60.4998772401838,-16.1606704894662));
#5629=CARTESIAN_POINT('Ctrl Pts',(-16.1616717255307,59.9926510371558,-18.1606704894662));
#5630=CARTESIAN_POINT('Ctrl Pts',(-16.1620751169491,59.9959452178889,-18.16067048941));
#5631=CARTESIAN_POINT('Ctrl Pts',(-16.162478503007,59.9992393599241,-18.1606622297783));
#5632=CARTESIAN_POINT('Ctrl Pts',(-16.1952080542127,60.2665157832383,-18.1593219044338));
#5633=CARTESIAN_POINT('Ctrl Pts',(-16.2271799483183,60.5276052169355,-18.1049688208095));
#5634=CARTESIAN_POINT('Ctrl Pts',(-16.2860477792414,61.0083325343205,-17.8987383710319));
#5635=CARTESIAN_POINT('Ctrl Pts',(-16.312472581602,61.2241231308537,-17.7508783080255));
#5636=CARTESIAN_POINT('Ctrl Pts',(-16.356944223871,61.5872880878833,-17.3801593486856));
#5637=CARTESIAN_POINT('Ctrl Pts',(-16.3745664779474,61.731195189585,-17.1608495425134));
#5638=CARTESIAN_POINT('Ctrl Pts',(-16.3986006942251,61.9274637480666,-16.6790073726389));
#5639=CARTESIAN_POINT('Ctrl Pts',(-16.4047831983654,61.9779514011818,-16.4210842642632));
#5640=CARTESIAN_POINT('Ctrl Pts',(-16.4047831983654,61.9779514011818,-16.1606704894662));
#5641=CARTESIAN_POINT('Origin',(-21.017568380458,54.7229532179552,-15.1606704894662));
#5642=CARTESIAN_POINT('',(-22.617568380458,54.7229532179552,-16.9606704894662));
#5643=CARTESIAN_POINT('Origin',(-21.017568380458,54.7229532179552,-16.9606704894662));
#5644=CARTESIAN_POINT('',(-22.617568380458,54.7229532179552,-15.1606704894662));
#5645=CARTESIAN_POINT('',(-22.617568380458,54.7229532179552,-15.1606704894662));
#5646=CARTESIAN_POINT('Origin',(-21.017568380458,54.7229532179552,-15.1606704894662));
#5647=CARTESIAN_POINT('Ctrl Pts',(-24.8223030456799,57.1265866929624,-16.1606704894662));
#5648=CARTESIAN_POINT('Ctrl Pts',(-24.8089580787992,57.1566580183976,-16.1606704894662));
#5649=CARTESIAN_POINT('Ctrl Pts',(-24.7956010273988,57.1867565748876,-16.1606704894662));
#5650=CARTESIAN_POINT('Ctrl Pts',(-24.2139493128157,58.4974408317695,-16.1606704894662));
#5651=CARTESIAN_POINT('Ctrl Pts',(-23.2918232831188,59.48703866827,-16.1606704894662));
#5652=CARTESIAN_POINT('Ctrl Pts',(-21.5995588594138,60.5623691872463,-16.1606704894662));
#5653=CARTESIAN_POINT('Ctrl Pts',(-20.2725110497621,61.1874045671653,-16.1606704894662));
#5654=CARTESIAN_POINT('Ctrl Pts',(-18.9648831975434,61.5130933263739,-16.1606704894662));
#5655=CARTESIAN_POINT('Ctrl Pts',(-17.6584853543765,61.7909591631032,-16.1606704894662));
#5656=CARTESIAN_POINT('Ctrl Pts',(-17.0456935743131,61.8920346368638,-16.1606704894662));
#5657=CARTESIAN_POINT('Ctrl Pts',(-16.4274030103051,61.9749191190964,-16.1606704894662));
#5658=CARTESIAN_POINT('Ctrl Pts',(-16.4160930110448,61.9764352726451,-16.1606704894662));
#5659=CARTESIAN_POINT('Ctrl Pts',(-16.4047831983666,61.9779514011816,-16.1606704894662));
#5660=CARTESIAN_POINT('Ctrl Pts',(-24.8223030456799,57.1265866929624,-16.4598697898081));
#5661=CARTESIAN_POINT('Ctrl Pts',(-24.8089580787992,57.1566580183976,-16.4598697898081));
#5662=CARTESIAN_POINT('Ctrl Pts',(-24.7956010273988,57.1867565748876,-16.4598697898081));
#5663=CARTESIAN_POINT('Ctrl Pts',(-24.2139493128157,58.4974408317695,-16.4598697898081));
#5664=CARTESIAN_POINT('Ctrl Pts',(-23.2918232831188,59.48703866827,-16.4598697898081));
#5665=CARTESIAN_POINT('Ctrl Pts',(-21.5995588594138,60.5623691872463,-16.4598697898081));
#5666=CARTESIAN_POINT('Ctrl Pts',(-20.2725110497621,61.1874045671653,-16.4598697898081));
#5667=CARTESIAN_POINT('Ctrl Pts',(-18.9648831975434,61.5130933263739,-16.4598697898081));
#5668=CARTESIAN_POINT('Ctrl Pts',(-17.6584853543765,61.7909591631032,-16.4598697898081));
#5669=CARTESIAN_POINT('Ctrl Pts',(-17.0456935743131,61.8920346368638,-16.4598697898081));
#5670=CARTESIAN_POINT('Ctrl Pts',(-16.4274030103051,61.9749191190964,-16.4598697898081));
#5671=CARTESIAN_POINT('Ctrl Pts',(-16.4160930110448,61.9764352726451,-16.4598697898081));
#5672=CARTESIAN_POINT('Ctrl Pts',(-16.4047831983666,61.9779514011816,-16.4598697898081));
#5673=CARTESIAN_POINT('Ctrl Pts',(-24.6972810707966,57.0711047981661,-17.0570588894951));
#5674=CARTESIAN_POINT('Ctrl Pts',(-24.6839361039159,57.1011761236013,-17.0570588894951));
#5675=CARTESIAN_POINT('Ctrl Pts',(-24.6705790525155,57.1312746800912,-17.0570588894951));
#5676=CARTESIAN_POINT('Ctrl Pts',(-24.0995667638444,58.4129502179764,-17.0570588894951));
#5677=CARTESIAN_POINT('Ctrl Pts',(-23.196213592838,59.3837136451261,-17.0570588894951));
#5678=CARTESIAN_POINT('Ctrl Pts',(-21.5342026475082,60.4411655188369,-17.0570588894951));
#5679=CARTESIAN_POINT('Ctrl Pts',(-20.2249210285616,61.0570411172495,-17.0570588894951));
#5680=CARTESIAN_POINT('Ctrl Pts',(-18.9311799378468,61.3798558712832,-17.0570588894951));
#5681=CARTESIAN_POINT('Ctrl Pts',(-17.6340987109237,61.6562995190014,-17.0570588894951));
#5682=CARTESIAN_POINT('Ctrl Pts',(-17.0247037151294,61.7568385412917,-17.0570588894951));
#5683=CARTESIAN_POINT('Ctrl Pts',(-16.4092296509389,61.8393519259291,-17.0570588894951));
#5684=CARTESIAN_POINT('Ctrl Pts',(-16.3979196516777,61.8408680794779,-17.0570588894951));
#5685=CARTESIAN_POINT('Ctrl Pts',(-16.386609838999,61.8423842080145,-17.0570588894951));
#5686=CARTESIAN_POINT('Ctrl Pts',(-24.0855933911092,56.7996517874111,-17.8984274045519));
#5687=CARTESIAN_POINT('Ctrl Pts',(-24.0722484242285,56.8297231128463,-17.8984274045519));
#5688=CARTESIAN_POINT('Ctrl Pts',(-24.058891372828,56.8598216693365,-17.8984274045519));
#5689=CARTESIAN_POINT('Ctrl Pts',(-23.5518703052171,58.0020310783885,-17.8984274045519));
#5690=CARTESIAN_POINT('Ctrl Pts',(-22.7329194693621,58.8871127882552,-17.8984274045519));
#5691=CARTESIAN_POINT('Ctrl Pts',(-21.223297862782,59.8464660671548,-17.8984274045519));
#5692=CARTESIAN_POINT('Ctrl Pts',(-20.0091039210323,60.41847468352,-17.8984274045519));
#5693=CARTESIAN_POINT('Ctrl Pts',(-18.7737033910014,60.7296978408124,-17.8984274045519));
#5694=CARTESIAN_POINT('Ctrl Pts',(-17.5147596951059,60.9975040771067,-17.8984274045519));
#5695=CARTESIAN_POINT('Ctrl Pts',(-16.9220711890963,61.0954017624817,-17.8984274045519));
#5696=CARTESIAN_POINT('Ctrl Pts',(-16.3203139220509,61.1760702755832,-17.8984274045519));
#5697=CARTESIAN_POINT('Ctrl Pts',(-16.3090039227891,61.1775864291321,-17.8984274045519));
#5698=CARTESIAN_POINT('Ctrl Pts',(-16.2976941101119,61.1791025576685,-17.8984274045519));
#5699=CARTESIAN_POINT('Ctrl Pts',(-23.4044466886337,56.4973744499841,-18.1606704894662));
#5700=CARTESIAN_POINT('Ctrl Pts',(-23.391101721753,56.5274457754193,-18.1606704894662));
#5701=CARTESIAN_POINT('Ctrl Pts',(-23.3777446703524,56.5575443319097,-18.1606704894662));
#5702=CARTESIAN_POINT('Ctrl Pts',(-22.9385169332997,57.5437359270203,-18.1606704894662));
#5703=CARTESIAN_POINT('Ctrl Pts',(-22.2157137910746,58.3315291979195,-18.1606704894662));
#5704=CARTESIAN_POINT('Ctrl Pts',(-20.8745175166277,59.1847281284624,-18.1606704894662));
#5705=CARTESIAN_POINT('Ctrl Pts',(-19.7638392830418,59.7076132350321,-18.1606704894662));
#5706=CARTESIAN_POINT('Ctrl Pts',(-18.5961909726536,60.0052116985388,-18.1606704894662));
#5707=CARTESIAN_POINT('Ctrl Pts',(-17.3818763072495,60.2638870601665,-18.1606704894662));
#5708=CARTESIAN_POINT('Ctrl Pts',(-16.807766043933,60.3588483154857,-18.1606704894662));
#5709=CARTESIAN_POINT('Ctrl Pts',(-16.2213015378879,60.4374709479382,-18.1606704894662));
#5710=CARTESIAN_POINT('Ctrl Pts',(-16.2099915386243,60.4389871014873,-18.1606704894662));
#5711=CARTESIAN_POINT('Ctrl Pts',(-16.1986817259478,60.4405032300237,-18.1606704894662));
#5712=CARTESIAN_POINT('Ctrl Pts',(-22.9942274941388,56.3153285479447,-18.1606704894662));
#5713=CARTESIAN_POINT('Ctrl Pts',(-22.9808825272581,56.3453998733799,-18.1606704894662));
#5714=CARTESIAN_POINT('Ctrl Pts',(-22.9675254758573,56.3754984298705,-18.1606704894662));
#5715=CARTESIAN_POINT('Ctrl Pts',(-22.5713687427862,57.2681913941924,-18.1606704894662));
#5716=CARTESIAN_POINT('Ctrl Pts',(-21.9050712880281,57.998608173842,-18.1606704894662));
#5717=CARTESIAN_POINT('Ctrl Pts',(-20.6661298476222,58.7858796684327,-18.1606704894662));
#5718=CARTESIAN_POINT('Ctrl Pts',(-19.6193276118979,59.2793584561271,-18.1606704894662));
#5719=CARTESIAN_POINT('Ctrl Pts',(-18.4906788291926,59.5692155197865,-18.1606704894662));
#5720=CARTESIAN_POINT('Ctrl Pts',(-17.3018430679542,59.8220763502432,-18.1606704894662));
#5721=CARTESIAN_POINT('Ctrl Pts',(-16.738937904186,59.9152660142186,-18.1606704894662));
#5722=CARTESIAN_POINT('Ctrl Pts',(-16.161671534058,59.9926510286173,-18.1606704894662));
#5723=CARTESIAN_POINT('Ctrl Pts',(-16.1503615347941,59.9941671821665,-18.1606704894662));
#5724=CARTESIAN_POINT('Ctrl Pts',(-16.1390517221187,59.9956833107027,-18.1606704894662));
#5725=CARTESIAN_POINT('Ctrl Pts',(-23.1904609738843,56.4658078378464,-18.146169448117));
#5726=CARTESIAN_POINT('Ctrl Pts',(-22.97553158105,56.7495165121442,-18.1560220771473));
#5727=CARTESIAN_POINT('Ctrl Pts',(-22.7667163318496,56.916731127053,-18.1606704894662));
#5728=CARTESIAN_POINT('Ctrl Pts',(-22.619591549151,57.0193681993927,-18.1606704894662));
#5729=CARTESIAN_POINT('Origin',(-21.017568380458,54.7229532179552,-17.5606704894662));
#5730=CARTESIAN_POINT('',(-23.217568380458,54.7229532179552,-17.5606704894662));
#5731=CARTESIAN_POINT('Origin',(-21.017568380458,-49.7229532179552,-15.1606704894662));
#5732=CARTESIAN_POINT('',(-22.617568380458,-49.7229532179552,-16.9606704894662));
#5733=CARTESIAN_POINT('Origin',(-21.017568380458,-49.7229532179552,-16.9606704894662));
#5734=CARTESIAN_POINT('',(-22.617568380458,-49.7229532179552,-15.1606704894662));
#5735=CARTESIAN_POINT('',(-22.617568380458,-49.7229532179552,-15.1606704894662));
#5736=CARTESIAN_POINT('Origin',(-21.017568380458,-49.7229532179552,-15.1606704894662));
#5737=CARTESIAN_POINT('Ctrl Pts',(-16.4047831983642,-56.9779514011819,-16.1606704894662));
#5738=CARTESIAN_POINT('Ctrl Pts',(-16.4160930110318,-56.9764352726468,-16.1606704894662));
#5739=CARTESIAN_POINT('Ctrl Pts',(-16.4274030102818,-56.9749191190995,-16.1606704894662));
#5740=CARTESIAN_POINT('Ctrl Pts',(-17.0456935743672,-56.8920346368574,-16.1606704894662));
#5741=CARTESIAN_POINT('Ctrl Pts',(-17.6584853545265,-56.7909591630794,-16.1606704894662));
#5742=CARTESIAN_POINT('Ctrl Pts',(-18.9648831975817,-56.5130933263568,-16.1606704894662));
#5743=CARTESIAN_POINT('Ctrl Pts',(-20.2725110497063,-56.1874045671621,-16.1606704894662));
#5744=CARTESIAN_POINT('Ctrl Pts',(-21.5995588592878,-55.562369187329,-16.1606704894662));
#5745=CARTESIAN_POINT('Ctrl Pts',(-23.2918232831298,-54.4870386682579,-16.1606704894662));
#5746=CARTESIAN_POINT('Ctrl Pts',(-24.2139493128201,-53.4974408317593,-16.1606704894662));
#5747=CARTESIAN_POINT('Ctrl Pts',(-24.795601027399,-52.1867565748872,-16.1606704894662));
#5748=CARTESIAN_POINT('Ctrl Pts',(-24.8089580788002,-52.1566580183953,-16.1606704894662));
#5749=CARTESIAN_POINT('Ctrl Pts',(-24.8223030456817,-52.1265866929583,-16.1606704894662));
#5750=CARTESIAN_POINT('Ctrl Pts',(-16.4047831983642,-56.9779514011819,-16.4598697898081));
#5751=CARTESIAN_POINT('Ctrl Pts',(-16.4160930110318,-56.9764352726468,-16.4598697898081));
#5752=CARTESIAN_POINT('Ctrl Pts',(-16.4274030102818,-56.9749191190995,-16.4598697898081));
#5753=CARTESIAN_POINT('Ctrl Pts',(-17.0456935743672,-56.8920346368574,-16.4598697898081));
#5754=CARTESIAN_POINT('Ctrl Pts',(-17.6584853545265,-56.7909591630794,-16.4598697898081));
#5755=CARTESIAN_POINT('Ctrl Pts',(-18.9648831975817,-56.5130933263568,-16.4598697898081));
#5756=CARTESIAN_POINT('Ctrl Pts',(-20.2725110497063,-56.1874045671621,-16.4598697898081));
#5757=CARTESIAN_POINT('Ctrl Pts',(-21.5995588592878,-55.562369187329,-16.4598697898081));
#5758=CARTESIAN_POINT('Ctrl Pts',(-23.2918232831298,-54.4870386682579,-16.4598697898081));
#5759=CARTESIAN_POINT('Ctrl Pts',(-24.2139493128201,-53.4974408317593,-16.4598697898081));
#5760=CARTESIAN_POINT('Ctrl Pts',(-24.795601027399,-52.1867565748872,-16.4598697898081));
#5761=CARTESIAN_POINT('Ctrl Pts',(-24.8089580788002,-52.1566580183953,-16.4598697898081));
#5762=CARTESIAN_POINT('Ctrl Pts',(-24.8223030456817,-52.1265866929583,-16.4598697898081));
#5763=CARTESIAN_POINT('Ctrl Pts',(-16.3866101007793,-56.8423861608225,-17.0570631139214));
#5764=CARTESIAN_POINT('Ctrl Pts',(-16.397919913448,-56.8408700322873,-17.0570631139214));
#5765=CARTESIAN_POINT('Ctrl Pts',(-16.4092299126967,-56.8393538787402,-17.0570631139214));
#5766=CARTESIAN_POINT('Ctrl Pts',(-17.0247040759581,-56.7568405157084,-17.0570631139214));
#5767=CARTESIAN_POINT('Ctrl Pts',(-17.6340990402915,-56.6563015010543,-17.0570631139214));
#5768=CARTESIAN_POINT('Ctrl Pts',(-18.9311872700109,-56.3798593819606,-17.0570631139214));
#5769=CARTESIAN_POINT('Ctrl Pts',(-20.2249374193645,-56.057042307949,-17.0570631139214));
#5770=CARTESIAN_POINT('Ctrl Pts',(-21.5342117623722,-55.4411657025962,-17.0570631139214));
#5771=CARTESIAN_POINT('Ctrl Pts',(-23.1962191121512,-54.3837233731819,-17.0570631139214));
#5772=CARTESIAN_POINT('Ctrl Pts',(-24.0995794233787,-53.4129537073943,-17.0570631139214));
#5773=CARTESIAN_POINT('Ctrl Pts',(-24.6705808534224,-52.1312754792923,-17.0570631139214));
#5774=CARTESIAN_POINT('Ctrl Pts',(-24.6839379048238,-52.1011769228002,-17.0570631139214));
#5775=CARTESIAN_POINT('Ctrl Pts',(-24.6972828717052,-52.0711055973634,-17.0570631139214));
#5776=CARTESIAN_POINT('Ctrl Pts',(-16.2976945605932,-56.1791059181082,-17.8984360408529));
#5777=CARTESIAN_POINT('Ctrl Pts',(-16.3090043732593,-56.1775897895733,-17.8984360408529));
#5778=CARTESIAN_POINT('Ctrl Pts',(-16.3203143725081,-56.1760736360262,-17.8984360408529));
#5779=CARTESIAN_POINT('Ctrl Pts',(-16.9220717791513,-56.0954051458845,-17.8984360408529));
#5780=CARTESIAN_POINT('Ctrl Pts',(-17.5147602734215,-55.9975074655469,-17.8984360408529));
#5781=CARTESIAN_POINT('Ctrl Pts',(-18.7737123954761,-55.7297030423052,-17.8984360408529));
#5782=CARTESIAN_POINT('Ctrl Pts',(-20.0091238393175,-55.4184770951048,-17.8984360408529));
#5783=CARTESIAN_POINT('Ctrl Pts',(-21.2233092349134,-54.846467207669,-17.8984360408529));
#5784=CARTESIAN_POINT('Ctrl Pts',(-22.7329267814191,-53.8871251805852,-17.8984360408529));
#5785=CARTESIAN_POINT('Ctrl Pts',(-23.5518862792585,-53.0020358839833,-17.8984360408529));
#5786=CARTESIAN_POINT('Ctrl Pts',(-24.0588944718731,-51.8598230446213,-17.8984360408529));
#5787=CARTESIAN_POINT('Ctrl Pts',(-24.0722515232744,-51.8297244881294,-17.8984360408529));
#5788=CARTESIAN_POINT('Ctrl Pts',(-24.0855964901558,-51.7996531626926,-17.8984360408529));
#5789=CARTESIAN_POINT('Ctrl Pts',(-16.19868172595,-55.4405032300233,-18.1606704894662));
#5790=CARTESIAN_POINT('Ctrl Pts',(-16.2099915386156,-55.4389871014885,-18.1606704894662));
#5791=CARTESIAN_POINT('Ctrl Pts',(-16.2213015378627,-55.4374709479416,-18.1606704894662));
#5792=CARTESIAN_POINT('Ctrl Pts',(-16.8077660439849,-55.3588483154795,-18.1606704894662));
#5793=CARTESIAN_POINT('Ctrl Pts',(-17.3818763073901,-55.2638870601441,-18.1606704894662));
#5794=CARTESIAN_POINT('Ctrl Pts',(-18.5961909726835,-55.0052116985242,-18.1606704894662));
#5795=CARTESIAN_POINT('Ctrl Pts',(-19.7638392829938,-54.7076132350314,-18.1606704894662));
#5796=CARTESIAN_POINT('Ctrl Pts',(-20.8745175165259,-54.1847281285292,-18.1606704894662));
#5797=CARTESIAN_POINT('Ctrl Pts',(-22.215713791084,-53.3315291979097,-18.1606704894662));
#5798=CARTESIAN_POINT('Ctrl Pts',(-22.9385169333026,-52.543735927014,-18.1606704894662));
#5799=CARTESIAN_POINT('Ctrl Pts',(-23.3777446703526,-51.5575443319092,-18.1606704894662));
#5800=CARTESIAN_POINT('Ctrl Pts',(-23.391101721754,-51.527445775417,-18.1606704894662));
#5801=CARTESIAN_POINT('Ctrl Pts',(-23.4044466886353,-51.4973744499806,-18.1606704894662));
#5802=CARTESIAN_POINT('Ctrl Pts',(-16.1390517221222,-54.9956833107021,-18.1606704894662));
#5803=CARTESIAN_POINT('Ctrl Pts',(-16.1503615347858,-54.9941671821676,-18.1606704894662));
#5804=CARTESIAN_POINT('Ctrl Pts',(-16.1616715340332,-54.9926510286206,-18.1606704894662));
#5805=CARTESIAN_POINT('Ctrl Pts',(-16.7389379042373,-54.9152660142125,-18.1606704894662));
#5806=CARTESIAN_POINT('Ctrl Pts',(-17.3018430680922,-54.8220763502212,-18.1606704894662));
#5807=CARTESIAN_POINT('Ctrl Pts',(-18.4906788292196,-54.5692155197725,-18.1606704894662));
#5808=CARTESIAN_POINT('Ctrl Pts',(-19.6193276118516,-54.2793584561272,-18.1606704894662));
#5809=CARTESIAN_POINT('Ctrl Pts',(-20.6661298475277,-53.7858796684947,-18.1606704894662));
#5810=CARTESIAN_POINT('Ctrl Pts',(-21.9050712880369,-52.9986081738327,-18.1606704894662));
#5811=CARTESIAN_POINT('Ctrl Pts',(-22.5713687427886,-52.268191394187,-18.1606704894662));
#5812=CARTESIAN_POINT('Ctrl Pts',(-22.9675254758577,-51.3754984298697,-18.1606704894662));
#5813=CARTESIAN_POINT('Ctrl Pts',(-22.9808825272591,-51.3453998733776,-18.1606704894662));
#5814=CARTESIAN_POINT('Ctrl Pts',(-22.9942274941403,-51.3153285479412,-18.1606704894662));
#5815=CARTESIAN_POINT('Ctrl Pts',(-22.6195915491515,-52.0193681993924,-18.1606704894662));
#5816=CARTESIAN_POINT('Ctrl Pts',(-22.7667163318512,-51.9167311270517,-18.1606704894662));
#5817=CARTESIAN_POINT('Ctrl Pts',(-22.9755315810519,-51.7495165121431,-18.1560220771472));
#5818=CARTESIAN_POINT('Ctrl Pts',(-23.1904609738861,-51.465807837845,-18.1461694481168));
#5819=CARTESIAN_POINT('Ctrl Pts',(-16.1616717255318,-54.9926510371557,-18.1606704894662));
#5820=CARTESIAN_POINT('Ctrl Pts',(-16.1620744643222,-54.9959398883888,-18.1606704894101));
#5821=CARTESIAN_POINT('Ctrl Pts',(-16.1624771984261,-54.9992287009108,-18.1606622564825));
#5822=CARTESIAN_POINT('Ctrl Pts',(-16.1952067435109,-55.2665051864724,-18.1593240993115));
#5823=CARTESIAN_POINT('Ctrl Pts',(-16.2271793418942,-55.527600264732,-18.1049709452442));
#5824=CARTESIAN_POINT('Ctrl Pts',(-16.2860477792147,-56.0083325341018,-17.898738371169));
#5825=CARTESIAN_POINT('Ctrl Pts',(-16.31247258158,-56.2241231306948,-17.7508783081589));
#5826=CARTESIAN_POINT('Ctrl Pts',(-16.356944223861,-56.5872880878187,-17.3801593487809));
#5827=CARTESIAN_POINT('Ctrl Pts',(-16.3745664779493,-56.7311951895534,-17.1608495425789));
#5828=CARTESIAN_POINT('Ctrl Pts',(-16.3986006942296,-56.927463748062,-16.679007372659));
#5829=CARTESIAN_POINT('Ctrl Pts',(-16.4047831983644,-56.9779514011819,-16.4210842642734));
#5830=CARTESIAN_POINT('Ctrl Pts',(-16.4047831983645,-56.9779514011819,-16.1606704894662));
#5831=CARTESIAN_POINT('Origin',(-21.017568380458,-49.7229532179552,-17.5606704894662));
#5832=CARTESIAN_POINT('',(-23.217568380458,-49.7229532179552,-17.5606704894662));
#5833=CARTESIAN_POINT('Origin',(2.14261863565679,-57.0224071767561,-16.1606704894662));
#5834=CARTESIAN_POINT('Origin',(20.2011376160128,-49.1116333278355,-15.1606704894662));
#5835=CARTESIAN_POINT('',(18.6011376160128,-49.1116333278355,-16.9606704894662));
#5836=CARTESIAN_POINT('Origin',(20.2011376160128,-49.1116333278355,-16.9606704894662));
#5837=CARTESIAN_POINT('',(18.6011376160128,-49.1116333278355,-15.1606704894662));
#5838=CARTESIAN_POINT('',(18.6011376160128,-49.1116333278355,-15.1606704894662));
#5839=CARTESIAN_POINT('Origin',(20.2011376160128,-49.1116333278355,-15.1606704894662));
#5840=CARTESIAN_POINT('Origin',(32.6127816343115,-28.003476816511,-16.1606704894662));
#5841=CARTESIAN_POINT('Ctrl Pts',(22.9849088206811,-48.8106052891753,-18.1606704894662));
#5842=CARTESIAN_POINT('Ctrl Pts',(23.006761930293,-49.0126929669237,-18.1606704894662));
#5843=CARTESIAN_POINT('Ctrl Pts',(22.999047568675,-49.2242978145205,-18.1528410744927));
#5844=CARTESIAN_POINT('Ctrl Pts',(22.9225470920763,-49.728942755891,-18.1352043271576));
#5845=CARTESIAN_POINT('Ctrl Pts',(22.8289779799958,-50.019595259725,-18.1268608684353));
#5846=CARTESIAN_POINT('Ctrl Pts',(22.5942148443905,-50.5269499805174,-18.1268608684353));
#5847=CARTESIAN_POINT('Ctrl Pts',(22.4332356946305,-50.7864105171372,-18.1352043271576));
#5848=CARTESIAN_POINT('Ctrl Pts',(22.0980950193917,-51.171377486592,-18.1528410744927));
#5849=CARTESIAN_POINT('Ctrl Pts',(21.9417953781011,-51.3142289655274,-18.1606704894662));
#5850=CARTESIAN_POINT('Ctrl Pts',(21.7736111272834,-51.42838257114,-18.1606704894662));
#5851=CARTESIAN_POINT('Origin',(20.2011376160128,-49.1116333278355,-17.5606704894662));
#5852=CARTESIAN_POINT('',(18.0011376160128,-49.1116333278355,-17.5606704894662));
#5853=CARTESIAN_POINT('Origin',(-0.502570824315711,2.50000000000079,-15.1606704894662));
#5854=CARTESIAN_POINT('Origin',(-21.017568380458,54.7229532179552,-15.1606704894662));
#5855=CARTESIAN_POINT('Origin',(-21.017568380458,54.7229532179552,-13.1606704894662));
#5856=CARTESIAN_POINT('Origin',(20.2011376160128,-49.1116333278355,-15.1606704894662));
#5857=CARTESIAN_POINT('Origin',(20.2011376160128,-49.1116333278355,-13.1606704894662));
#5858=CARTESIAN_POINT('Origin',(0.180510719685043,1.91037537105493,-13.1606704894662));
#5859=UNCERTAINTY_MEASURE_WITH_UNIT(LENGTH_MEASURE(0.01),#5863,
'DISTANCE_ACCURACY_VALUE',
'Maximum model space distance between geometric entities at asserted c
onnectivities');
#5860=UNCERTAINTY_MEASURE_WITH_UNIT(LENGTH_MEASURE(0.01),#5863,
'DISTANCE_ACCURACY_VALUE',
'Maximum model space distance between geometric entities at asserted c
onnectivities');
#5861=(
GEOMETRIC_REPRESENTATION_CONTEXT(3)
GLOBAL_UNCERTAINTY_ASSIGNED_CONTEXT((#5859))
GLOBAL_UNIT_ASSIGNED_CONTEXT((#5863,#5865,#5866))
REPRESENTATION_CONTEXT('','3D')
);
#5862=(
GEOMETRIC_REPRESENTATION_CONTEXT(3)
GLOBAL_UNCERTAINTY_ASSIGNED_CONTEXT((#5860))
GLOBAL_UNIT_ASSIGNED_CONTEXT((#5863,#5865,#5866))
REPRESENTATION_CONTEXT('','3D')
);
#5863=(
LENGTH_UNIT()
NAMED_UNIT(*)
SI_UNIT(.MILLI.,.METRE.)
);
#5864=(
LENGTH_UNIT()
NAMED_UNIT(*)
SI_UNIT($,.METRE.)
);
#5865=(
NAMED_UNIT(*)
PLANE_ANGLE_UNIT()
SI_UNIT($,.RADIAN.)
);
#5866=(
NAMED_UNIT(*)
SI_UNIT($,.STERADIAN.)
SOLID_ANGLE_UNIT()
);
#5867=SHAPE_DEFINITION_REPRESENTATION(#5868,#5869);
#5868=PRODUCT_DEFINITION_SHAPE('',$,#5871);
#5869=SHAPE_REPRESENTATION('',(#2482),#5861);
#5870=PRODUCT_DEFINITION_CONTEXT('part definition',#5875,'design');
#5871=PRODUCT_DEFINITION('bike trip computer','bike trip computer',#5872,
#5870);
#5872=PRODUCT_DEFINITION_FORMATION('',$,#5877);
#5873=PRODUCT_RELATED_PRODUCT_CATEGORY('bike trip computer',
'bike trip computer',(#5877));
#5874=APPLICATION_PROTOCOL_DEFINITION('international standard',
'automotive_design',2009,#5875);
#5875=APPLICATION_CONTEXT(
'Core Data for Automotive Mechanical Design Process');
#5876=PRODUCT_CONTEXT('part definition',#5875,'mechanical');
#5877=PRODUCT('bike trip computer','bike trip computer',$,(#5876));
#5878=PRESENTATION_STYLE_ASSIGNMENT((#5896));
#5879=PRESENTATION_STYLE_ASSIGNMENT((#5897));
#5880=PRESENTATION_STYLE_ASSIGNMENT((#5898));
#5881=PRESENTATION_STYLE_ASSIGNMENT((#5899));
#5882=PRESENTATION_STYLE_ASSIGNMENT((#5900));
#5883=PRESENTATION_STYLE_ASSIGNMENT((#5901));
#5884=PRESENTATION_STYLE_ASSIGNMENT((#5902));
#5885=PRESENTATION_STYLE_ASSIGNMENT((#5903));
#5886=PRESENTATION_STYLE_ASSIGNMENT((#5904));
#5887=PRESENTATION_STYLE_ASSIGNMENT((#5905));
#5888=PRESENTATION_STYLE_ASSIGNMENT((#5906));
#5889=PRESENTATION_STYLE_ASSIGNMENT((#5907));
#5890=PRESENTATION_STYLE_ASSIGNMENT((#5908));
#5891=PRESENTATION_STYLE_ASSIGNMENT((#5909));
#5892=PRESENTATION_STYLE_ASSIGNMENT((#5910));
#5893=PRESENTATION_STYLE_ASSIGNMENT((#5911));
#5894=PRESENTATION_STYLE_ASSIGNMENT((#5912));
#5895=PRESENTATION_STYLE_ASSIGNMENT((#5913));
#5896=SURFACE_STYLE_USAGE(.BOTH.,#5914);
#5897=SURFACE_STYLE_USAGE(.BOTH.,#5915);
#5898=SURFACE_STYLE_USAGE(.BOTH.,#5916);
#5899=SURFACE_STYLE_USAGE(.BOTH.,#5917);
#5900=SURFACE_STYLE_USAGE(.BOTH.,#5918);
#5901=SURFACE_STYLE_USAGE(.BOTH.,#5919);
#5902=SURFACE_STYLE_USAGE(.BOTH.,#5920);
#5903=SURFACE_STYLE_USAGE(.BOTH.,#5921);
#5904=SURFACE_STYLE_USAGE(.BOTH.,#5922);
#5905=SURFACE_STYLE_USAGE(.BOTH.,#5923);
#5906=SURFACE_STYLE_USAGE(.BOTH.,#5924);
#5907=SURFACE_STYLE_USAGE(.BOTH.,#5925);
#5908=SURFACE_STYLE_USAGE(.BOTH.,#5926);
#5909=SURFACE_STYLE_USAGE(.BOTH.,#5927);
#5910=SURFACE_STYLE_USAGE(.BOTH.,#5928);
#5911=SURFACE_STYLE_USAGE(.BOTH.,#5929);
#5912=SURFACE_STYLE_USAGE(.BOTH.,#5930);
#5913=SURFACE_STYLE_USAGE(.BOTH.,#5931);
#5914=SURFACE_SIDE_STYLE('',(#5932));
#5915=SURFACE_SIDE_STYLE('',(#5933));
#5916=SURFACE_SIDE_STYLE('',(#5934));
#5917=SURFACE_SIDE_STYLE('',(#5935));
#5918=SURFACE_SIDE_STYLE('',(#5936));
#5919=SURFACE_SIDE_STYLE('',(#5937));
#5920=SURFACE_SIDE_STYLE('',(#5938));
#5921=SURFACE_SIDE_STYLE('',(#5939));
#5922=SURFACE_SIDE_STYLE('',(#5940));
#5923=SURFACE_SIDE_STYLE('',(#5941));
#5924=SURFACE_SIDE_STYLE('',(#5942));
#5925=SURFACE_SIDE_STYLE('',(#5943));
#5926=SURFACE_SIDE_STYLE('',(#5944));
#5927=SURFACE_SIDE_STYLE('',(#5945));
#5928=SURFACE_SIDE_STYLE('',(#5946));
#5929=SURFACE_SIDE_STYLE('',(#5947));
#5930=SURFACE_SIDE_STYLE('',(#5948));
#5931=SURFACE_SIDE_STYLE('',(#5949));
#5932=SURFACE_STYLE_FILL_AREA(#5950);
#5933=SURFACE_STYLE_FILL_AREA(#5951);
#5934=SURFACE_STYLE_FILL_AREA(#5952);
#5935=SURFACE_STYLE_FILL_AREA(#5953);
#5936=SURFACE_STYLE_FILL_AREA(#5954);
#5937=SURFACE_STYLE_FILL_AREA(#5955);
#5938=SURFACE_STYLE_FILL_AREA(#5956);
#5939=SURFACE_STYLE_FILL_AREA(#5957);
#5940=SURFACE_STYLE_FILL_AREA(#5958);
#5941=SURFACE_STYLE_FILL_AREA(#5959);
#5942=SURFACE_STYLE_FILL_AREA(#5960);
#5943=SURFACE_STYLE_FILL_AREA(#5961);
#5944=SURFACE_STYLE_FILL_AREA(#5962);
#5945=SURFACE_STYLE_FILL_AREA(#5963);
#5946=SURFACE_STYLE_FILL_AREA(#5964);
#5947=SURFACE_STYLE_FILL_AREA(#5965);
#5948=SURFACE_STYLE_FILL_AREA(#5966);
#5949=SURFACE_STYLE_FILL_AREA(#5967);
#5950=FILL_AREA_STYLE('Steel - Satin',(#5968));
#5951=FILL_AREA_STYLE('Generic',(#5969));
#5952=FILL_AREA_STYLE('PCB (Yellow)',(#5970));
#5953=FILL_AREA_STYLE('Opaque(61,61,61)',(#5971));
#5954=FILL_AREA_STYLE('Opaque(58,58,58)',(#5972));
#5955=FILL_AREA_STYLE('Opaque(182,109,46)',(#5973));
#5956=FILL_AREA_STYLE('Opaque(176,176,176)',(#5974));
#5957=FILL_AREA_STYLE('Smooth - White',(#5975));
#5958=FILL_AREA_STYLE('Opaque(204,204,204)',(#5976));
#5959=FILL_AREA_STYLE('Phenolic (Clear Aqua)',(#5977));
#5960=FILL_AREA_STYLE('Opaque(25,25,25)',(#5978));
#5961=FILL_AREA_STYLE('Plastic - Charcoal Gray',(#5979));
#5962=FILL_AREA_STYLE('Nickel - Polished',(#5980));
#5963=FILL_AREA_STYLE('Opaque(230,230,230)',(#5981));
#5964=FILL_AREA_STYLE('Opaque(202,209,238)',(#5982));
#5965=FILL_AREA_STYLE('Opaque(211,211,211)',(#5983));
#5966=FILL_AREA_STYLE('Opaque(53,53,53)',(#5984));
#5967=FILL_AREA_STYLE('Opaque(255,255,255)',(#5985));
#5968=FILL_AREA_STYLE_COLOUR('Steel - Satin',#5986);
#5969=FILL_AREA_STYLE_COLOUR('Generic',#5987);
#5970=FILL_AREA_STYLE_COLOUR('PCB (Yellow)',#5988);
#5971=FILL_AREA_STYLE_COLOUR('Opaque(61,61,61)',#5989);
#5972=FILL_AREA_STYLE_COLOUR('Opaque(58,58,58)',#5990);
#5973=FILL_AREA_STYLE_COLOUR('Opaque(182,109,46)',#5991);
#5974=FILL_AREA_STYLE_COLOUR('Opaque(176,176,176)',#5992);
#5975=FILL_AREA_STYLE_COLOUR('Smooth - White',#5993);
#5976=FILL_AREA_STYLE_COLOUR('Opaque(204,204,204)',#5994);
#5977=FILL_AREA_STYLE_COLOUR('Phenolic (Clear Aqua)',#5995);
#5978=FILL_AREA_STYLE_COLOUR('Opaque(25,25,25)',#5996);
#5979=FILL_AREA_STYLE_COLOUR('Plastic - Charcoal Gray',#5997);
#5980=FILL_AREA_STYLE_COLOUR('Nickel - Polished',#5998);
#5981=FILL_AREA_STYLE_COLOUR('Opaque(230,230,230)',#5999);
#5982=FILL_AREA_STYLE_COLOUR('Opaque(202,209,238)',#6000);
#5983=FILL_AREA_STYLE_COLOUR('Opaque(211,211,211)',#6001);
#5984=FILL_AREA_STYLE_COLOUR('Opaque(53,53,53)',#6002);
#5985=FILL_AREA_STYLE_COLOUR('Opaque(255,255,255)',#6003);
#5986=COLOUR_RGB('Steel - Satin',0.627450980392157,0.627450980392157,0.627450980392157);
#5987=COLOUR_RGB('Generic',0.819607843137255,0.8,0.752941176470588);
#5988=COLOUR_RGB('PCB (Yellow)',0.913725490196078,0.764705882352941,0.27843137254902);
#5989=COLOUR_RGB('Opaque(61,61,61)',0.23921568627451,0.23921568627451,0.23921568627451);
#5990=COLOUR_RGB('Opaque(58,58,58)',0.227450980392157,0.227450980392157,
0.227450980392157);
#5991=COLOUR_RGB('Opaque(182,109,46)',0.713725490196078,0.427450980392157,
0.180392156862745);
#5992=COLOUR_RGB('Opaque(176,176,176)',0.690196078431373,0.690196078431373,
0.690196078431373);
#5993=COLOUR_RGB('Smooth - White',0.796078431372549,0.796078431372549,0.796078431372549);
#5994=COLOUR_RGB('Opaque(204,204,204)',0.8,0.8,0.8);
#5995=COLOUR_RGB('Phenolic (Clear Aqua)',0.741176470588235,0.780392156862745,
0.784313725490196);
#5996=COLOUR_RGB('Opaque(25,25,25)',0.0980392156862745,0.0980392156862745,
0.0980392156862745);
#5997=COLOUR_RGB('Plastic - Charcoal Gray',0.294117647058824,0.294117647058824,
0.294117647058824);
#5998=COLOUR_RGB('Nickel - Polished',0.819607843137255,0.8,0.752941176470588);
#5999=COLOUR_RGB('Opaque(230,230,230)',0.23921568627451,0.23921568627451,
0.23921568627451);
#6000=COLOUR_RGB('Opaque(202,209,238)',0.792156862745098,0.819607843137255,
0.933333333333333);
#6001=COLOUR_RGB('Opaque(211,211,211)',0.827450980392157,0.827450980392157,
0.827450980392157);
#6002=COLOUR_RGB('Opaque(53,53,53)',0.207843137254902,0.207843137254902,
0.207843137254902);
#6003=COLOUR_RGB('Opaque(255,255,255)',1.,1.,1.);
ENDSEC;
END-ISO-10303-21;
