ISO-10303-21;
HEADER;
/* Generated by software containing ST-Developer
 * from STEP Tools, Inc. (www.steptools.com) 
 */

FILE_DESCRIPTION(
/* description */ (''),
/* implementation_level */ '2;1');

FILE_NAME(
/* name */ 'Main body.step',
/* time_stamp */ '2026-09-22T16:47:17+03:00',
/* author */ (''),
/* organization */ (''),
/* preprocessor_version */ 'ST-DEVELOPER v20.2',
/* originating_system */ 'Autodesk Translation Framework v15.15.0.0',
/* authorisation */ '');

FILE_SCHEMA (('AUTOMOTIVE_DESIGN { 1 0 10303 214 3 1 1 }'));
ENDSEC;

DATA;
#10=MECHANICAL_DESIGN_GEOMETRIC_PRESENTATION_REPRESENTATION('',(#13),#8621);
#11=SHAPE_REPRESENTATION_RELATIONSHIP('SRR','None',#8628,#12);
#12=ADVANCED_BREP_SHAPE_REPRESENTATION('',(#14),#8620);
#13=STYLED_ITEM('',(#8638),#14);
#14=MANIFOLD_SOLID_BREP('Body1',#2961);
#15=ELLIPSE('',#3169,1.44015485329989,1.23825294070431);
#16=ELLIPSE('',#3172,1.43955230418163,1.2376825138263);
#17=SPHERICAL_SURFACE('',#3147,2.);
#18=SPHERICAL_SURFACE('',#3150,2.);
#19=FACE_BOUND('',#468,.T.);
#20=FACE_BOUND('',#469,.T.);
#21=FACE_BOUND('',#488,.T.);
#22=FACE_BOUND('',#505,.T.);
#23=FACE_BOUND('',#506,.T.);
#24=FACE_BOUND('',#521,.T.);
#25=FACE_BOUND('',#546,.T.);
#26=FACE_BOUND('',#548,.T.);
#27=FACE_BOUND('',#549,.T.);
#28=FACE_BOUND('',#550,.T.);
#29=FACE_BOUND('',#551,.T.);
#30=FACE_BOUND('',#552,.T.);
#31=FACE_BOUND('',#559,.T.);
#32=FACE_BOUND('',#639,.T.);
#33=FACE_BOUND('',#643,.T.);
#34=PLANE('',#2990);
#35=PLANE('',#3019);
#36=PLANE('',#3022);
#37=PLANE('',#3026);
#38=PLANE('',#3029);
#39=PLANE('',#3032);
#40=PLANE('',#3036);
#41=PLANE('',#3037);
#42=PLANE('',#3038);
#43=PLANE('',#3039);
#44=PLANE('',#3042);
#45=PLANE('',#3049);
#46=PLANE('',#3052);
#47=PLANE('',#3054);
#48=PLANE('',#3056);
#49=PLANE('',#3057);
#50=PLANE('',#3058);
#51=PLANE('',#3059);
#52=PLANE('',#3060);
#53=PLANE('',#3063);
#54=PLANE('',#3071);
#55=PLANE('',#3074);
#56=PLANE('',#3076);
#57=PLANE('',#3077);
#58=PLANE('',#3078);
#59=PLANE('',#3079);
#60=PLANE('',#3080);
#61=PLANE('',#3082);
#62=PLANE('',#3089);
#63=PLANE('',#3090);
#64=PLANE('',#3097);
#65=PLANE('',#3104);
#66=PLANE('',#3118);
#67=PLANE('',#3119);
#68=PLANE('',#3120);
#69=PLANE('',#3122);
#70=PLANE('',#3134);
#71=PLANE('',#3135);
#72=PLANE('',#3141);
#73=PLANE('',#3142);
#74=PLANE('',#3156);
#75=PLANE('',#3170);
#76=PLANE('',#3171);
#77=PLANE('',#3173);
#78=PLANE('',#3174);
#79=PLANE('',#3187);
#80=PLANE('',#3188);
#81=PLANE('',#3194);
#82=PLANE('',#3196);
#83=PLANE('',#3198);
#84=PLANE('',#3200);
#85=PLANE('',#3202);
#86=PLANE('',#3217);
#87=PLANE('',#3220);
#88=PLANE('',#3225);
#89=TOROIDAL_SURFACE('',#2987,5.4,1.);
#90=TOROIDAL_SURFACE('',#3014,5.39999999999999,0.999999999999999);
#91=TOROIDAL_SURFACE('',#3110,5.4,1.);
#92=TOROIDAL_SURFACE('',#3143,6.4,2.);
#93=TOROIDAL_SURFACE('',#3189,5.,2.);
#94=TOROIDAL_SURFACE('',#3204,5.,3.);
#95=TOROIDAL_SURFACE('',#3209,5.,3.);
#96=TOROIDAL_SURFACE('',#3210,5.,3.);
#97=TOROIDAL_SURFACE('',#3214,5.,3.);
#98=CYLINDRICAL_SURFACE('',#2981,2.);
#99=CYLINDRICAL_SURFACE('',#2982,1.);
#100=CYLINDRICAL_SURFACE('',#2984,4.4);
#101=CYLINDRICAL_SURFACE('',#3017,1.99998368708018);
#102=CYLINDRICAL_SURFACE('',#3020,1.);
#103=CYLINDRICAL_SURFACE('',#3023,0.5);
#104=CYLINDRICAL_SURFACE('',#3027,1.);
#105=CYLINDRICAL_SURFACE('',#3033,0.5);
#106=CYLINDRICAL_SURFACE('',#3035,23.2859389477774);
#107=CYLINDRICAL_SURFACE('',#3040,0.5);
#108=CYLINDRICAL_SURFACE('',#3050,0.5);
#109=CYLINDRICAL_SURFACE('',#3051,0.5);
#110=CYLINDRICAL_SURFACE('',#3053,0.5);
#111=CYLINDRICAL_SURFACE('',#3055,1.);
#112=CYLINDRICAL_SURFACE('',#3061,0.5);
#113=CYLINDRICAL_SURFACE('',#3072,0.5);
#114=CYLINDRICAL_SURFACE('',#3073,0.5);
#115=CYLINDRICAL_SURFACE('',#3075,4.);
#116=CYLINDRICAL_SURFACE('',#3081,4.);
#117=CYLINDRICAL_SURFACE('',#3091,3.);
#118=CYLINDRICAL_SURFACE('',#3095,1.);
#119=CYLINDRICAL_SURFACE('',#3098,2.);
#120=CYLINDRICAL_SURFACE('',#3100,0.999999999999999);
#121=CYLINDRICAL_SURFACE('',#3102,4.4);
#122=CYLINDRICAL_SURFACE('',#3105,2.);
#123=CYLINDRICAL_SURFACE('',#3106,1.);
#124=CYLINDRICAL_SURFACE('',#3114,1.);
#125=CYLINDRICAL_SURFACE('',#3116,2.);
#126=CYLINDRICAL_SURFACE('',#3117,2.);
#127=CYLINDRICAL_SURFACE('',#3131,4.4);
#128=CYLINDRICAL_SURFACE('',#3132,2.3);
#129=CYLINDRICAL_SURFACE('',#3136,2.);
#130=CYLINDRICAL_SURFACE('',#3138,4.4);
#131=CYLINDRICAL_SURFACE('',#3140,1.99998368708114);
#132=CYLINDRICAL_SURFACE('',#3152,2.);
#133=CYLINDRICAL_SURFACE('',#3153,4.);
#134=CYLINDRICAL_SURFACE('',#3157,1.4);
#135=CYLINDRICAL_SURFACE('',#3160,1.4);
#136=CYLINDRICAL_SURFACE('',#3163,1.4);
#137=CYLINDRICAL_SURFACE('',#3165,1.4);
#138=CYLINDRICAL_SURFACE('',#3167,2.);
#139=CYLINDRICAL_SURFACE('',#3168,2.);
#140=CYLINDRICAL_SURFACE('',#3175,2.);
#141=CYLINDRICAL_SURFACE('',#3176,2.);
#142=CYLINDRICAL_SURFACE('',#3177,2.);
#143=CYLINDRICAL_SURFACE('',#3178,2.);
#144=CYLINDRICAL_SURFACE('',#3179,2.);
#145=CYLINDRICAL_SURFACE('',#3180,2.);
#146=CYLINDRICAL_SURFACE('',#3181,2.);
#147=CYLINDRICAL_SURFACE('',#3182,2.);
#148=CYLINDRICAL_SURFACE('',#3183,2.);
#149=CYLINDRICAL_SURFACE('',#3184,2.);
#150=CYLINDRICAL_SURFACE('',#3185,2.);
#151=CYLINDRICAL_SURFACE('',#3186,2.);
#152=CYLINDRICAL_SURFACE('',#3191,3.);
#153=CYLINDRICAL_SURFACE('',#3195,2.);
#154=CYLINDRICAL_SURFACE('',#3207,3.);
#155=CYLINDRICAL_SURFACE('',#3212,3.);
#156=CYLINDRICAL_SURFACE('',#3216,3.);
#157=CYLINDRICAL_SURFACE('',#3218,1.4);
#158=CYLINDRICAL_SURFACE('',#3221,1.4);
#159=CYLINDRICAL_SURFACE('',#3223,3.6);
#160=CYLINDRICAL_SURFACE('',#3226,1.4);
#161=CYLINDRICAL_SURFACE('',#3227,1.4);
#162=CYLINDRICAL_SURFACE('',#3228,4.);
#163=CIRCLE('',#2975,1.);
#164=CIRCLE('',#2976,0.999999999999999);
#165=CIRCLE('',#2977,0.999999999999996);
#166=CIRCLE('',#2978,1.00111184268722);
#167=CIRCLE('',#2979,0.999999999999982);
#168=CIRCLE('',#2980,2.00222368537389);
#169=CIRCLE('',#2983,1.);
#170=CIRCLE('',#2985,4.4);
#171=CIRCLE('',#2986,4.4);
#172=CIRCLE('',#2988,5.4);
#173=CIRCLE('',#2989,1.);
#174=CIRCLE('',#2991,5.39999999999999);
#175=CIRCLE('',#2992,4.);
#176=CIRCLE('',#2993,4.);
#177=CIRCLE('',#2994,6.4);
#178=CIRCLE('',#2995,5.4);
#179=CIRCLE('',#2996,3.6);
#180=CIRCLE('',#2997,2.);
#181=CIRCLE('',#2998,2.);
#182=CIRCLE('',#2999,2.);
#183=CIRCLE('',#3000,2.);
#184=CIRCLE('',#3001,23.2859389477774);
#185=CIRCLE('',#3002,1.);
#186=CIRCLE('',#3003,0.500000000000001);
#187=CIRCLE('',#3004,1.);
#188=CIRCLE('',#3005,4.);
#189=CIRCLE('',#3006,0.500000000000002);
#190=CIRCLE('',#3007,0.500000000000001);
#191=CIRCLE('',#3008,4.);
#192=CIRCLE('',#3009,2.);
#193=CIRCLE('',#3010,4.);
#194=CIRCLE('',#3011,0.500000000000001);
#195=CIRCLE('',#3012,0.500000000000002);
#196=CIRCLE('',#3013,1.);
#197=CIRCLE('',#3015,4.4);
#198=CIRCLE('',#3016,1.);
#199=CIRCLE('',#3018,1.99998368708018);
#200=CIRCLE('',#3021,1.);
#201=CIRCLE('',#3024,0.500000000000001);
#202=CIRCLE('',#3025,0.5);
#203=CIRCLE('',#3028,1.);
#204=CIRCLE('',#3030,23.2859389477774);
#205=CIRCLE('',#3031,0.5);
#206=CIRCLE('',#3034,0.500000000000001);
#207=CIRCLE('',#3041,0.500000000000001);
#208=CIRCLE('',#3043,0.500000000000001);
#209=CIRCLE('',#3044,0.500000000000001);
#210=CIRCLE('',#3045,0.500000000000002);
#211=CIRCLE('',#3046,4.);
#212=CIRCLE('',#3047,1.);
#213=CIRCLE('',#3048,1.4);
#214=CIRCLE('',#3062,0.500000000000001);
#215=CIRCLE('',#3064,0.500000000000002);
#216=CIRCLE('',#3065,0.500000000000001);
#217=CIRCLE('',#3066,4.);
#218=CIRCLE('',#3067,2.);
#219=CIRCLE('',#3068,4.);
#220=CIRCLE('',#3069,3.);
#221=CIRCLE('',#3070,1.4);
#222=CIRCLE('',#3083,5.);
#223=CIRCLE('',#3084,5.);
#224=CIRCLE('',#3085,5.);
#225=CIRCLE('',#3086,5.);
#226=CIRCLE('',#3087,5.);
#227=CIRCLE('',#3088,5.);
#228=CIRCLE('',#3092,3.);
#229=CIRCLE('',#3093,3.);
#230=CIRCLE('',#3094,0.999999999999999);
#231=CIRCLE('',#3096,1.);
#232=CIRCLE('',#3099,0.999999999999995);
#233=CIRCLE('',#3101,0.999999999999999);
#234=CIRCLE('',#3103,4.4);
#235=CIRCLE('',#3107,1.);
#236=CIRCLE('',#3108,1.);
#237=CIRCLE('',#3109,0.999999999999999);
#238=CIRCLE('',#3111,1.);
#239=CIRCLE('',#3112,4.4);
#240=CIRCLE('',#3113,0.999999999999998);
#241=CIRCLE('',#3115,1.);
#242=CIRCLE('',#3121,2.3);
#243=CIRCLE('',#3123,1.99998368708114);
#244=CIRCLE('',#3124,4.4);
#245=CIRCLE('',#3125,2.);
#246=CIRCLE('',#3126,4.4);
#247=CIRCLE('',#3127,1.4);
#248=CIRCLE('',#3128,1.4);
#249=CIRCLE('',#3129,1.4);
#250=CIRCLE('',#3130,1.4);
#251=CIRCLE('',#3133,2.3);
#252=CIRCLE('',#3137,2.);
#253=CIRCLE('',#3139,4.4);
#254=CIRCLE('',#3144,6.4);
#255=CIRCLE('',#3145,2.);
#256=CIRCLE('',#3146,1.99999999999999);
#257=CIRCLE('',#3148,2.);
#258=CIRCLE('',#3149,2.);
#259=CIRCLE('',#3151,2.);
#260=CIRCLE('',#3154,4.);
#261=CIRCLE('',#3155,4.);
#262=CIRCLE('',#3158,1.4);
#263=CIRCLE('',#3159,1.4);
#264=CIRCLE('',#3161,1.4);
#265=CIRCLE('',#3162,1.4);
#266=CIRCLE('',#3164,1.4);
#267=CIRCLE('',#3166,1.4);
#268=CIRCLE('',#3190,2.);
#269=CIRCLE('',#3192,3.);
#270=CIRCLE('',#3193,3.);
#271=CIRCLE('',#3197,1.4);
#272=CIRCLE('',#3199,1.4);
#273=CIRCLE('',#3201,1.4);
#274=CIRCLE('',#3203,1.4);
#275=CIRCLE('',#3205,3.);
#276=CIRCLE('',#3206,3.);
#277=CIRCLE('',#3208,3.);
#278=CIRCLE('',#3211,3.);
#279=CIRCLE('',#3213,3.);
#280=CIRCLE('',#3215,3.);
#281=CIRCLE('',#3219,1.4);
#282=CIRCLE('',#3222,1.4);
#283=CIRCLE('',#3224,3.6);
#284=FACE_OUTER_BOUND('',#458,.T.);
#285=FACE_OUTER_BOUND('',#459,.T.);
#286=FACE_OUTER_BOUND('',#460,.T.);
#287=FACE_OUTER_BOUND('',#461,.T.);
#288=FACE_OUTER_BOUND('',#462,.T.);
#289=FACE_OUTER_BOUND('',#463,.T.);
#290=FACE_OUTER_BOUND('',#464,.T.);
#291=FACE_OUTER_BOUND('',#465,.T.);
#292=FACE_OUTER_BOUND('',#466,.T.);
#293=FACE_OUTER_BOUND('',#467,.T.);
#294=FACE_OUTER_BOUND('',#470,.T.);
#295=FACE_OUTER_BOUND('',#471,.T.);
#296=FACE_OUTER_BOUND('',#472,.T.);
#297=FACE_OUTER_BOUND('',#473,.T.);
#298=FACE_OUTER_BOUND('',#474,.T.);
#299=FACE_OUTER_BOUND('',#475,.T.);
#300=FACE_OUTER_BOUND('',#476,.T.);
#301=FACE_OUTER_BOUND('',#477,.T.);
#302=FACE_OUTER_BOUND('',#478,.T.);
#303=FACE_OUTER_BOUND('',#479,.T.);
#304=FACE_OUTER_BOUND('',#480,.T.);
#305=FACE_OUTER_BOUND('',#481,.T.);
#306=FACE_OUTER_BOUND('',#482,.T.);
#307=FACE_OUTER_BOUND('',#483,.T.);
#308=FACE_OUTER_BOUND('',#484,.T.);
#309=FACE_OUTER_BOUND('',#485,.T.);
#310=FACE_OUTER_BOUND('',#486,.T.);
#311=FACE_OUTER_BOUND('',#487,.T.);
#312=FACE_OUTER_BOUND('',#489,.T.);
#313=FACE_OUTER_BOUND('',#490,.T.);
#314=FACE_OUTER_BOUND('',#491,.T.);
#315=FACE_OUTER_BOUND('',#492,.T.);
#316=FACE_OUTER_BOUND('',#493,.T.);
#317=FACE_OUTER_BOUND('',#494,.T.);
#318=FACE_OUTER_BOUND('',#495,.T.);
#319=FACE_OUTER_BOUND('',#496,.T.);
#320=FACE_OUTER_BOUND('',#497,.T.);
#321=FACE_OUTER_BOUND('',#498,.T.);
#322=FACE_OUTER_BOUND('',#499,.T.);
#323=FACE_OUTER_BOUND('',#500,.T.);
#324=FACE_OUTER_BOUND('',#501,.T.);
#325=FACE_OUTER_BOUND('',#502,.T.);
#326=FACE_OUTER_BOUND('',#503,.T.);
#327=FACE_OUTER_BOUND('',#504,.T.);
#328=FACE_OUTER_BOUND('',#507,.T.);
#329=FACE_OUTER_BOUND('',#508,.T.);
#330=FACE_OUTER_BOUND('',#509,.T.);
#331=FACE_OUTER_BOUND('',#510,.T.);
#332=FACE_OUTER_BOUND('',#511,.T.);
#333=FACE_OUTER_BOUND('',#512,.T.);
#334=FACE_OUTER_BOUND('',#513,.T.);
#335=FACE_OUTER_BOUND('',#514,.T.);
#336=FACE_OUTER_BOUND('',#515,.T.);
#337=FACE_OUTER_BOUND('',#516,.T.);
#338=FACE_OUTER_BOUND('',#517,.T.);
#339=FACE_OUTER_BOUND('',#518,.T.);
#340=FACE_OUTER_BOUND('',#519,.T.);
#341=FACE_OUTER_BOUND('',#520,.T.);
#342=FACE_OUTER_BOUND('',#522,.T.);
#343=FACE_OUTER_BOUND('',#523,.T.);
#344=FACE_OUTER_BOUND('',#524,.T.);
#345=FACE_OUTER_BOUND('',#525,.T.);
#346=FACE_OUTER_BOUND('',#526,.T.);
#347=FACE_OUTER_BOUND('',#527,.T.);
#348=FACE_OUTER_BOUND('',#528,.T.);
#349=FACE_OUTER_BOUND('',#529,.T.);
#350=FACE_OUTER_BOUND('',#530,.T.);
#351=FACE_OUTER_BOUND('',#531,.T.);
#352=FACE_OUTER_BOUND('',#532,.T.);
#353=FACE_OUTER_BOUND('',#533,.T.);
#354=FACE_OUTER_BOUND('',#534,.T.);
#355=FACE_OUTER_BOUND('',#535,.T.);
#356=FACE_OUTER_BOUND('',#536,.T.);
#357=FACE_OUTER_BOUND('',#537,.T.);
#358=FACE_OUTER_BOUND('',#538,.T.);
#359=FACE_OUTER_BOUND('',#539,.T.);
#360=FACE_OUTER_BOUND('',#540,.T.);
#361=FACE_OUTER_BOUND('',#541,.T.);
#362=FACE_OUTER_BOUND('',#542,.T.);
#363=FACE_OUTER_BOUND('',#543,.T.);
#364=FACE_OUTER_BOUND('',#544,.T.);
#365=FACE_OUTER_BOUND('',#545,.T.);
#366=FACE_OUTER_BOUND('',#547,.T.);
#367=FACE_OUTER_BOUND('',#553,.T.);
#368=FACE_OUTER_BOUND('',#554,.T.);
#369=FACE_OUTER_BOUND('',#555,.T.);
#370=FACE_OUTER_BOUND('',#556,.T.);
#371=FACE_OUTER_BOUND('',#557,.T.);
#372=FACE_OUTER_BOUND('',#558,.T.);
#373=FACE_OUTER_BOUND('',#560,.T.);
#374=FACE_OUTER_BOUND('',#561,.T.);
#375=FACE_OUTER_BOUND('',#562,.T.);
#376=FACE_OUTER_BOUND('',#563,.T.);
#377=FACE_OUTER_BOUND('',#564,.T.);
#378=FACE_OUTER_BOUND('',#565,.T.);
#379=FACE_OUTER_BOUND('',#566,.T.);
#380=FACE_OUTER_BOUND('',#567,.T.);
#381=FACE_OUTER_BOUND('',#568,.T.);
#382=FACE_OUTER_BOUND('',#569,.T.);
#383=FACE_OUTER_BOUND('',#570,.T.);
#384=FACE_OUTER_BOUND('',#571,.T.);
#385=FACE_OUTER_BOUND('',#572,.T.);
#386=FACE_OUTER_BOUND('',#573,.T.);
#387=FACE_OUTER_BOUND('',#574,.T.);
#388=FACE_OUTER_BOUND('',#575,.T.);
#389=FACE_OUTER_BOUND('',#576,.T.);
#390=FACE_OUTER_BOUND('',#577,.T.);
#391=FACE_OUTER_BOUND('',#578,.T.);
#392=FACE_OUTER_BOUND('',#579,.T.);
#393=FACE_OUTER_BOUND('',#580,.T.);
#394=FACE_OUTER_BOUND('',#581,.T.);
#395=FACE_OUTER_BOUND('',#582,.T.);
#396=FACE_OUTER_BOUND('',#583,.T.);
#397=FACE_OUTER_BOUND('',#584,.T.);
#398=FACE_OUTER_BOUND('',#585,.T.);
#399=FACE_OUTER_BOUND('',#586,.T.);
#400=FACE_OUTER_BOUND('',#587,.T.);
#401=FACE_OUTER_BOUND('',#588,.T.);
#402=FACE_OUTER_BOUND('',#589,.T.);
#403=FACE_OUTER_BOUND('',#590,.T.);
#404=FACE_OUTER_BOUND('',#591,.T.);
#405=FACE_OUTER_BOUND('',#592,.T.);
#406=FACE_OUTER_BOUND('',#593,.T.);
#407=FACE_OUTER_BOUND('',#594,.T.);
#408=FACE_OUTER_BOUND('',#595,.T.);
#409=FACE_OUTER_BOUND('',#596,.T.);
#410=FACE_OUTER_BOUND('',#597,.T.);
#411=FACE_OUTER_BOUND('',#598,.T.);
#412=FACE_OUTER_BOUND('',#599,.T.);
#413=FACE_OUTER_BOUND('',#600,.T.);
#414=FACE_OUTER_BOUND('',#601,.T.);
#415=FACE_OUTER_BOUND('',#602,.T.);
#416=FACE_OUTER_BOUND('',#603,.T.);
#417=FACE_OUTER_BOUND('',#604,.T.);
#418=FACE_OUTER_BOUND('',#605,.T.);
#419=FACE_OUTER_BOUND('',#606,.T.);
#420=FACE_OUTER_BOUND('',#607,.T.);
#421=FACE_OUTER_BOUND('',#608,.T.);
#422=FACE_OUTER_BOUND('',#609,.T.);
#423=FACE_OUTER_BOUND('',#610,.T.);
#424=FACE_OUTER_BOUND('',#611,.T.);
#425=FACE_OUTER_BOUND('',#612,.T.);
#426=FACE_OUTER_BOUND('',#613,.T.);
#427=FACE_OUTER_BOUND('',#614,.T.);
#428=FACE_OUTER_BOUND('',#615,.T.);
#429=FACE_OUTER_BOUND('',#616,.T.);
#430=FACE_OUTER_BOUND('',#617,.T.);
#431=FACE_OUTER_BOUND('',#618,.T.);
#432=FACE_OUTER_BOUND('',#619,.T.);
#433=FACE_OUTER_BOUND('',#620,.T.);
#434=FACE_OUTER_BOUND('',#621,.T.);
#435=FACE_OUTER_BOUND('',#622,.T.);
#436=FACE_OUTER_BOUND('',#623,.T.);
#437=FACE_OUTER_BOUND('',#624,.T.);
#438=FACE_OUTER_BOUND('',#625,.T.);
#439=FACE_OUTER_BOUND('',#626,.T.);
#440=FACE_OUTER_BOUND('',#627,.T.);
#441=FACE_OUTER_BOUND('',#628,.T.);
#442=FACE_OUTER_BOUND('',#629,.T.);
#443=FACE_OUTER_BOUND('',#630,.T.);
#444=FACE_OUTER_BOUND('',#631,.T.);
#445=FACE_OUTER_BOUND('',#632,.T.);
#446=FACE_OUTER_BOUND('',#633,.T.);
#447=FACE_OUTER_BOUND('',#634,.T.);
#448=FACE_OUTER_BOUND('',#635,.T.);
#449=FACE_OUTER_BOUND('',#636,.T.);
#450=FACE_OUTER_BOUND('',#637,.T.);
#451=FACE_OUTER_BOUND('',#638,.T.);
#452=FACE_OUTER_BOUND('',#640,.T.);
#453=FACE_OUTER_BOUND('',#641,.T.);
#454=FACE_OUTER_BOUND('',#642,.T.);
#455=FACE_OUTER_BOUND('',#644,.T.);
#456=FACE_OUTER_BOUND('',#645,.T.);
#457=FACE_OUTER_BOUND('',#646,.T.);
#458=EDGE_LOOP('',(#1872,#1873,#1874,#1875,#1876));
#459=EDGE_LOOP('',(#1877,#1878,#1879,#1880));
#460=EDGE_LOOP('',(#1881,#1882,#1883,#1884));
#461=EDGE_LOOP('',(#1885,#1886,#1887));
#462=EDGE_LOOP('',(#1888,#1889,#1890,#1891));
#463=EDGE_LOOP('',(#1892,#1893,#1894,#1895));
#464=EDGE_LOOP('',(#1896,#1897,#1898,#1899));
#465=EDGE_LOOP('',(#1900,#1901,#1902,#1903,#1904,#1905));
#466=EDGE_LOOP('',(#1906,#1907,#1908,#1909));
#467=EDGE_LOOP('',(#1910,#1911,#1912,#1913,#1914,#1915,#1916,#1917,#1918,
#1919,#1920,#1921,#1922,#1923,#1924,#1925,#1926,#1927,#1928,#1929,#1930,
#1931));
#468=EDGE_LOOP('',(#1932,#1933,#1934,#1935,#1936,#1937,#1938,#1939));
#469=EDGE_LOOP('',(#1940,#1941,#1942,#1943,#1944,#1945,#1946,#1947,#1948,
#1949,#1950,#1951,#1952,#1953,#1954,#1955,#1956,#1957,#1958,#1959,#1960,
#1961,#1962,#1963,#1964,#1965,#1966));
#470=EDGE_LOOP('',(#1967,#1968,#1969,#1970));
#471=EDGE_LOOP('',(#1971,#1972,#1973,#1974,#1975,#1976));
#472=EDGE_LOOP('',(#1977,#1978,#1979,#1980,#1981));
#473=EDGE_LOOP('',(#1982,#1983,#1984,#1985));
#474=EDGE_LOOP('',(#1986,#1987,#1988,#1989,#1990));
#475=EDGE_LOOP('',(#1991,#1992,#1993,#1994));
#476=EDGE_LOOP('',(#1995,#1996,#1997,#1998));
#477=EDGE_LOOP('',(#1999,#2000,#2001,#2002));
#478=EDGE_LOOP('',(#2003,#2004,#2005,#2006,#2007,#2008,#2009,#2010,#2011,
#2012,#2013,#2014));
#479=EDGE_LOOP('',(#2015,#2016,#2017,#2018,#2019));
#480=EDGE_LOOP('',(#2020,#2021,#2022,#2023));
#481=EDGE_LOOP('',(#2024,#2025,#2026,#2027));
#482=EDGE_LOOP('',(#2028,#2029,#2030,#2031));
#483=EDGE_LOOP('',(#2032,#2033,#2034,#2035));
#484=EDGE_LOOP('',(#2036,#2037,#2038,#2039,#2040,#2041));
#485=EDGE_LOOP('',(#2042,#2043,#2044,#2045));
#486=EDGE_LOOP('',(#2046,#2047,#2048,#2049));
#487=EDGE_LOOP('',(#2050,#2051,#2052,#2053,#2054,#2055,#2056,#2057,#2058,
#2059,#2060,#2061,#2062,#2063,#2064,#2065));
#488=EDGE_LOOP('',(#2066));
#489=EDGE_LOOP('',(#2067,#2068,#2069,#2070));
#490=EDGE_LOOP('',(#2071,#2072,#2073,#2074));
#491=EDGE_LOOP('',(#2075,#2076,#2077,#2078));
#492=EDGE_LOOP('',(#2079,#2080,#2081,#2082));
#493=EDGE_LOOP('',(#2083,#2084,#2085,#2086));
#494=EDGE_LOOP('',(#2087,#2088,#2089,#2090));
#495=EDGE_LOOP('',(#2091,#2092,#2093,#2094));
#496=EDGE_LOOP('',(#2095,#2096,#2097,#2098));
#497=EDGE_LOOP('',(#2099,#2100,#2101,#2102));
#498=EDGE_LOOP('',(#2103,#2104,#2105,#2106));
#499=EDGE_LOOP('',(#2107,#2108,#2109,#2110));
#500=EDGE_LOOP('',(#2111,#2112,#2113,#2114));
#501=EDGE_LOOP('',(#2115,#2116,#2117,#2118));
#502=EDGE_LOOP('',(#2119,#2120,#2121,#2122));
#503=EDGE_LOOP('',(#2123,#2124,#2125,#2126));
#504=EDGE_LOOP('',(#2127,#2128,#2129,#2130,#2131,#2132,#2133,#2134,#2135,
#2136,#2137,#2138,#2139,#2140,#2141));
#505=EDGE_LOOP('',(#2142));
#506=EDGE_LOOP('',(#2143));
#507=EDGE_LOOP('',(#2144,#2145,#2146,#2147));
#508=EDGE_LOOP('',(#2148,#2149,#2150,#2151));
#509=EDGE_LOOP('',(#2152,#2153,#2154,#2155));
#510=EDGE_LOOP('',(#2156,#2157,#2158,#2159));
#511=EDGE_LOOP('',(#2160,#2161,#2162,#2163));
#512=EDGE_LOOP('',(#2164,#2165,#2166,#2167));
#513=EDGE_LOOP('',(#2168,#2169,#2170,#2171));
#514=EDGE_LOOP('',(#2172,#2173,#2174,#2175));
#515=EDGE_LOOP('',(#2176,#2177,#2178,#2179));
#516=EDGE_LOOP('',(#2180,#2181,#2182,#2183));
#517=EDGE_LOOP('',(#2184,#2185,#2186,#2187));
#518=EDGE_LOOP('',(#2188,#2189,#2190,#2191));
#519=EDGE_LOOP('',(#2192,#2193,#2194,#2195));
#520=EDGE_LOOP('',(#2196,#2197,#2198,#2199,#2200,#2201,#2202,#2203,#2204,
#2205,#2206,#2207,#2208,#2209,#2210,#2211));
#521=EDGE_LOOP('',(#2212,#2213,#2214,#2215,#2216,#2217,#2218,#2219,#2220,
#2221,#2222));
#522=EDGE_LOOP('',(#2223,#2224,#2225,#2226));
#523=EDGE_LOOP('',(#2227,#2228,#2229,#2230));
#524=EDGE_LOOP('',(#2231,#2232,#2233,#2234,#2235));
#525=EDGE_LOOP('',(#2236,#2237,#2238,#2239));
#526=EDGE_LOOP('',(#2240,#2241,#2242,#2243));
#527=EDGE_LOOP('',(#2244,#2245,#2246,#2247));
#528=EDGE_LOOP('',(#2248,#2249,#2250,#2251));
#529=EDGE_LOOP('',(#2252,#2253,#2254,#2255));
#530=EDGE_LOOP('',(#2256,#2257,#2258,#2259));
#531=EDGE_LOOP('',(#2260,#2261,#2262,#2263,#2264));
#532=EDGE_LOOP('',(#2265,#2266,#2267,#2268));
#533=EDGE_LOOP('',(#2269,#2270,#2271,#2272));
#534=EDGE_LOOP('',(#2273,#2274,#2275,#2276));
#535=EDGE_LOOP('',(#2277,#2278,#2279,#2280));
#536=EDGE_LOOP('',(#2281,#2282,#2283,#2284));
#537=EDGE_LOOP('',(#2285,#2286,#2287,#2288));
#538=EDGE_LOOP('',(#2289,#2290,#2291,#2292));
#539=EDGE_LOOP('',(#2293,#2294,#2295,#2296));
#540=EDGE_LOOP('',(#2297,#2298,#2299,#2300,#2301,#2302,#2303));
#541=EDGE_LOOP('',(#2304,#2305,#2306,#2307));
#542=EDGE_LOOP('',(#2308,#2309,#2310,#2311));
#543=EDGE_LOOP('',(#2312,#2313,#2314,#2315));
#544=EDGE_LOOP('',(#2316,#2317,#2318,#2319));
#545=EDGE_LOOP('',(#2320,#2321,#2322,#2323));
#546=EDGE_LOOP('',(#2324));
#547=EDGE_LOOP('',(#2325,#2326,#2327,#2328,#2329,#2330,#2331,#2332,#2333,
#2334,#2335,#2336,#2337,#2338,#2339,#2340));
#548=EDGE_LOOP('',(#2341,#2342,#2343,#2344,#2345,#2346,#2347,#2348,#2349,
#2350,#2351,#2352,#2353,#2354,#2355,#2356,#2357,#2358,#2359,#2360,#2361,
#2362,#2363,#2364,#2365,#2366));
#549=EDGE_LOOP('',(#2367));
#550=EDGE_LOOP('',(#2368));
#551=EDGE_LOOP('',(#2369));
#552=EDGE_LOOP('',(#2370));
#553=EDGE_LOOP('',(#2371,#2372,#2373,#2374,#2375,#2376));
#554=EDGE_LOOP('',(#2377,#2378,#2379,#2380));
#555=EDGE_LOOP('',(#2381,#2382,#2383,#2384));
#556=EDGE_LOOP('',(#2385,#2386,#2387,#2388));
#557=EDGE_LOOP('',(#2389,#2390,#2391,#2392));
#558=EDGE_LOOP('',(#2393,#2394,#2395,#2396));
#559=EDGE_LOOP('',(#2397));
#560=EDGE_LOOP('',(#2398,#2399,#2400,#2401));
#561=EDGE_LOOP('',(#2402,#2403,#2404,#2405));
#562=EDGE_LOOP('',(#2406,#2407,#2408,#2409));
#563=EDGE_LOOP('',(#2410,#2411,#2412,#2413,#2414));
#564=EDGE_LOOP('',(#2415,#2416,#2417,#2418));
#565=EDGE_LOOP('',(#2419,#2420,#2421,#2422));
#566=EDGE_LOOP('',(#2423,#2424,#2425,#2426));
#567=EDGE_LOOP('',(#2427,#2428,#2429,#2430));
#568=EDGE_LOOP('',(#2431,#2432,#2433,#2434));
#569=EDGE_LOOP('',(#2435,#2436,#2437,#2438));
#570=EDGE_LOOP('',(#2439,#2440,#2441,#2442,#2443,#2444));
#571=EDGE_LOOP('',(#2445,#2446,#2447));
#572=EDGE_LOOP('',(#2448,#2449,#2450,#2451));
#573=EDGE_LOOP('',(#2452,#2453,#2454));
#574=EDGE_LOOP('',(#2455,#2456,#2457,#2458,#2459));
#575=EDGE_LOOP('',(#2460,#2461,#2462,#2463,#2464,#2465,#2466,#2467,#2468));
#576=EDGE_LOOP('',(#2469,#2470,#2471));
#577=EDGE_LOOP('',(#2472,#2473,#2474,#2475));
#578=EDGE_LOOP('',(#2476,#2477,#2478,#2479,#2480,#2481,#2482));
#579=EDGE_LOOP('',(#2483,#2484,#2485,#2486,#2487,#2488,#2489));
#580=EDGE_LOOP('',(#2490,#2491,#2492,#2493,#2494,#2495,#2496,#2497));
#581=EDGE_LOOP('',(#2498,#2499,#2500,#2501,#2502,#2503,#2504,#2505));
#582=EDGE_LOOP('',(#2506,#2507,#2508));
#583=EDGE_LOOP('',(#2509,#2510,#2511,#2512,#2513));
#584=EDGE_LOOP('',(#2514,#2515,#2516));
#585=EDGE_LOOP('',(#2517,#2518,#2519));
#586=EDGE_LOOP('',(#2520,#2521,#2522));
#587=EDGE_LOOP('',(#2523,#2524,#2525));
#588=EDGE_LOOP('',(#2526,#2527,#2528));
#589=EDGE_LOOP('',(#2529,#2530,#2531));
#590=EDGE_LOOP('',(#2532,#2533,#2534,#2535));
#591=EDGE_LOOP('',(#2536,#2537,#2538,#2539));
#592=EDGE_LOOP('',(#2540,#2541,#2542,#2543));
#593=EDGE_LOOP('',(#2544,#2545,#2546,#2547,#2548));
#594=EDGE_LOOP('',(#2549,#2550,#2551,#2552));
#595=EDGE_LOOP('',(#2553,#2554,#2555,#2556));
#596=EDGE_LOOP('',(#2557,#2558,#2559,#2560,#2561));
#597=EDGE_LOOP('',(#2562,#2563,#2564));
#598=EDGE_LOOP('',(#2565,#2566,#2567,#2568));
#599=EDGE_LOOP('',(#2569,#2570,#2571,#2572));
#600=EDGE_LOOP('',(#2573,#2574,#2575,#2576));
#601=EDGE_LOOP('',(#2577,#2578,#2579,#2580));
#602=EDGE_LOOP('',(#2581,#2582,#2583,#2584));
#603=EDGE_LOOP('',(#2585,#2586,#2587,#2588));
#604=EDGE_LOOP('',(#2589,#2590,#2591,#2592));
#605=EDGE_LOOP('',(#2593,#2594,#2595,#2596));
#606=EDGE_LOOP('',(#2597,#2598,#2599,#2600));
#607=EDGE_LOOP('',(#2601,#2602,#2603,#2604));
#608=EDGE_LOOP('',(#2605,#2606,#2607,#2608));
#609=EDGE_LOOP('',(#2609,#2610,#2611,#2612));
#610=EDGE_LOOP('',(#2613,#2614,#2615,#2616));
#611=EDGE_LOOP('',(#2617,#2618,#2619,#2620));
#612=EDGE_LOOP('',(#2621,#2622,#2623,#2624));
#613=EDGE_LOOP('',(#2625,#2626,#2627,#2628));
#614=EDGE_LOOP('',(#2629,#2630,#2631,#2632));
#615=EDGE_LOOP('',(#2633,#2634,#2635,#2636));
#616=EDGE_LOOP('',(#2637,#2638,#2639,#2640));
#617=EDGE_LOOP('',(#2641,#2642,#2643,#2644));
#618=EDGE_LOOP('',(#2645,#2646,#2647,#2648,#2649,#2650,#2651));
#619=EDGE_LOOP('',(#2652,#2653,#2654,#2655,#2656,#2657));
#620=EDGE_LOOP('',(#2658,#2659,#2660,#2661));
#621=EDGE_LOOP('',(#2662,#2663,#2664,#2665));
#622=EDGE_LOOP('',(#2666,#2667,#2668,#2669));
#623=EDGE_LOOP('',(#2670,#2671,#2672,#2673));
#624=EDGE_LOOP('',(#2674));
#625=EDGE_LOOP('',(#2675));
#626=EDGE_LOOP('',(#2676));
#627=EDGE_LOOP('',(#2677));
#628=EDGE_LOOP('',(#2678,#2679,#2680,#2681));
#629=EDGE_LOOP('',(#2682,#2683,#2684,#2685));
#630=EDGE_LOOP('',(#2686,#2687,#2688,#2689));
#631=EDGE_LOOP('',(#2690,#2691,#2692,#2693));
#632=EDGE_LOOP('',(#2694,#2695,#2696,#2697));
#633=EDGE_LOOP('',(#2698,#2699,#2700,#2701));
#634=EDGE_LOOP('',(#2702,#2703,#2704,#2705));
#635=EDGE_LOOP('',(#2706,#2707,#2708,#2709));
#636=EDGE_LOOP('',(#2710,#2711,#2712,#2713));
#637=EDGE_LOOP('',(#2714,#2715,#2716,#2717));
#638=EDGE_LOOP('',(#2718));
#639=EDGE_LOOP('',(#2719));
#640=EDGE_LOOP('',(#2720,#2721,#2722,#2723));
#641=EDGE_LOOP('',(#2724,#2725,#2726,#2727,#2728,#2729));
#642=EDGE_LOOP('',(#2730));
#643=EDGE_LOOP('',(#2731));
#644=EDGE_LOOP('',(#2732,#2733,#2734,#2735));
#645=EDGE_LOOP('',(#2736,#2737,#2738,#2739));
#646=EDGE_LOOP('',(#2740,#2741,#2742,#2743));
#647=B_SPLINE_CURVE_WITH_KNOTS('',5,(#3997,#3998,#3999,#4000,#4001,#4002,
#4003,#4004,#4005,#4006,#4007,#4008,#4009,#4010),.UNSPECIFIED.,.F.,.F.,
(6,1,1,1,1,1,1,1,1,6),(0.,0.0666666666666667,0.133333333333333,0.2,0.266666666666667,
0.333333333333333,0.4,0.466666666666667,0.533333333333333,0.595044552907903),
 .UNSPECIFIED.);
#648=B_SPLINE_CURVE_WITH_KNOTS('',5,(#4014,#4015,#4016,#4017,#4018,#4019,
#4020,#4021,#4022,#4023,#4024,#4025,#4026,#4027),.UNSPECIFIED.,.F.,.F.,
(6,1,1,1,1,1,1,1,1,6),(-0.595044552909098,-0.533333333333333,-0.466666666666667,
-0.4,-0.333333333333333,-0.266666666666667,-0.2,-0.133333333333333,-0.0666666666666667,
0.),.UNSPECIFIED.);
#649=B_SPLINE_CURVE_WITH_KNOTS('',3,(#4069,#4070,#4071,#4072,#4073,#4074),
 .UNSPECIFIED.,.F.,.F.,(4,1,1,4),(-0.164306358078861,-0.117361684342043,
-0.070417010605226,0.),.UNSPECIFIED.);
#650=B_SPLINE_CURVE_WITH_KNOTS('',3,(#4077,#4078,#4079,#4080,#4081,#4082,
#4083,#4084,#4085,#4086,#4087,#4088,#4089,#4090,#4091,#4092,#4093,#4094,
#4095,#4096,#4097,#4098,#4099,#4100,#4101,#4102,#4103,#4104,#4105,#4106,
#4107),.UNSPECIFIED.,.F.,.F.,(4,3,3,3,3,3,3,3,3,3,4),(0.,0.0166178976662085,
0.0335822393821186,0.0509386657687954,0.0692460227248996,0.070417010605226,
0.0895923352992244,0.117361684342043,0.135831185499449,0.151666619041435,
0.164306358078861),.UNSPECIFIED.);
#651=B_SPLINE_CURVE_WITH_KNOTS('',3,(#4187,#4188,#4189,#4190,#4191,#4192,
#4193,#4194,#4195,#4196),.UNSPECIFIED.,.F.,.F.,(4,1,1,1,1,2,4),(2.70321624937447E-15,
0.0397870951590014,0.0795741903180001,0.119361285476999,0.159148380635997,
0.198935475794996,0.199603956256747),.UNSPECIFIED.);
#652=B_SPLINE_CURVE_WITH_KNOTS('',3,(#4197,#4198,#4199,#4200,#4201,#4202,
#4203,#4204,#4205,#4206),.UNSPECIFIED.,.F.,.F.,(4,2,1,1,1,1,4),(-0.199603956256747,
-0.198935475794996,-0.159148380635997,-0.119361285476999,-0.0795741903180001,
-0.0397870951590014,-2.70321624937447E-15),.UNSPECIFIED.);
#653=B_SPLINE_CURVE_WITH_KNOTS('',3,(#4210,#4211,#4212,#4213,#4214,#4215,
#4216,#4217,#4218,#4219,#4220,#4221,#4222,#4223,#4224,#4225,#4226,#4227,
#4228,#4229,#4230,#4231,#4232,#4233,#4234,#4235,#4236,#4237,#4238,#4239),
 .UNSPECIFIED.,.F.,.F.,(4,2,2,2,2,2,2,2,2,2,2,2,2,2,4),(0.,0.11185454888665,
0.223705395089864,0.335552812350744,0.447397074321925,0.559238454574575,
0.67107722660542,0.783542149118728,0.895396825584794,1.00724435214548,1.11908582347945,
1.23201351928756,1.34386117393362,1.45732889032275,1.57079660671188),
 .UNSPECIFIED.);
#654=B_SPLINE_CURVE_WITH_KNOTS('',3,(#4292,#4293,#4294,#4295,#4296,#4297,
#4298,#4299,#4300,#4301),.UNSPECIFIED.,.F.,.F.,(4,1,1,1,1,1,1,4),(-0.0996235128441367,
-0.014832828767441,0.15474853938595,0.324329907539342,0.409120591616037,
0.451515933654385,0.472713604673559,0.493702228656677),.UNSPECIFIED.);
#655=B_SPLINE_CURVE_WITH_KNOTS('',5,(#4302,#4303,#4304,#4305,#4306,#4307,
#4308,#4309,#4310,#4311,#4312,#4313,#4314,#4315),.UNSPECIFIED.,.F.,.F.,
(6,1,1,1,1,1,1,1,1,6),(0.,0.0666666666666667,0.133333333333333,0.2,0.266666666666667,
0.333333333333333,0.4,0.466666666666667,0.533333333333333,0.595044552908078),
 .UNSPECIFIED.);
#656=B_SPLINE_CURVE_WITH_KNOTS('',3,(#4326,#4327,#4328,#4329,#4330,#4331),
 .UNSPECIFIED.,.F.,.F.,(4,1,1,4),(0.,0.0673768117164902,0.11229468619415,
0.15721256067181),.UNSPECIFIED.);
#657=B_SPLINE_CURVE_WITH_KNOTS('',3,(#4345,#4346,#4347,#4348,#4349,#4350,
#4351,#4352,#4353,#4354,#4355,#4356,#4357,#4358,#4359),.UNSPECIFIED.,.F.,
 .F.,(4,2,1,1,1,1,1,1,1,2,4),(-0.930494652273276,-0.927905916786159,-0.881510620946851,
-0.835115325107543,-0.742324733428927,-0.556743550071696,-0.46395295839308,
-0.371162366714464,-0.185581183357232,0.,0.00666639101919908),
 .UNSPECIFIED.);
#658=B_SPLINE_CURVE_WITH_KNOTS('',3,(#4363,#4364,#4365,#4366,#4367,#4368,
#4369,#4370,#4371,#4372,#4373,#4374,#4375),.UNSPECIFIED.,.F.,.F.,(4,1,1,
1,1,1,1,1,2,4),(-0.79433112705888,-0.742324733428927,-0.556743550071696,
-0.46395295839308,-0.371162366714464,-0.278371775035848,-0.185581183357232,
-0.0927905916786159,0.,0.0025891693460064),.UNSPECIFIED.);
#659=B_SPLINE_CURVE_WITH_KNOTS('',3,(#4383,#4384,#4385,#4386,#4387,#4388,
#4389,#4390,#4391),.UNSPECIFIED.,.F.,.F.,(4,1,1,1,1,1,4),(-0.819056255159837,
-0.801627350342786,-0.783989398300129,-0.748713494214816,-0.67816168604419,
-0.537058069702939,-0.325402645191061),.UNSPECIFIED.);
#660=B_SPLINE_CURVE_WITH_KNOTS('',3,(#4403,#4404,#4405,#4406,#4407),
 .UNSPECIFIED.,.F.,.F.,(4,1,4),(-0.951809989295847,-0.409150197642774,-0.0046652310882189),
 .UNSPECIFIED.);
#661=B_SPLINE_CURVE_WITH_KNOTS('',3,(#4411,#4412,#4413,#4414,#4415),
 .UNSPECIFIED.,.F.,.F.,(4,1,4),(-0.95001856340562,-0.545533596857043,-0.0028738052001709),
 .UNSPECIFIED.);
#662=B_SPLINE_CURVE_WITH_KNOTS('',3,(#4449,#4450,#4451,#4452,#4453,#4454,
#4455),.UNSPECIFIED.,.F.,.F.,(4,3,4),(0.,0.062648786537393,0.146180501920584),
 .UNSPECIFIED.);
#663=B_SPLINE_CURVE_WITH_KNOTS('',3,(#4459,#4460,#4461,#4462,#4463,#4464,
#4465,#4466,#4467,#4468),.UNSPECIFIED.,.F.,.F.,(4,3,3,4),(0.,0.0567890316257464,
0.113578063251493,0.198761610690113),.UNSPECIFIED.);
#664=B_SPLINE_CURVE_WITH_KNOTS('',3,(#4482,#4483,#4484,#4485,#4486,#4487,
#4488,#4489,#4490,#4491),.UNSPECIFIED.,.F.,.F.,(4,3,3,4),(0.,0.0743355145152341,
0.123892524192057,0.173449533868879),.UNSPECIFIED.);
#665=B_SPLINE_CURVE_WITH_KNOTS('',3,(#4499,#4500,#4501,#4502,#4503,#4504,
#4505),.UNSPECIFIED.,.F.,.F.,(4,3,4),(0.,0.0577483832319471,0.115496766463894),
 .UNSPECIFIED.);
#666=B_SPLINE_CURVE_WITH_KNOTS('',3,(#4628,#4629,#4630,#4631,#4632,#4633,
#4634,#4635,#4636,#4637),.UNSPECIFIED.,.F.,.F.,(4,3,3,4),(0.,0.0567890293321228,
0.113578058664246,0.19876160266243),.UNSPECIFIED.);
#667=B_SPLINE_CURVE_WITH_KNOTS('',3,(#4641,#4642,#4643,#4644,#4645,#4646,
#4647),.UNSPECIFIED.,.F.,.F.,(4,3,4),(0.,0.0626487857893628,0.14618050017518),
 .UNSPECIFIED.);
#668=B_SPLINE_CURVE_WITH_KNOTS('',3,(#4743,#4744,#4745,#4746,#4747,#4748,
#4749),.UNSPECIFIED.,.F.,.F.,(4,3,4),(0.,0.0577483841827177,0.115496768365435),
 .UNSPECIFIED.);
#669=B_SPLINE_CURVE_WITH_KNOTS('',3,(#4757,#4758,#4759,#4760,#4761,#4762,
#4763,#4764,#4765,#4766),.UNSPECIFIED.,.F.,.F.,(4,3,3,4),(0.,0.0743355137641589,
0.123892522940265,0.173449532116371),.UNSPECIFIED.);
#670=B_SPLINE_CURVE_WITH_KNOTS('',3,(#4849,#4850,#4851,#4852,#4853,#4854,
#4855,#4856,#4857,#4858,#4859,#4860),.UNSPECIFIED.,.F.,.F.,(4,2,1,1,1,1,
1,1,4),(0.000187550170694858,0.000281324836772369,0.170747882207292,0.341214439577812,
0.426447718263072,0.511680996948332,0.682147554318852,0.852614111689372,
1.19354722643041),.UNSPECIFIED.);
#671=B_SPLINE_CURVE_WITH_KNOTS('',3,(#4864,#4865,#4866,#4867,#4868,#4869,
#4870,#4871,#4872,#4873,#4874,#4875,#4876),.UNSPECIFIED.,.F.,.F.,(4,2,1,
1,1,1,1,2,4),(0.00658165200683982,0.00986892082129009,0.124160141442419,
0.238451362063548,0.352742582684676,0.467033803305805,0.581325023926934,
0.809907465169191,0.811048253483838),.UNSPECIFIED.);
#672=B_SPLINE_CURVE_WITH_KNOTS('',3,(#4880,#4881,#4882,#4883,#4884,#4885,
#4886,#4887,#4888,#4889),.UNSPECIFIED.,.F.,.F.,(4,2,1,1,2,4),(0.00289615163976036,
0.00434510573804067,0.448529486019717,0.596590946113609,1.04077532639528,
1.04315162747533),.UNSPECIFIED.);
#673=B_SPLINE_CURVE_WITH_KNOTS('',3,(#4893,#4894,#4895,#4896,#4897,#4898,
#4899,#4900,#4901,#4902),.UNSPECIFIED.,.F.,.F.,(4,2,1,1,2,4),(0.00475282676990188,
0.00712912784985817,0.451313508131542,0.599374968225436,1.04355934850712,
1.04500708976563),.UNSPECIFIED.);
#674=B_SPLINE_CURVE_WITH_KNOTS('',3,(#4906,#4907,#4908,#4909,#4910,#4911,
#4912,#4913,#4914,#4915,#4916,#4917,#4918),.UNSPECIFIED.,.F.,.F.,(4,2,1,
1,1,1,1,2,4),(0.00228220834660747,0.00342329418242912,0.117714514803566,
0.34629695604584,0.460588176666977,0.574879397288114,0.68917061790925,0.803461838530387,
0.806749107344902),.UNSPECIFIED.);
#675=B_SPLINE_CURVE_WITH_KNOTS('',3,(#4922,#4923,#4924,#4925,#4926,#4927,
#4928,#4929,#4930,#4931,#4932,#4933),.UNSPECIFIED.,.F.,.F.,(4,1,1,1,1,1,
1,2,4),(-0.00188209980251752,0.168584457568024,0.339051014938566,0.509517572309108,
0.594750850994379,0.67998412967965,0.850450687050191,1.19138380179128,1.1914775761084),
 .UNSPECIFIED.);
#676=B_SPLINE_CURVE_WITH_KNOTS('',3,(#4937,#4938,#4939,#4940,#4941,#4942),
 .UNSPECIFIED.,.F.,.F.,(4,1,1,4),(-1.07503480728392,-0.766184961801773,
-0.457335116319624,0.00593965190359946),.UNSPECIFIED.);
#677=B_SPLINE_CURVE_WITH_KNOTS('',3,(#4946,#4947,#4948,#4949,#4950,#4951),
 .UNSPECIFIED.,.F.,.F.,(4,1,1,4),(-1.0785196845163,-0.769669839034102,-0.460819993551907,
0.00245477467138433),.UNSPECIFIED.);
#678=B_SPLINE_CURVE_WITH_KNOTS('',3,(#5027,#5028,#5029,#5030,#5031,#5032,
#5033,#5034,#5035,#5036,#5037,#5038,#5039,#5040,#5041,#5042,#5043,#5044,
#5045,#5046,#5047,#5048,#5049,#5050,#5051,#5052,#5053,#5054,#5055,#5056,
#5057,#5058,#5059,#5060,#5061,#5062,#5063,#5064,#5065,#5066,#5067,#5068,
#5069,#5070,#5071,#5072),.UNSPECIFIED.,.F.,.F.,(4,3,3,3,3,3,3,3,3,3,3,3,
3,3,3,4),(-0.15721256067181,-0.145983092052395,-0.135018374672928,-0.123656530433539,
-0.11229468619415,-0.101065217574735,-0.0903698804637906,-0.0796760469654994,
-0.0689782600262589,-0.0673768117164902,-0.0562253650656588,-0.045076072905484,
-0.033807054679113,-0.0226593833654115,-0.0113296916827058,0.),
 .UNSPECIFIED.);
#679=B_SPLINE_CURVE_WITH_KNOTS('',3,(#5085,#5086,#5087,#5088,#5089,#5090,
#5091,#5092,#5093,#5094,#5095,#5096,#5097,#5098,#5099,#5100,#5101,#5102,
#5103,#5104,#5105,#5106,#5107,#5108,#5109,#5110,#5111,#5112,#5113,#5114,
#5115,#5116,#5117,#5118,#5119,#5120,#5121,#5122,#5123,#5124,#5125,#5126,
#5127,#5128,#5129,#5130,#5131,#5132,#5133,#5134,#5135,#5136),
 .UNSPECIFIED.,.F.,.F.,(4,3,3,3,3,3,3,3,3,3,3,3,3,3,3,3,3,4),(-0.31443031569695,
-0.292281965321606,-0.269801014141711,-0.247342362215986,-0.236321082274287,
-0.213793550383846,-0.191469049478426,-0.179337108507752,-0.15820040086576,
-0.135927559865777,-0.113329972665281,-0.0907373311983046,-0.0800566864221781,
-0.0573898207085527,-0.0348522787637774,-0.0129488281254702,0.,0.000776347239947559),
 .UNSPECIFIED.);
#680=B_SPLINE_CURVE_WITH_KNOTS('',3,(#5170,#5171,#5172,#5173,#5174,#5175,
#5176,#5177,#5178,#5179,#5180,#5181,#5182,#5183,#5184,#5185,#5186,#5187,
#5188,#5189,#5190,#5191,#5192,#5193,#5194,#5195,#5196,#5197,#5198,#5199,
#5200,#5201,#5202,#5203,#5204,#5205,#5206,#5207,#5208,#5209,#5210,#5211,
#5212,#5213,#5214,#5215),.UNSPECIFIED.,.F.,.F.,(4,3,3,3,3,3,3,3,3,3,3,3,
3,3,3,4),(-0.15721256067181,-0.145792237489883,-0.134370405724821,-0.122947784648336,
-0.11229468619415,-0.101065217574735,-0.0901890206992489,-0.0787829162078694,
-0.0673768117164899,-0.0566508348644806,-0.0459265028918998,-0.0352008556605456,
-0.0244651334660407,-0.0137236262050768,-0.00296736210403643,0.),
 .UNSPECIFIED.);
#681=B_SPLINE_CURVE_WITH_KNOTS('',3,(#5216,#5217,#5218,#5219,#5220,#5221,
#5222,#5223,#5224,#5225,#5226,#5227,#5228,#5229,#5230,#5231,#5232,#5233,
#5234,#5235,#5236,#5237,#5238,#5239,#5240,#5241,#5242,#5243,#5244,#5245,
#5246),.UNSPECIFIED.,.F.,.F.,(4,3,3,3,3,3,3,3,3,3,4),(0.,0.0153805217982881,
0.0311341510077865,0.0473218324909018,0.0646663173326452,0.0673768117164899,
0.0937874852339771,0.11229468619415,0.129549590194131,0.146046421039743,
0.15721256067181),.UNSPECIFIED.);
#682=B_SPLINE_CURVE_WITH_KNOTS('',3,(#5262,#5263,#5264,#5265,#5266,#5267,
#5268,#5269,#5270,#5271,#5272,#5273,#5274,#5275,#5276,#5277),
 .UNSPECIFIED.,.F.,.F.,(4,2,2,2,2,2,2,4),(0.,0.0430031236393203,0.0833421446155063,
0.116528940726035,0.140249134126045,0.162539433802101,0.198260973499249,
0.199649495256818),.UNSPECIFIED.);
#683=B_SPLINE_CURVE_WITH_KNOTS('',3,(#5317,#5318,#5319,#5320,#5321,#5322,
#5323,#5324,#5325,#5326,#5327,#5328,#5329,#5330,#5331,#5332,#5333,#5334,
#5335,#5336,#5337,#5338,#5339,#5340,#5341,#5342,#5343,#5344,#5345,#5346,
#5347,#5348,#5349,#5350,#5351,#5352,#5353,#5354,#5355,#5356,#5357,#5358,
#5359,#5360,#5361,#5362),.UNSPECIFIED.,.F.,.F.,(4,3,3,3,3,3,3,3,3,3,3,3,
3,3,3,4),(-0.157210572278911,-0.145805017911952,-0.134398215204885,-0.12299062906942,
-0.112293265913508,-0.101063939322157,-0.0901836148583364,-0.0787797872032206,
-0.0673759595481047,-0.0566493289926419,-0.0459243325036175,-0.03519801213328,
-0.0244616103080118,-0.0137194199211644,-0.00296247446253883,-2.23849860609772E-13),
 .UNSPECIFIED.);
#684=B_SPLINE_CURVE_WITH_KNOTS('',3,(#5365,#5366,#5367,#5368,#5369,#5370,
#5371,#5372,#5373,#5374,#5375,#5376,#5377,#5378,#5379,#5380,#5381,#5382,
#5383,#5384,#5385,#5386,#5387,#5388,#5389,#5390,#5391,#5392,#5393,#5394,
#5395),.UNSPECIFIED.,.F.,.F.,(4,3,3,3,3,3,3,3,3,3,4),(0.,0.0153810819781244,
0.0311353341326061,0.0473236890477177,0.0646688721050879,0.0673759595481047,
0.0937908963811394,0.112293265913508,0.129548731519923,0.146045027552248,
0.157210572278911),.UNSPECIFIED.);
#685=B_SPLINE_CURVE_WITH_KNOTS('',3,(#5436,#5437,#5438,#5439,#5440,#5441,
#5442,#5443,#5444,#5445,#5446,#5447,#5448,#5449,#5450,#5451,#5452,#5453,
#5454,#5455,#5456,#5457,#5458,#5459,#5460,#5461,#5462,#5463,#5464,#5465,
#5466,#5467,#5468,#5469,#5470,#5471,#5472,#5473,#5474,#5475),
 .UNSPECIFIED.,.F.,.F.,(4,3,3,3,3,3,3,3,3,3,3,3,3,4),(-0.164306290559083,
-0.149694294864396,-0.133927138130271,-0.116717004840986,-0.100169382263423,
-0.0852931819658007,-0.0704169816681786,-0.0581201702285284,-0.0469446544454524,
-0.0370524102744562,-0.0271889540567273,-0.0173419249400401,-0.00750872989270909,
0.),.UNSPECIFIED.);
#686=B_SPLINE_CURVE_WITH_KNOTS('',3,(#5478,#5479,#5480,#5481,#5482,#5483),
 .UNSPECIFIED.,.F.,.F.,(4,1,1,4),(0.,0.0469446544454524,0.0704169816681786,
0.164306290559083),.UNSPECIFIED.);
#687=B_SPLINE_CURVE_WITH_KNOTS('',3,(#5489,#5490,#5491,#5492,#5493,#5494,
#5495,#5496,#5497,#5498,#5499,#5500,#5501,#5502,#5503,#5504,#5505,#5506,
#5507,#5508,#5509,#5510,#5511,#5512,#5513,#5514,#5515,#5516,#5517,#5518),
 .UNSPECIFIED.,.F.,.F.,(4,2,2,2,2,2,2,2,2,2,2,2,2,2,4),(0.,0.111854548886655,
0.223705395089865,0.335552812350729,0.44739707432192,0.559238454574603,
0.671077226605458,0.783542149118756,0.895396825584816,1.00724435214551,
1.11908582347949,1.23201351928758,1.34386117393364,1.45732889032274,1.57079660671184),
 .UNSPECIFIED.);
#688=B_SPLINE_CURVE_WITH_KNOTS('',3,(#5522,#5523,#5524,#5525,#5526,#5527,
#5528,#5529,#5530,#5531,#5532,#5533,#5534,#5535,#5536,#5537,#5538,#5539,
#5540,#5541,#5542,#5543,#5544,#5545,#5546,#5547,#5548,#5549,#5550,#5551,
#5552,#5553,#5554,#5555,#5556,#5557,#5558,#5559,#5560,#5561,#5562,#5563,
#5564,#5565,#5566,#5567,#5568,#5569,#5570,#5571,#5572,#5573),
 .UNSPECIFIED.,.F.,.F.,(4,3,3,3,3,3,3,3,3,3,3,3,3,3,3,3,3,4),(0.,0.0221483743841713,
0.0446292467360199,0.0670874750842619,0.0781082397469072,0.100635584033454,
0.122959516758529,0.135091488983605,0.156227927403068,0.178500138556597,
0.20109724451581,0.22368968387979,0.234370647749025,0.257037190671185,0.279574578139966,
0.301478039596328,0.31442357341547,0.31520262713236),.UNSPECIFIED.);
#689=B_SPLINE_CURVE_WITH_KNOTS('',3,(#5575,#5576,#5577,#5578,#5579,#5580),
 .UNSPECIFIED.,.F.,.F.,(4,2,4),(1.99381867823548,2.05225822981799,2.06074690718909),
 .UNSPECIFIED.);
#690=B_SPLINE_CURVE_WITH_KNOTS('',3,(#5581,#5582,#5583,#5584,#5585,#5586,
#5587,#5588,#5589),.UNSPECIFIED.,.F.,.F.,(4,3,2,4),(2.06074690718909,2.1827345226619,
2.3132108155058,2.37165036708831),.UNSPECIFIED.);
#691=B_SPLINE_CURVE_WITH_KNOTS('',3,(#5621,#5622,#5623,#5624,#5625,#5626,
#5627,#5628,#5629,#5630,#5631),.UNSPECIFIED.,.F.,.F.,(4,3,2,2,4),(-1.52844921063144,
-1.52807495430624,-0.919966588470194,-0.458548924287994,0.),
 .UNSPECIFIED.);
#692=B_SPLINE_CURVE_WITH_KNOTS('',3,(#5634,#5635,#5636,#5637,#5638,#5639,
#5640,#5641,#5642,#5643,#5644,#5645,#5646),.UNSPECIFIED.,.F.,.F.,(4,3,3,
3,4),(-0.000244363503539084,0.,0.397052717092454,0.698326548486165,0.997727291079232),
 .UNSPECIFIED.);
#693=B_SPLINE_CURVE_WITH_KNOTS('',3,(#5673,#5674,#5675,#5676,#5677,#5678),
 .UNSPECIFIED.,.F.,.F.,(4,2,4),(-0.88960243375373,-0.434304135432788,0.),
 .UNSPECIFIED.);
#694=B_SPLINE_CURVE_WITH_KNOTS('',3,(#5679,#5680,#5681,#5682,#5683,#5684,
#5685),.UNSPECIFIED.,.F.,.F.,(4,3,4),(-0.996911653144595,-0.491553172820709,
-0.00949748764841736),.UNSPECIFIED.);
#695=B_SPLINE_CURVE_WITH_KNOTS('',3,(#5696,#5697,#5698,#5699,#5700,#5701,
#5702,#5703,#5704,#5705,#5706),.UNSPECIFIED.,.F.,.F.,(4,2,2,3,4),(-0.900866473509344,
-0.630598184937778,-0.358639063846265,-0.000220586328947923,0.),
 .UNSPECIFIED.);
#696=B_SPLINE_CURVE_WITH_KNOTS('',3,(#5708,#5709,#5710,#5711,#5712,#5713),
 .UNSPECIFIED.,.F.,.F.,(4,2,4),(-1.32588112268141,-0.678585619846352,0.),
 .UNSPECIFIED.);
#697=B_SPLINE_CURVE_WITH_KNOTS('',3,(#5716,#5717,#5718,#5719,#5720,#5721,
#5722,#5723,#5724,#5725,#5726,#5727,#5728,#5729,#5730,#5731),
 .UNSPECIFIED.,.F.,.F.,(4,3,3,3,3,4),(-0.0186328494755746,0.,0.403484181677454,
0.821518069443018,1.,1.00354260657677),.UNSPECIFIED.);
#698=B_SPLINE_CURVE_WITH_KNOTS('',3,(#5735,#5736,#5737,#5738,#5739,#5740,
#5741,#5742,#5743,#5744,#5745,#5746,#5747),.UNSPECIFIED.,.F.,.F.,(4,3,3,
3,4),(-0.00381110498428335,0.,0.65358052012586,1.,1.00803297310636),
 .UNSPECIFIED.);
#699=B_SPLINE_CURVE_WITH_KNOTS('',3,(#5751,#5752,#5753,#5754,#5755,#5756,
#5757,#5758,#5759,#5760,#5761,#5762,#5763),.UNSPECIFIED.,.F.,.F.,(4,3,3,
3,4),(-1.00803297310648,-1.,-0.653580520118047,0.,0.00381110498426658),
 .UNSPECIFIED.);
#700=B_SPLINE_CURVE_WITH_KNOTS('',3,(#5767,#5768,#5769,#5770,#5771,#5772,
#5773,#5774,#5775,#5776,#5777,#5778,#5779,#5780,#5781,#5782),
 .UNSPECIFIED.,.F.,.F.,(4,3,3,3,3,4),(-1.00354260657673,-1.,-0.821518069467987,
-0.403484181679931,0.,0.018632849474197),.UNSPECIFIED.);
#701=B_SPLINE_CURVE_WITH_KNOTS('',5,(#5793,#5794,#5795,#5796,#5797,#5798,
#5799,#5800,#5801,#5802,#5803,#5804,#5805,#5806,#5807),.UNSPECIFIED.,.F.,
 .F.,(6,1,1,1,1,1,1,1,1,1,6),(-1.,-0.9,-0.8,-0.7,-0.6,-0.5,-0.4,-0.3,-0.2,
-0.1,0.),.UNSPECIFIED.);
#702=B_SPLINE_CURVE_WITH_KNOTS('',5,(#5810,#5811,#5812,#5813,#5814,#5815,
#5816,#5817,#5818,#5819,#5820,#5821,#5822,#5823,#5824),.UNSPECIFIED.,.F.,
 .F.,(6,1,1,1,1,1,1,1,1,1,6),(0.,0.1,0.2,0.3,0.4,0.5,0.6,0.7,0.8,0.9,1.),
 .UNSPECIFIED.);
#703=B_SPLINE_CURVE_WITH_KNOTS('',3,(#5825,#5826,#5827,#5828,#5829,#5830,
#5831,#5832,#5833,#5834,#5835,#5836,#5837,#5838,#5839,#5840,#5841,#5842,
#5843,#5844,#5845,#5846,#5847,#5848,#5849,#5850,#5851,#5852,#5853,#5854,
#5855,#5856,#5857,#5858,#5859,#5860,#5861),.UNSPECIFIED.,.F.,.F.,(4,3,3,
3,3,3,3,3,3,3,3,3,4),(-0.631161662864633,-0.578352707108145,-0.526002289551919,
-0.473760756295768,-0.421251249629549,-0.367919185606506,-0.314220339238295,
-0.260002074231289,-0.201433062952906,-0.130701913517283,-0.0708132557503726,
-0.0211533177797938,1.11022302462516E-16),.UNSPECIFIED.);
#704=B_SPLINE_CURVE_WITH_KNOTS('',5,(#5863,#5864,#5865,#5866,#5867,#5868,
#5869,#5870,#5871,#5872,#5873,#5874,#5875,#5876,#5877),.UNSPECIFIED.,.F.,
 .F.,(6,1,1,1,1,1,1,1,1,1,6),(0.,0.1,0.2,0.3,0.4,0.5,0.6,0.7,0.8,0.9,1.),
 .UNSPECIFIED.);
#705=B_SPLINE_CURVE_WITH_KNOTS('',5,(#5880,#5881,#5882,#5883,#5884,#5885,
#5886,#5887,#5888,#5889,#5890,#5891,#5892,#5893,#5894),.UNSPECIFIED.,.F.,
 .F.,(6,1,1,1,1,1,1,1,1,1,6),(-1.,-0.9,-0.8,-0.7,-0.6,-0.5,-0.4,-0.3,-0.2,
-0.1,0.),.UNSPECIFIED.);
#706=B_SPLINE_CURVE_WITH_KNOTS('',5,(#5965,#5966,#5967,#5968,#5969,#5970,
#5971,#5972,#5973,#5974,#5975,#5976,#5977,#5978),.UNSPECIFIED.,.F.,.F.,
(6,1,1,1,1,1,1,1,1,6),(-0.595044552908033,-0.533333333333333,-0.466666666666667,
-0.4,-0.333333333333333,-0.266666666666667,-0.2,-0.133333333333333,-0.0666666666666667,
0.),.UNSPECIFIED.);
#707=B_SPLINE_CURVE_WITH_KNOTS('',5,(#6043,#6044,#6045,#6046,#6047,#6048,
#6049,#6050,#6051,#6052,#6053,#6054,#6055,#6056,#6057),.UNSPECIFIED.,.F.,
 .F.,(6,1,1,1,1,1,1,1,1,1,6),(2.27958364039537E-6,0.1,0.2,0.3,0.4,0.5,0.6,
0.7,0.8,0.9,0.999999851371507),.UNSPECIFIED.);
#708=B_SPLINE_CURVE_WITH_KNOTS('',3,(#6094,#6095,#6096,#6097,#6098,#6099,
#6100,#6101,#6102,#6103,#6104,#6105,#6106,#6107,#6108,#6109,#6110,#6111),
 .UNSPECIFIED.,.F.,.F.,(4,2,1,1,1,1,1,1,1,1,1,1,2,4),(-1.16089800721525E-5,
0.,0.0927905916786159,0.185581183357232,0.278371775035848,0.371162366714464,
0.46395295839308,0.556743550071696,0.742324733428927,0.835115325107543,
0.881510620946851,0.904708268866505,0.927905916786159,0.927912002128168),
 .UNSPECIFIED.);
#709=B_SPLINE_CURVE_WITH_KNOTS('',3,(#6127,#6128,#6129,#6130,#6131,#6132,
#6133,#6134,#6135,#6136,#6137,#6138,#6139,#6140,#6141,#6142,#6143,#6144,
#6145,#6146,#6147,#6148,#6149,#6150,#6151,#6152,#6153,#6154,#6155,#6156,
#6157,#6158,#6159,#6160,#6161,#6162,#6163,#6164,#6165,#6166,#6167,#6168,
#6169,#6170,#6171,#6172,#6173,#6174,#6175,#6176,#6177,#6178,#6179,#6180,
#6181,#6182,#6183,#6184,#6185,#6186,#6187,#6188,#6189,#6190,#6191,#6192,
#6193,#6194,#6195,#6196,#6197,#6198,#6199,#6200,#6201,#6202),
 .UNSPECIFIED.,.F.,.F.,(4,3,3,3,3,3,3,3,3,3,3,3,3,3,3,3,3,3,3,3,3,3,3,3,
3,4),(0.,0.0232225444141188,0.0469673818512974,0.0708887093140144,0.077753900787167,
0.0818998671876441,0.103961600941638,0.1259064837561,0.145497777942561,
0.152447642553342,0.156042483251106,0.159423910586501,0.165089072129022,
0.186948089704261,0.209269774333598,0.225749953596288,0.234347058037645,
0.238167138922338,0.261199261688796,0.275190491384357,0.298227201238165,
0.309588456029093,0.315169513891453,0.338132926234196,0.361637535796831,
0.385142145359466),.UNSPECIFIED.);
#710=B_SPLINE_CURVE_WITH_KNOTS('',3,(#6219,#6220,#6221,#6222,#6223,#6224),
 .UNSPECIFIED.,.F.,.F.,(4,1,1,4),(1.00308679416905E-6,0.457335116319624,
0.766184961801773,1.07257993090416),.UNSPECIFIED.);
#711=B_SPLINE_CURVE_WITH_KNOTS('',3,(#6253,#6254,#6255,#6256,#6257,#6258,
#6259,#6260,#6261,#6262,#6263,#6264),.UNSPECIFIED.,.F.,.F.,(4,1,1,1,1,1,
1,2,4),(-1.19166538933763,-0.852614111689372,-0.682147554318852,-0.511680996948332,
-0.426447718263072,-0.341214439577812,-0.170747882207292,-0.000281324836772369,
3.1275355002261E-13),.UNSPECIFIED.);
#712=B_SPLINE_CURVE_WITH_KNOTS('',3,(#6303,#6304,#6305,#6306,#6307,#6308,
#6309,#6310,#6311,#6312,#6313,#6314,#6315,#6316,#6317,#6318),
 .UNSPECIFIED.,.F.,.F.,(4,3,3,3,3,4),(-1.00354260657673,-1.,-0.821518069467987,
-0.403484181679931,0.,0.018632849474197),.UNSPECIFIED.);
#713=B_SPLINE_CURVE_WITH_KNOTS('',3,(#6325,#6326,#6327,#6328,#6329,#6330,
#6331,#6332,#6333,#6334,#6335,#6336,#6337,#6338),.UNSPECIFIED.,.F.,.F.,
(4,2,2,2,2,2,4),(-0.555429717085551,-0.519366772179376,-0.482543686115926,
-0.454607937653194,-0.425864552630908,-0.385468292897305,-0.358992886111408),
 .UNSPECIFIED.);
#714=B_SPLINE_CURVE_WITH_KNOTS('',3,(#6364,#6365,#6366,#6367,#6368,#6369,
#6370,#6371,#6372),.UNSPECIFIED.,.F.,.F.,(4,3,2,4),(-0.121617850053742,
0.,0.145973275304939,0.286592469134455),.UNSPECIFIED.);
#715=B_SPLINE_CURVE_WITH_KNOTS('',3,(#6373,#6374,#6375,#6376,#6377,#6378,
#6379,#6380,#6381,#6382,#6383,#6384,#6385,#6386,#6387,#6388,#6389,#6390,
#6391,#6392,#6393,#6394,#6395,#6396,#6397,#6398,#6399,#6400,#6401,#6402,
#6403,#6404,#6405,#6406,#6407,#6408,#6409),.UNSPECIFIED.,.F.,.F.,(4,3,3,
3,3,3,3,3,3,3,3,3,4),(0.,0.0221411369420048,0.044617200788389,0.0670789134210506,
0.078088290097882,0.100614080462886,0.122945510948637,0.135096820034173,
0.156199447526608,0.178409628423569,0.2009783038525,0.223586204376101,0.227264243345687),
 .UNSPECIFIED.);
#716=B_SPLINE_CURVE_WITH_KNOTS('',3,(#6414,#6415,#6416,#6417,#6418,#6419,
#6420,#6421,#6422,#6423,#6424,#6425,#6426,#6427,#6428,#6429),
 .UNSPECIFIED.,.F.,.F.,(4,2,2,2,2,2,2,4),(0.,0.0845858469277782,0.123933453687855,
0.144903977188515,0.155749369450784,0.161247038465473,0.164003584663058,
0.166654874363822),.UNSPECIFIED.);
#717=B_SPLINE_CURVE_WITH_KNOTS('',3,(#6483,#6484,#6485,#6486,#6487,#6488,
#6489,#6490,#6491,#6492,#6493,#6494,#6495,#6496),.UNSPECIFIED.,.F.,.F.,
(4,2,2,2,2,2,4),(1.38310583369093E-10,0.0838861353497682,0.167772270561226,
0.224566746767383,0.281361222973539,0.33413064827764,0.342075749711738),
 .UNSPECIFIED.);
#718=B_SPLINE_CURVE_WITH_KNOTS('',3,(#6498,#6499,#6500,#6501,#6502,#6503,
#6504,#6505,#6506,#6507,#6508,#6509,#6510,#6511),.UNSPECIFIED.,.F.,.F.,
(4,2,2,2,2,2,4),(0.648245816291742,0.656190917725817,0.708960343029775,
0.765754819235779,0.822549295441783,0.906435430653015,0.990321565864248),
 .UNSPECIFIED.);
#719=B_SPLINE_CURVE_WITH_KNOTS('',3,(#6519,#6520,#6521,#6522,#6523,#6524,
#6525,#6526,#6527,#6528,#6529,#6530,#6531,#6532),.UNSPECIFIED.,.F.,.F.,
(4,2,2,2,2,2,4),(3.14199518150942E-15,0.0838861352453795,0.167772270490756,
0.224566746719874,0.281361222948993,0.334130648274429,0.34207574971173),
 .UNSPECIFIED.);
#720=B_SPLINE_CURVE_WITH_KNOTS('',3,(#6534,#6535,#6536,#6537,#6538,#6539,
#6540,#6541,#6542,#6543,#6544,#6545,#6546,#6547),.UNSPECIFIED.,.F.,.F.,
(4,2,2,2,2,2,4),(0.648180782842906,0.655323584431567,0.708969302638783,
0.765763778867902,0.822558255097021,0.906444390342399,0.990330525587776),
 .UNSPECIFIED.);
#721=B_SPLINE_CURVE_WITH_KNOTS('',3,(#6553,#6554,#6555,#6556),
 .UNSPECIFIED.,.F.,.F.,(4,4),(0.,0.0721453545435892),.UNSPECIFIED.);
#722=B_SPLINE_CURVE_WITH_KNOTS('',3,(#6558,#6559,#6560,#6561,#6562,#6563),
 .UNSPECIFIED.,.F.,.F.,(4,2,4),(0.862351290344034,0.906592362489137,0.990478497734514),
 .UNSPECIFIED.);
#723=B_SPLINE_CURVE_WITH_KNOTS('',3,(#6565,#6566,#6567,#6568,#6569,#6570,
#6571,#6572,#6573,#6574,#6575,#6576,#6577,#6578,#6579,#6580),
 .UNSPECIFIED.,.F.,.F.,(4,2,2,2,2,2,2,4),(0.,0.00761305847517881,0.0156632268643024,
0.0317562657814417,0.0625746679185474,0.111837507182006,0.159929102112634,
0.211430360237251),.UNSPECIFIED.);
#724=B_SPLINE_CURVE_WITH_KNOTS('',3,(#6583,#6584,#6585,#6586,#6587,#6588,
#6589,#6590,#6591,#6592,#6593,#6594,#6595,#6596),.UNSPECIFIED.,.F.,.F.,
(4,2,2,2,2,2,4),(0.0721453545435892,0.0777021789151834,0.155404357830367,
0.218456776463048,0.28150919509573,0.335154913302946,0.342297714891602),
 .UNSPECIFIED.);
#725=B_SPLINE_CURVE_WITH_KNOTS('',3,(#6601,#6602,#6603,#6604,#6605,#6606,
#6607,#6608,#6609,#6610,#6611,#6612,#6613,#6614),.UNSPECIFIED.,.F.,.F.,
(4,2,2,2,2,2,4),(0.648180782842906,0.655323584431563,0.708969302638779,
0.772021721271464,0.835074139904148,0.912776318819327,0.918333143190942),
 .UNSPECIFIED.);
#726=B_SPLINE_CURVE_WITH_KNOTS('',3,(#6618,#6619,#6620,#6621,#6622,#6623,
#6624,#6625,#6626,#6627,#6628,#6629,#6630,#6631,#6632,#6633),
 .UNSPECIFIED.,.F.,.F.,(4,2,2,2,2,2,2,4),(1.96719392595982E-9,0.0602109871302183,
0.116477775191544,0.174100989817351,0.210170920931393,0.228985524917184,
0.238399608617468,0.247302080885025),.UNSPECIFIED.);
#727=B_SPLINE_CURVE_WITH_KNOTS('',3,(#6635,#6636,#6637,#6638,#6639,#6640),
 .UNSPECIFIED.,.F.,.F.,(4,2,4),(3.95319074501648E-15,0.083886135245373,
0.128127207390566),.UNSPECIFIED.);
#728=B_SPLINE_CURVE_WITH_KNOTS('',3,(#6641,#6642,#6643,#6644),
 .UNSPECIFIED.,.F.,.F.,(4,4),(0.918333143190942,0.990478497734505),
 .UNSPECIFIED.);
#729=B_SPLINE_CURVE_WITH_KNOTS('',3,(#6650,#6651,#6652,#6653,#6654,#6655,
#6656,#6657,#6658,#6659,#6660,#6661,#6662,#6663,#6664,#6665,#6666,#6667,
#6668,#6669,#6670,#6671,#6672,#6673,#6674,#6675,#6676,#6677,#6678,#6679,
#6680,#6681,#6682,#6683,#6684,#6685,#6686),.UNSPECIFIED.,.F.,.F.,(4,3,3,
3,3,3,3,3,3,3,3,3,4),(-0.2076042898379,-0.185088116081831,-0.162526758864809,
-0.158411570035697,-0.135698671409367,-0.113023739898454,-0.103465147106605,
-0.0802551669173503,-0.0590963588373825,-0.0378477464317761,-0.0167282409529097,
0.,0.000687096174935114),.UNSPECIFIED.);
#730=B_SPLINE_CURVE_WITH_KNOTS('',3,(#6709,#6710,#6711,#6712,#6713,#6714,
#6715,#6716,#6717,#6718,#6719,#6720,#6721,#6722,#6723,#6724,#6725,#6726,
#6727,#6728,#6729,#6730,#6731,#6732,#6733,#6734,#6735,#6736,#6737,#6738,
#6739,#6740,#6741,#6742,#6743,#6744,#6745),.UNSPECIFIED.,.F.,.F.,(4,3,3,
3,3,3,3,3,3,3,3,3,4),(0.107007257158458,0.129523527563983,0.152085025814677,
0.156197761925127,0.178908987080989,0.20158239108677,0.211141716550918,
0.234350647396276,0.255508984552469,0.276757062144339,0.297875964713693,
0.314600376546581,0.315289251923119),.UNSPECIFIED.);
#731=B_SPLINE_CURVE_WITH_KNOTS('',3,(#6799,#6800,#6801,#6802,#6803),
 .UNSPECIFIED.,.F.,.F.,(4,1,4),(-4.5623559445417E-15,0.409150197642774,
0.954683794499813),.UNSPECIFIED.);
#732=B_SPLINE_CURVE_WITH_KNOTS('',3,(#6804,#6805,#6806,#6807,#6808,#6809,
#6810,#6811,#6812,#6813,#6814,#6815,#6816,#6817,#6818,#6819,#6820,#6821,
#6822,#6823,#6824,#6825,#6826,#6827,#6828,#6829,#6830,#6831,#6832,#6833,
#6834,#6835,#6836,#6837,#6838,#6839,#6840,#6841,#6842,#6843,#6844,#6845,
#6846,#6847,#6848,#6849,#6850,#6851,#6852,#6853,#6854,#6855),
 .UNSPECIFIED.,.F.,.F.,(4,3,3,3,3,3,3,3,3,3,3,3,3,3,3,3,3,4),(-0.314265207887933,
-0.292115309482419,-0.26963332673259,-0.247175033548006,-0.236143631245945,
-0.21361577266243,-0.191293467808649,-0.179176645151461,-0.158017761548544,
-0.135744893398457,-0.113148431641617,-0.0905590434471757,-0.0798833557981815,
-0.0572204518926302,-0.0346876181455257,-0.0127882824793037,0.,0.000909107823928667),
 .UNSPECIFIED.);
#733=B_SPLINE_CURVE_WITH_KNOTS('',3,(#6859,#6860,#6861,#6862,#6863,#6864,
#6865,#6866,#6867,#6868,#6869,#6870,#6871,#6872,#6873,#6874,#6875,#6876,
#6877,#6878,#6879,#6880,#6881,#6882,#6883,#6884,#6885,#6886,#6887,#6888,
#6889,#6890,#6891,#6892,#6893,#6894,#6895,#6896,#6897,#6898,#6899,#6900,
#6901,#6902,#6903,#6904,#6905,#6906,#6907,#6908,#6909,#6910),
 .UNSPECIFIED.,.F.,.F.,(4,3,3,3,3,3,3,3,3,3,3,3,3,3,3,3,3,4),(0.,0.0221494920932375,
0.0446311658643413,0.0670894955284184,0.0781212217196924,0.100648879991892,
0.122971368776155,0.13508794903576,0.156246736558276,0.178519849320984,
0.201116401180857,0.223705600576028,0.234380787425707,0.257043621124746,
0.279576220428352,0.3014751571625,0.314268076407887,0.315172925599686),
 .UNSPECIFIED.);
#734=B_SPLINE_CURVE_WITH_KNOTS('',3,(#6936,#6937,#6938,#6939,#6940),
 .UNSPECIFIED.,.F.,.F.,(4,1,4),(-2.34633178487275E-16,0.545533596857043,
0.954683794499826),.UNSPECIFIED.);
#735=B_SPLINE_CURVE_WITH_KNOTS('',3,(#7017,#7018,#7019,#7020,#7021,#7022,
#7023,#7024,#7025,#7026,#7027,#7028,#7029,#7030,#7031,#7032,#7033,#7034,
#7035,#7036,#7037,#7038,#7039,#7040,#7041,#7042),.UNSPECIFIED.,.F.,.F.,
(4,2,2,2,2,2,2,2,2,2,2,2,4),(-0.262902456940528,-0.19648733823268,-0.145866829305101,
-0.112420170071998,-0.0891007524460295,-0.0703434548098992,-0.0540526731409081,
-0.044927891073094,-0.0376423556506182,-0.0313336877716662,-0.0240785826944633,
-3.02505832772137E-7,0.00219847755483231),.UNSPECIFIED.);
#736=B_SPLINE_CURVE_WITH_KNOTS('',3,(#7044,#7045,#7046,#7047,#7048,#7049,
#7050,#7051,#7052,#7053,#7054,#7055,#7056,#7057,#7058,#7059,#7060,#7061,
#7062,#7063,#7064,#7065,#7066,#7067,#7068,#7069),.UNSPECIFIED.,.F.,.F.,
(4,2,2,2,2,2,2,2,2,2,2,2,4),(0.,0.0429309717491019,0.0758937926352,0.0978167559821187,
0.113086705453863,0.125068940170757,0.135246089538695,0.1409409217766,0.14548364120973,
0.149418712026342,0.153893667009035,0.168588584726703,0.16990235588018),
 .UNSPECIFIED.);
#737=B_SPLINE_CURVE_WITH_KNOTS('',3,(#7163,#7164,#7165,#7166,#7167,#7168,
#7169,#7170,#7171,#7172,#7173,#7174,#7175,#7176,#7177,#7178,#7179,#7180,
#7181,#7182,#7183,#7184,#7185,#7186,#7187,#7188,#7189,#7190,#7191,#7192,
#7193,#7194,#7195,#7196,#7197,#7198,#7199,#7200,#7201,#7202,#7203,#7204,
#7205,#7206,#7207,#7208,#7209,#7210,#7211,#7212,#7213,#7214),
 .UNSPECIFIED.,.F.,.F.,(4,3,3,3,3,3,3,3,3,3,3,3,3,3,3,3,3,4),(-0.315200795777376,
-0.31442554979493,-0.293369765199084,-0.271989678633329,-0.250584883338496,
-0.234370928771323,-0.209560484419852,-0.185181884387684,-0.180034685347663,
-0.156228125742551,-0.135164511804112,-0.113766291312517,-0.092286307523854,
-0.0781082462946028,-0.0537126393208238,-0.0295585434556748,-0.00616137122824094,
0.),.UNSPECIFIED.);
#738=B_SPLINE_CURVE_WITH_KNOTS('',3,(#7217,#7218,#7219,#7220,#7221,#7222,
#7223,#7224,#7225,#7226,#7227,#7228,#7229,#7230,#7231,#7232,#7233,#7234,
#7235,#7236,#7237,#7238,#7239,#7240,#7241,#7242,#7243,#7244,#7245,#7246,
#7247,#7248,#7249,#7250,#7251,#7252,#7253,#7254,#7255,#7256,#7257,#7258,
#7259,#7260,#7261,#7262,#7263,#7264,#7265,#7266,#7267,#7268),
 .UNSPECIFIED.,.F.,.F.,(4,3,3,3,3,3,3,3,3,3,3,3,3,3,3,3,3,4),(-0.000729527309046025,
0.,0.0210514216017944,0.0424286466038455,0.0638353410726729,0.0801565013377249,
0.104945080386302,0.12931252386609,0.134468716654853,0.158313867487989,
0.179381357527824,0.200781859029985,0.222260741070937,0.236427231948519,
0.260832215149253,0.284994185928875,0.308397988791142,0.314518274185245),
 .UNSPECIFIED.);
#739=B_SPLINE_CURVE_WITH_KNOTS('',3,(#7270,#7271,#7272,#7273,#7274,#7275,
#7276,#7277,#7278,#7279,#7280,#7281,#7282,#7283,#7284,#7285,#7286,#7287,
#7288,#7289,#7290,#7291,#7292,#7293,#7294,#7295,#7296,#7297,#7298,#7299),
 .UNSPECIFIED.,.F.,.F.,(4,2,2,2,2,2,2,2,2,2,2,2,2,2,4),(0.,0.11185454888665,
0.223705395089857,0.335552812350735,0.447397074321933,0.559238454574602,
0.671077226605423,0.783542149118727,0.895396825584787,1.00724435214547,
1.11908582347946,1.23201351928756,1.34386117393362,1.45732889032274,1.57079660671185),
 .UNSPECIFIED.);
#740=B_SPLINE_CURVE_WITH_KNOTS('',3,(#7300,#7301,#7302,#7303,#7304,#7305,
#7306,#7307,#7308,#7309,#7310,#7311,#7312,#7313,#7314,#7315,#7316,#7317,
#7318,#7319,#7320,#7321,#7322,#7323,#7324,#7325,#7326,#7327,#7328,#7329,
#7330,#7331,#7332,#7333,#7334,#7335,#7336,#7337,#7338,#7339,#7340,#7341,
#7342,#7343,#7344,#7345,#7346,#7347,#7348,#7349,#7350,#7351),
 .UNSPECIFIED.,.F.,.F.,(4,3,3,3,3,3,3,3,3,3,3,3,3,3,3,3,3,4),(-0.315165709047096,
-0.314170070227444,-0.293117596841993,-0.271741683108962,-0.250341666266871,
-0.234383051507024,-0.209585364055838,-0.185214601774633,-0.180025732624133,
-0.156250948467348,-0.135188883610262,-0.11379150501065,-0.0923108826889612,
-0.0781241324391224,-0.0537212844139408,-0.0295592540479492,-0.00615383745360139,
0.),.UNSPECIFIED.);
#741=B_SPLINE_CURVE_WITH_KNOTS('',3,(#7403,#7404,#7405,#7406,#7407,#7408,
#7409,#7410,#7411,#7412,#7413,#7414,#7415,#7416,#7417,#7418,#7419,#7420,
#7421,#7422,#7423,#7424,#7425,#7426,#7427,#7428,#7429,#7430,#7431,#7432,
#7433,#7434,#7435,#7436,#7437,#7438,#7439,#7440,#7441,#7442,#7443,#7444,
#7445,#7446,#7447,#7448,#7449,#7450,#7451),.UNSPECIFIED.,.F.,.F.,(4,3,3,
3,3,3,3,3,3,3,3,3,3,3,3,3,4),(0.,0.0693371208588606,0.138649907593939,0.207952450343013,
0.277258825628875,0.346613836783811,0.415992771740264,0.485443236235313,
0.512554403625668,0.571431051101281,0.639530437268335,0.707566005355641,
0.775557337480716,0.843537232475038,0.911510001502127,0.979515644460498,
1.00000419383837),.UNSPECIFIED.);
#742=B_SPLINE_CURVE_WITH_KNOTS('',3,(#7452,#7453,#7454,#7455,#7456,#7457,
#7458,#7459,#7460,#7461,#7462,#7463,#7464,#7465,#7466,#7467,#7468,#7469,
#7470,#7471,#7472,#7473,#7474,#7475,#7476,#7477,#7478,#7479,#7480,#7481,
#7482,#7483,#7484,#7485,#7486,#7487,#7488,#7489,#7490,#7491,#7492,#7493,
#7494,#7495,#7496,#7497,#7498,#7499,#7500,#7501,#7502,#7503),
 .UNSPECIFIED.,.F.,.F.,(4,3,3,3,3,3,3,3,3,3,3,3,3,3,3,3,3,4),(-0.000776661095298491,
0.,0.0210583377205881,0.0424411155583663,0.0638488074382718,0.0800541533494039,
0.104861246766941,0.129237267947785,0.134391029090696,0.158197885424574,
0.179262122992168,0.200660785978239,0.222140848792265,0.236318693660218,
0.260718748395323,0.284877101301637,0.308278306703442,0.314427868668344),
 .UNSPECIFIED.);
#743=B_SPLINE_CURVE_WITH_KNOTS('',3,(#7504,#7505,#7506,#7507,#7508,#7509,
#7510,#7511,#7512,#7513),.UNSPECIFIED.,.F.,.F.,(4,2,1,1,2,4),(-1.04790445424542,
-1.04077532639528,-0.596590946113609,-0.448529486019717,-0.00434510573804067,
-3.15754367097296E-14),.UNSPECIFIED.);
#744=B_SPLINE_CURVE_WITH_KNOTS('',3,(#7515,#7516,#7517,#7518,#7519,#7520,
#7521,#7522,#7523,#7524,#7525,#7526,#7527,#7528,#7529,#7530,#7531,#7532,
#7533,#7534,#7535,#7536,#7537,#7538,#7539,#7540,#7541,#7542,#7543,#7544,
#7545,#7546,#7547,#7548,#7549,#7550,#7551,#7552,#7553,#7554,#7555,#7556,
#7557,#7558,#7559,#7560,#7561,#7562,#7563,#7564,#7565,#7566),
 .UNSPECIFIED.,.F.,.F.,(4,3,3,3,3,3,3,3,3,3,3,3,3,3,3,3,3,4),(-0.315240611953544,
-0.314511743588788,-0.293458949388679,-0.272080233362196,-0.250671849566851,
-0.234356423555417,-0.209571351976094,-0.185206771609807,-0.180045458468177,
-0.156200841301999,-0.13513353296877,-0.113733369766473,-0.0922551206146899,
-0.0780892597520084,-0.0536814873884743,-0.0295168737260444,-0.00611058384386622,
0.),.UNSPECIFIED.);
#745=B_SPLINE_CURVE_WITH_KNOTS('',3,(#7637,#7638,#7639,#7640,#7641,#7642,
#7643,#7644,#7645,#7646,#7647,#7648,#7649,#7650,#7651,#7652,#7653,#7654,
#7655,#7656,#7657,#7658,#7659,#7660,#7661,#7662,#7663,#7664,#7665,#7666,
#7667,#7668,#7669,#7670,#7671,#7672,#7673,#7674,#7675,#7676,#7677,#7678,
#7679,#7680,#7681,#7682,#7683,#7684,#7685,#7686,#7687,#7688),
 .UNSPECIFIED.,.F.,.F.,(4,3,3,3,3,3,3,3,3,3,3,3,3,3,3,3,3,4),(-0.000993988494288422,
0.,0.0210524248210457,0.0424288573640332,0.0638301024327923,0.0797889070489904,
0.104584272715065,0.128953129757599,0.134146354449788,0.157921224701568,
0.178983658714462,0.200381238709436,0.221861775813667,0.236048255326078,
0.260454489812538,0.284619775319695,0.308028279601599,0.314172602344061),
 .UNSPECIFIED.);
#746=B_SPLINE_CURVE_WITH_KNOTS('',3,(#7749,#7750,#7751,#7752,#7753,#7754,
#7755,#7756,#7757,#7758,#7759,#7760,#7761,#7762,#7763,#7764,#7765,#7766,
#7767,#7768,#7769,#7770,#7771,#7772,#7773,#7774,#7775,#7776,#7777,#7778,
#7779,#7780,#7781,#7782,#7783,#7784,#7785,#7786,#7787,#7788,#7789,#7790,
#7791,#7792,#7793,#7794,#7795,#7796,#7797),.UNSPECIFIED.,.F.,.F.,(4,3,3,
3,3,3,3,3,3,3,3,3,3,3,3,3,4),(0.,0.0714285725002054,0.141333956580655,0.211232912838123,
0.281136229379044,0.353709317034694,0.423683511708381,0.493685878987269,
0.563751732611009,0.571428580001643,0.639500209342882,0.707507043410174,
0.775468735124817,0.843417841144128,0.911359168014516,0.979332626430086,
1.00000001758753),.UNSPECIFIED.);
#747=B_SPLINE_CURVE_WITH_KNOTS('',3,(#7798,#7799,#7800,#7801,#7802,#7803,
#7804,#7805,#7806,#7807,#7808,#7809,#7810,#7811,#7812,#7813,#7814,#7815,
#7816,#7817,#7818,#7819,#7820,#7821,#7822,#7823,#7824,#7825,#7826,#7827,
#7828,#7829,#7830,#7831,#7832,#7833,#7834,#7835,#7836,#7837,#7838,#7839,
#7840,#7841,#7842,#7843,#7844,#7845,#7846,#7847,#7848,#7849),
 .UNSPECIFIED.,.F.,.F.,(4,3,3,3,3,3,3,3,3,3,3,3,3,3,3,3,3,4),(-0.315163760954861,
-0.314168826093779,-0.293113743418786,-0.27173498564203,-0.250331952233139,
-0.234383918417872,-0.209589956245317,-0.185222198834984,-0.18002545256698,
-0.15625269767498,-0.135191630212494,-0.113795420053796,-0.0923161079439578,
-0.0781253940924453,-0.053718959043677,-0.0295533363773154,-0.00614427693180447,
0.),.UNSPECIFIED.);
#748=B_SPLINE_CURVE_WITH_KNOTS('',3,(#7851,#7852,#7853,#7854,#7855,#7856,
#7857,#7858,#7859,#7860,#7861,#7862,#7863,#7864,#7865,#7866,#7867,#7868,
#7869,#7870,#7871,#7872,#7873,#7874,#7875,#7876,#7877,#7878,#7879,#7880,
#7881,#7882,#7883,#7884,#7885,#7886,#7887,#7888,#7889,#7890,#7891,#7892,
#7893,#7894,#7895,#7896,#7897,#7898,#7899,#7900,#7901,#7902,#7903,#7904,
#7905),.UNSPECIFIED.,.F.,.F.,(4,3,3,3,3,3,3,3,3,3,3,3,3,3,3,3,3,3,4),(-0.000725443368606423,
0.,0.0221698230167624,0.0446688203498071,0.0671306512055081,0.0801503728569241,
0.102684484741054,0.125013094353369,0.134427265701166,0.156996318455839,
0.158303737377654,0.18060956143954,0.203221822244009,0.225794167079634,
0.236418960219747,0.259073277550551,0.281577509603417,0.303444445234477,
0.314515417229512),.UNSPECIFIED.);
#749=B_SPLINE_CURVE_WITH_KNOTS('',3,(#7936,#7937,#7938,#7939,#7940,#7941,
#7942,#7943,#7944,#7945,#7946,#7947,#7948,#7949,#7950,#7951,#7952,#7953,
#7954,#7955,#7956,#7957,#7958,#7959,#7960,#7961,#7962,#7963,#7964,#7965,
#7966,#7967,#7968,#7969,#7970,#7971,#7972,#7973,#7974,#7975,#7976,#7977,
#7978,#7979,#7980,#7981,#7982,#7983,#7984,#7985,#7986,#7987,#7988,#7989,
#7990),.UNSPECIFIED.,.F.,.F.,(4,3,3,3,3,3,3,3,3,3,3,3,3,3,3,3,3,3,4),(-0.315168484824469,
-0.314229526430104,-0.292067462889075,-0.269576475850896,-0.247121990840142,
-0.234382314509787,-0.2118538402273,-0.189526177872277,-0.180067696145832,
-0.157504634700657,-0.156249623687431,-0.133949780794413,-0.111340511278445,
-0.0887658465567736,-0.0781232359621477,-0.055467893300017,-0.0329611555309118,
-0.0110908190863893,0.),.UNSPECIFIED.);
#750=B_SPLINE_CURVE_WITH_KNOTS('',3,(#7992,#7993,#7994,#7995,#7996,#7997,
#7998,#7999,#8000,#8001,#8002,#8003,#8004,#8005,#8006,#8007,#8008,#8009,
#8010,#8011,#8012,#8013,#8014,#8015,#8016,#8017,#8018,#8019,#8020,#8021,
#8022,#8023,#8024,#8025,#8026,#8027,#8028,#8029,#8030,#8031,#8032,#8033,
#8034,#8035,#8036,#8037,#8038,#8039,#8040,#8041,#8042,#8043,#8044,#8045,
#8046),.UNSPECIFIED.,.F.,.F.,(4,3,3,3,3,3,3,3,3,3,3,3,3,3,3,3,3,3,4),(-0.000938961602686751,
0.,0.0221623835914024,0.0446536136072086,0.0671080619361626,0.0798474847325825,
0.102376113071324,0.124703629995353,0.134162288673721,0.156725277519487,
0.157980442511545,0.180280088597277,0.202889286183588,0.225464098414573,
0.236107097171917,0.258762490901398,0.281269411550292,0.303140033983877,
0.314230600058389),.UNSPECIFIED.);
#751=B_SPLINE_CURVE_WITH_KNOTS('',3,(#8078,#8079,#8080,#8081,#8082,#8083,
#8084,#8085,#8086,#8087,#8088,#8089,#8090,#8091,#8092,#8093),
 .UNSPECIFIED.,.F.,.F.,(4,2,2,2,2,2,2,4),(-0.00139918087379725,0.,0.0433430766711288,
0.0810297660723807,0.134611715821305,0.168484951255341,0.183995959266829,
0.201240357122706),.UNSPECIFIED.);
#752=B_SPLINE_CURVE_WITH_KNOTS('',3,(#8096,#8097,#8098,#8099,#8100,#8101,
#8102,#8103,#8104,#8105,#8106,#8107,#8108,#8109,#8110,#8111,#8112,#8113,
#8114,#8115,#8116,#8117,#8118,#8119,#8120,#8121,#8122,#8123,#8124,#8125,
#8126,#8127,#8128,#8129,#8130,#8131,#8132,#8133,#8134,#8135,#8136,#8137,
#8138,#8139,#8140,#8141,#8142,#8143,#8144,#8145,#8146,#8147),
 .UNSPECIFIED.,.F.,.F.,(4,3,3,3,3,3,3,3,3,3,3,3,3,3,3,3,3,4),(-0.000988229904003253,
0.,0.0210509383022945,0.0424256697188813,0.0638249786850463,0.0797918655218867,
0.104589559660545,0.128960367778588,0.134150893772788,0.157923267338499,
0.178985439577729,0.200382959794633,0.221863812750395,0.236050751971898,
0.260453124805056,0.284614722301165,0.308019793113282,0.314176327088876),
 .UNSPECIFIED.);
#753=B_SPLINE_CURVE_WITH_KNOTS('',3,(#8210,#8211,#8212,#8213,#8214,#8215,
#8216,#8217,#8218,#8219,#8220,#8221,#8222,#8223,#8224,#8225,#8226,#8227,
#8228,#8229,#8230,#8231,#8232,#8233,#8234,#8235,#8236,#8237,#8238,#8239,
#8240,#8241,#8242,#8243,#8244,#8245,#8246,#8247,#8248,#8249,#8250,#8251,
#8252),.UNSPECIFIED.,.F.,.F.,(4,3,3,3,3,3,3,3,3,3,3,3,3,3,4),(0.,0.111859281983188,
0.223714861126262,0.335567011181912,0.447416005814368,0.55926211860635,
0.671105623066147,0.783575304503793,0.895434714071792,1.00728697343187,
1.11913317730903,1.2320656516236,1.34391803907448,1.4573905568209,1.57086307456732),
 .UNSPECIFIED.);
#754=B_SPLINE_CURVE_WITH_KNOTS('',3,(#8324,#8325,#8326,#8327,#8328,#8329,
#8330,#8331,#8332,#8333,#8334,#8335,#8336,#8337,#8338,#8339),
 .UNSPECIFIED.,.F.,.F.,(4,3,3,3,3,4),(-0.0186328494755746,0.,0.403484181677454,
0.821518069443018,1.,1.00354260657677),.UNSPECIFIED.);
#755=B_SPLINE_CURVE_WITH_KNOTS('',3,(#8390,#8391,#8392,#8393,#8394,#8395,
#8396,#8397,#8398,#8399),.UNSPECIFIED.,.F.,.F.,(4,2,1,1,2,4),(-1.0479047789677,
-1.04355934850712,-0.599374968225436,-0.451313508131542,-0.00712912784985817,
1.89681011838813E-13),.UNSPECIFIED.);
#756=B_SPLINE_CURVE_WITH_KNOTS('',3,(#8460,#8461,#8462,#8463,#8464,#8465,
#8466,#8467,#8468,#8469,#8470,#8471,#8472,#8473),.UNSPECIFIED.,.F.,.F.,
(4,2,2,2,2,2,4),(-0.00144104831804104,0.,0.128080863303558,0.30469996927223,
0.48131907523809,0.60939993890626,0.610840987195862),.UNSPECIFIED.);
#757=LINE('',#3995,#960);
#758=LINE('',#4012,#961);
#759=LINE('',#4028,#962);
#760=LINE('',#4240,#963);
#761=LINE('',#4241,#964);
#762=LINE('',#4318,#965);
#763=LINE('',#4321,#966);
#764=LINE('',#4333,#967);
#765=LINE('',#4343,#968);
#766=LINE('',#4361,#969);
#767=LINE('',#4393,#970);
#768=LINE('',#4397,#971);
#769=LINE('',#4401,#972);
#770=LINE('',#4409,#973);
#771=LINE('',#4416,#974);
#772=LINE('',#4419,#975);
#773=LINE('',#4423,#976);
#774=LINE('',#4427,#977);
#775=LINE('',#4431,#978);
#776=LINE('',#4439,#979);
#777=LINE('',#4443,#980);
#778=LINE('',#4447,#981);
#779=LINE('',#4470,#982);
#780=LINE('',#4474,#983);
#781=LINE('',#4478,#984);
#782=LINE('',#4480,#985);
#783=LINE('',#4507,#986);
#784=LINE('',#4511,#987);
#785=LINE('',#4515,#988);
#786=LINE('',#4523,#989);
#787=LINE('',#4525,#990);
#788=LINE('',#4528,#991);
#789=LINE('',#4531,#992);
#790=LINE('',#4533,#993);
#791=LINE('',#4534,#994);
#792=LINE('',#4539,#995);
#793=LINE('',#4540,#996);
#794=LINE('',#4543,#997);
#795=LINE('',#4545,#998);
#796=LINE('',#4546,#999);
#797=LINE('',#4552,#1000);
#798=LINE('',#4555,#1001);
#799=LINE('',#4557,#1002);
#800=LINE('',#4558,#1003);
#801=LINE('',#4563,#1004);
#802=LINE('',#4564,#1005);
#803=LINE('',#4568,#1006);
#804=LINE('',#4572,#1007);
#805=LINE('',#4574,#1008);
#806=LINE('',#4576,#1009);
#807=LINE('',#4577,#1010);
#808=LINE('',#4580,#1011);
#809=LINE('',#4581,#1012);
#810=LINE('',#4585,#1013);
#811=LINE('',#4589,#1014);
#812=LINE('',#4590,#1015);
#813=LINE('',#4593,#1016);
#814=LINE('',#4594,#1017);
#815=LINE('',#4596,#1018);
#816=LINE('',#4598,#1019);
#817=LINE('',#4599,#1020);
#818=LINE('',#4601,#1021);
#819=LINE('',#4606,#1022);
#820=LINE('',#4607,#1023);
#821=LINE('',#4610,#1024);
#822=LINE('',#4614,#1025);
#823=LINE('',#4616,#1026);
#824=LINE('',#4618,#1027);
#825=LINE('',#4622,#1028);
#826=LINE('',#4626,#1029);
#827=LINE('',#4649,#1030);
#828=LINE('',#4652,#1031);
#829=LINE('',#4656,#1032);
#830=LINE('',#4658,#1033);
#831=LINE('',#4660,#1034);
#832=LINE('',#4661,#1035);
#833=LINE('',#4663,#1036);
#834=LINE('',#4665,#1037);
#835=LINE('',#4666,#1038);
#836=LINE('',#4668,#1039);
#837=LINE('',#4670,#1040);
#838=LINE('',#4671,#1041);
#839=LINE('',#4693,#1042);
#840=LINE('',#4694,#1043);
#841=LINE('',#4720,#1044);
#842=LINE('',#4722,#1045);
#843=LINE('',#4729,#1046);
#844=LINE('',#4730,#1047);
#845=LINE('',#4733,#1048);
#846=LINE('',#4737,#1049);
#847=LINE('',#4741,#1050);
#848=LINE('',#4768,#1051);
#849=LINE('',#4770,#1052);
#850=LINE('',#4772,#1053);
#851=LINE('',#4773,#1054);
#852=LINE('',#4779,#1055);
#853=LINE('',#4781,#1056);
#854=LINE('',#4783,#1057);
#855=LINE('',#4784,#1058);
#856=LINE('',#4786,#1059);
#857=LINE('',#4807,#1060);
#858=LINE('',#4832,#1061);
#859=LINE('',#4833,#1062);
#860=LINE('',#4835,#1063);
#861=LINE('',#4838,#1064);
#862=LINE('',#4839,#1065);
#863=LINE('',#4841,#1066);
#864=LINE('',#4845,#1067);
#865=LINE('',#4862,#1068);
#866=LINE('',#4878,#1069);
#867=LINE('',#4891,#1070);
#868=LINE('',#4904,#1071);
#869=LINE('',#4920,#1072);
#870=LINE('',#4935,#1073);
#871=LINE('',#4944,#1074);
#872=LINE('',#4952,#1075);
#873=LINE('',#4955,#1076);
#874=LINE('',#4959,#1077);
#875=LINE('',#4963,#1078);
#876=LINE('',#4969,#1079);
#877=LINE('',#4973,#1080);
#878=LINE('',#4978,#1081);
#879=LINE('',#4980,#1082);
#880=LINE('',#4982,#1083);
#881=LINE('',#4983,#1084);
#882=LINE('',#4987,#1085);
#883=LINE('',#4988,#1086);
#884=LINE('',#4989,#1087);
#885=LINE('',#4995,#1088);
#886=LINE('',#5077,#1089);
#887=LINE('',#5080,#1090);
#888=LINE('',#5082,#1091);
#889=LINE('',#5083,#1092);
#890=LINE('',#5251,#1093);
#891=LINE('',#5252,#1094);
#892=LINE('',#5257,#1095);
#893=LINE('',#5259,#1096);
#894=LINE('',#5260,#1097);
#895=LINE('',#5283,#1098);
#896=LINE('',#5286,#1099);
#897=LINE('',#5487,#1100);
#898=LINE('',#5521,#1101);
#899=LINE('',#5592,#1102);
#900=LINE('',#5593,#1103);
#901=LINE('',#5633,#1104);
#902=LINE('',#5650,#1105);
#903=LINE('',#5652,#1106);
#904=LINE('',#5654,#1107);
#905=LINE('',#5655,#1108);
#906=LINE('',#5672,#1109);
#907=LINE('',#5689,#1110);
#908=LINE('',#5690,#1111);
#909=LINE('',#5691,#1112);
#910=LINE('',#5714,#1113);
#911=LINE('',#5733,#1114);
#912=LINE('',#5749,#1115);
#913=LINE('',#5765,#1116);
#914=LINE('',#5783,#1117);
#915=LINE('',#5791,#1118);
#916=LINE('',#5809,#1119);
#917=LINE('',#5879,#1120);
#918=LINE('',#5981,#1121);
#919=LINE('',#6042,#1122);
#920=LINE('',#6060,#1123);
#921=LINE('',#6061,#1124);
#922=LINE('',#6093,#1125);
#923=LINE('',#6114,#1126);
#924=LINE('',#6115,#1127);
#925=LINE('',#6118,#1128);
#926=LINE('',#6122,#1129);
#927=LINE('',#6124,#1130);
#928=LINE('',#6218,#1131);
#929=LINE('',#6252,#1132);
#930=LINE('',#6267,#1133);
#931=LINE('',#6268,#1134);
#932=LINE('',#6302,#1135);
#933=LINE('',#6321,#1136);
#934=LINE('',#6322,#1137);
#935=LINE('',#6362,#1138);
#936=LINE('',#6413,#1139);
#937=LINE('',#6479,#1140);
#938=LINE('',#6515,#1141);
#939=LINE('',#6551,#1142);
#940=LINE('',#6599,#1143);
#941=LINE('',#6646,#1144);
#942=LINE('',#6649,#1145);
#943=LINE('',#6747,#1146);
#944=LINE('',#6751,#1147);
#945=LINE('',#6858,#1148);
#946=LINE('',#7216,#1149);
#947=LINE('',#8095,#1150);
#948=LINE('',#8253,#1151);
#949=LINE('',#8401,#1152);
#950=LINE('',#8402,#1153);
#951=LINE('',#8429,#1154);
#952=LINE('',#8431,#1155);
#953=LINE('',#8507,#1156);
#954=LINE('',#8509,#1157);
#955=LINE('',#8601,#1158);
#956=LINE('',#8606,#1159);
#957=LINE('',#8611,#1160);
#958=LINE('',#8614,#1161);
#959=LINE('',#8616,#1162);
#960=VECTOR('',#3231,10.);
#961=VECTOR('',#3232,10.);
#962=VECTOR('',#3233,10.);
#963=VECTOR('',#3248,10.);
#964=VECTOR('',#3249,10.);
#965=VECTOR('',#3252,10.);
#966=VECTOR('',#3255,10.);
#967=VECTOR('',#3260,10.);
#968=VECTOR('',#3273,2.);
#969=VECTOR('',#3274,10.);
#970=VECTOR('',#3281,10.);
#971=VECTOR('',#3284,10.);
#972=VECTOR('',#3287,10.);
#973=VECTOR('',#3288,10.);
#974=VECTOR('',#3289,10.);
#975=VECTOR('',#3290,10.);
#976=VECTOR('',#3293,10.);
#977=VECTOR('',#3296,10.);
#978=VECTOR('',#3299,10.);
#979=VECTOR('',#3306,10.);
#980=VECTOR('',#3309,10.);
#981=VECTOR('',#3312,10.);
#982=VECTOR('',#3315,10.);
#983=VECTOR('',#3318,10.);
#984=VECTOR('',#3321,10.);
#985=VECTOR('',#3322,10.);
#986=VECTOR('',#3329,10.);
#987=VECTOR('',#3332,10.);
#988=VECTOR('',#3335,10.);
#989=VECTOR('',#3346,10.);
#990=VECTOR('',#3347,10.);
#991=VECTOR('',#3350,10.);
#992=VECTOR('',#3353,10.);
#993=VECTOR('',#3354,10.);
#994=VECTOR('',#3355,10.);
#995=VECTOR('',#3360,10.);
#996=VECTOR('',#3361,10.);
#997=VECTOR('',#3364,10.);
#998=VECTOR('',#3365,10.);
#999=VECTOR('',#3366,10.);
#1000=VECTOR('',#3373,10.);
#1001=VECTOR('',#3376,10.);
#1002=VECTOR('',#3377,10.);
#1003=VECTOR('',#3378,10.);
#1004=VECTOR('',#3383,10.);
#1005=VECTOR('',#3384,10.);
#1006=VECTOR('',#3389,10.);
#1007=VECTOR('',#3392,10.);
#1008=VECTOR('',#3393,10.);
#1009=VECTOR('',#3394,10.);
#1010=VECTOR('',#3395,10.);
#1011=VECTOR('',#3398,10.);
#1012=VECTOR('',#3399,10.);
#1013=VECTOR('',#3404,10.);
#1014=VECTOR('',#3409,10.);
#1015=VECTOR('',#3410,10.);
#1016=VECTOR('',#3413,10.);
#1017=VECTOR('',#3414,10.);
#1018=VECTOR('',#3417,10.);
#1019=VECTOR('',#3418,10.);
#1020=VECTOR('',#3419,10.);
#1021=VECTOR('',#3422,10.);
#1022=VECTOR('',#3427,10.);
#1023=VECTOR('',#3428,10.);
#1024=VECTOR('',#3431,10.);
#1025=VECTOR('',#3434,10.);
#1026=VECTOR('',#3435,10.);
#1027=VECTOR('',#3436,10.);
#1028=VECTOR('',#3439,10.);
#1029=VECTOR('',#3442,10.);
#1030=VECTOR('',#3445,10.);
#1031=VECTOR('',#3448,10.);
#1032=VECTOR('',#3453,10.);
#1033=VECTOR('',#3456,10.);
#1034=VECTOR('',#3459,10.);
#1035=VECTOR('',#3460,10.);
#1036=VECTOR('',#3463,10.);
#1037=VECTOR('',#3466,10.);
#1038=VECTOR('',#3467,10.);
#1039=VECTOR('',#3470,10.);
#1040=VECTOR('',#3473,10.);
#1041=VECTOR('',#3474,10.);
#1042=VECTOR('',#3477,10.);
#1043=VECTOR('',#3478,10.);
#1044=VECTOR('',#3481,10.);
#1045=VECTOR('',#3484,10.);
#1046=VECTOR('',#3493,10.);
#1047=VECTOR('',#3494,10.);
#1048=VECTOR('',#3497,10.);
#1049=VECTOR('',#3500,10.);
#1050=VECTOR('',#3503,10.);
#1051=VECTOR('',#3510,10.);
#1052=VECTOR('',#3511,10.);
#1053=VECTOR('',#3512,10.);
#1054=VECTOR('',#3513,10.);
#1055=VECTOR('',#3520,10.);
#1056=VECTOR('',#3523,10.);
#1057=VECTOR('',#3526,10.);
#1058=VECTOR('',#3527,10.);
#1059=VECTOR('',#3530,10.);
#1060=VECTOR('',#3531,10.);
#1061=VECTOR('',#3532,10.);
#1062=VECTOR('',#3533,10.);
#1063=VECTOR('',#3536,10.);
#1064=VECTOR('',#3541,10.);
#1065=VECTOR('',#3542,10.);
#1066=VECTOR('',#3545,10.);
#1067=VECTOR('',#3552,10.);
#1068=VECTOR('',#3555,10.);
#1069=VECTOR('',#3556,10.);
#1070=VECTOR('',#3557,10.);
#1071=VECTOR('',#3558,10.);
#1072=VECTOR('',#3559,10.);
#1073=VECTOR('',#3560,10.);
#1074=VECTOR('',#3561,10.);
#1075=VECTOR('',#3562,10.);
#1076=VECTOR('',#3563,10.);
#1077=VECTOR('',#3566,10.);
#1078=VECTOR('',#3569,10.);
#1079=VECTOR('',#3574,10.);
#1080=VECTOR('',#3577,10.);
#1081=VECTOR('',#3582,10.);
#1082=VECTOR('',#3583,10.);
#1083=VECTOR('',#3584,10.);
#1084=VECTOR('',#3585,10.);
#1085=VECTOR('',#3588,10.);
#1086=VECTOR('',#3589,10.);
#1087=VECTOR('',#3590,10.);
#1088=VECTOR('',#3597,3.);
#1089=VECTOR('',#3604,10.);
#1090=VECTOR('',#3607,10.);
#1091=VECTOR('',#3608,10.);
#1092=VECTOR('',#3609,10.);
#1093=VECTOR('',#3618,10.);
#1094=VECTOR('',#3619,10.);
#1095=VECTOR('',#3626,10.);
#1096=VECTOR('',#3627,10.);
#1097=VECTOR('',#3628,10.);
#1098=VECTOR('',#3635,10.);
#1099=VECTOR('',#3638,10.);
#1100=VECTOR('',#3653,10.);
#1101=VECTOR('',#3658,10.);
#1102=VECTOR('',#3661,9.99999999999999);
#1103=VECTOR('',#3662,10.);
#1104=VECTOR('',#3663,10.);
#1105=VECTOR('',#3666,10.);
#1106=VECTOR('',#3667,10.);
#1107=VECTOR('',#3668,10.);
#1108=VECTOR('',#3669,10.);
#1109=VECTOR('',#3670,10.);
#1110=VECTOR('',#3673,10.);
#1111=VECTOR('',#3674,10.);
#1112=VECTOR('',#3675,10.);
#1113=VECTOR('',#3680,10.);
#1114=VECTOR('',#3681,10.);
#1115=VECTOR('',#3682,10.);
#1116=VECTOR('',#3683,10.);
#1117=VECTOR('',#3684,10.);
#1118=VECTOR('',#3691,10.);
#1119=VECTOR('',#3692,10.);
#1120=VECTOR('',#3693,10.);
#1121=VECTOR('',#3708,2.3);
#1122=VECTOR('',#3711,10.);
#1123=VECTOR('',#3714,10.);
#1124=VECTOR('',#3715,10.);
#1125=VECTOR('',#3716,10.);
#1126=VECTOR('',#3719,10.);
#1127=VECTOR('',#3720,10.);
#1128=VECTOR('',#3723,10.);
#1129=VECTOR('',#3728,10.);
#1130=VECTOR('',#3729,10.);
#1131=VECTOR('',#3734,10.);
#1132=VECTOR('',#3735,10.);
#1133=VECTOR('',#3738,10.);
#1134=VECTOR('',#3739,10.);
#1135=VECTOR('',#3740,10.);
#1136=VECTOR('',#3743,10.);
#1137=VECTOR('',#3744,10.);
#1138=VECTOR('',#3765,10.);
#1139=VECTOR('',#3770,4.);
#1140=VECTOR('',#3777,1.4);
#1141=VECTOR('',#3784,1.4);
#1142=VECTOR('',#3791,1.4);
#1143=VECTOR('',#3796,1.4);
#1144=VECTOR('',#3801,10.);
#1145=VECTOR('',#3804,10.);
#1146=VECTOR('',#3809,10.);
#1147=VECTOR('',#3816,10.);
#1148=VECTOR('',#3821,10.);
#1149=VECTOR('',#3830,10.);
#1150=VECTOR('',#3843,10.);
#1151=VECTOR('',#3846,10.);
#1152=VECTOR('',#3849,10.);
#1153=VECTOR('',#3850,10.);
#1154=VECTOR('',#3851,10.);
#1155=VECTOR('',#3854,10.);
#1156=VECTOR('',#3865,10.);
#1157=VECTOR('',#3868,10.);
#1158=VECTOR('',#3917,1.4);
#1159=VECTOR('',#3924,1.4);
#1160=VECTOR('',#3931,3.6);
#1161=VECTOR('',#3936,1.4);
#1162=VECTOR('',#3939,1.4);
#1163=VERTEX_POINT('',#3993);
#1164=VERTEX_POINT('',#3994);
#1165=VERTEX_POINT('',#3996);
#1166=VERTEX_POINT('',#4011);
#1167=VERTEX_POINT('',#4013);
#1168=VERTEX_POINT('',#4065);
#1169=VERTEX_POINT('',#4066);
#1170=VERTEX_POINT('',#4068);
#1171=VERTEX_POINT('',#4075);
#1172=VERTEX_POINT('',#4128);
#1173=VERTEX_POINT('',#4129);
#1174=VERTEX_POINT('',#4131);
#1175=VERTEX_POINT('',#4133);
#1176=VERTEX_POINT('',#4186);
#1177=VERTEX_POINT('',#4208);
#1178=VERTEX_POINT('',#4209);
#1179=VERTEX_POINT('',#4317);
#1180=VERTEX_POINT('',#4319);
#1181=VERTEX_POINT('',#4323);
#1182=VERTEX_POINT('',#4325);
#1183=VERTEX_POINT('',#4332);
#1184=VERTEX_POINT('',#4336);
#1185=VERTEX_POINT('',#4340);
#1186=VERTEX_POINT('',#4342);
#1187=VERTEX_POINT('',#4344);
#1188=VERTEX_POINT('',#4360);
#1189=VERTEX_POINT('',#4362);
#1190=VERTEX_POINT('',#4376);
#1191=VERTEX_POINT('',#4378);
#1192=VERTEX_POINT('',#4380);
#1193=VERTEX_POINT('',#4382);
#1194=VERTEX_POINT('',#4392);
#1195=VERTEX_POINT('',#4394);
#1196=VERTEX_POINT('',#4396);
#1197=VERTEX_POINT('',#4398);
#1198=VERTEX_POINT('',#4400);
#1199=VERTEX_POINT('',#4402);
#1200=VERTEX_POINT('',#4408);
#1201=VERTEX_POINT('',#4410);
#1202=VERTEX_POINT('',#4417);
#1203=VERTEX_POINT('',#4418);
#1204=VERTEX_POINT('',#4420);
#1205=VERTEX_POINT('',#4422);
#1206=VERTEX_POINT('',#4424);
#1207=VERTEX_POINT('',#4426);
#1208=VERTEX_POINT('',#4428);
#1209=VERTEX_POINT('',#4430);
#1210=VERTEX_POINT('',#4433);
#1211=VERTEX_POINT('',#4434);
#1212=VERTEX_POINT('',#4436);
#1213=VERTEX_POINT('',#4438);
#1214=VERTEX_POINT('',#4440);
#1215=VERTEX_POINT('',#4442);
#1216=VERTEX_POINT('',#4444);
#1217=VERTEX_POINT('',#4446);
#1218=VERTEX_POINT('',#4448);
#1219=VERTEX_POINT('',#4456);
#1220=VERTEX_POINT('',#4458);
#1221=VERTEX_POINT('',#4469);
#1222=VERTEX_POINT('',#4471);
#1223=VERTEX_POINT('',#4473);
#1224=VERTEX_POINT('',#4475);
#1225=VERTEX_POINT('',#4477);
#1226=VERTEX_POINT('',#4479);
#1227=VERTEX_POINT('',#4481);
#1228=VERTEX_POINT('',#4492);
#1229=VERTEX_POINT('',#4494);
#1230=VERTEX_POINT('',#4496);
#1231=VERTEX_POINT('',#4498);
#1232=VERTEX_POINT('',#4506);
#1233=VERTEX_POINT('',#4508);
#1234=VERTEX_POINT('',#4510);
#1235=VERTEX_POINT('',#4512);
#1236=VERTEX_POINT('',#4514);
#1237=VERTEX_POINT('',#4518);
#1238=VERTEX_POINT('',#4522);
#1239=VERTEX_POINT('',#4524);
#1240=VERTEX_POINT('',#4526);
#1241=VERTEX_POINT('',#4530);
#1242=VERTEX_POINT('',#4532);
#1243=VERTEX_POINT('',#4536);
#1244=VERTEX_POINT('',#4537);
#1245=VERTEX_POINT('',#4542);
#1246=VERTEX_POINT('',#4544);
#1247=VERTEX_POINT('',#4548);
#1248=VERTEX_POINT('',#4550);
#1249=VERTEX_POINT('',#4554);
#1250=VERTEX_POINT('',#4556);
#1251=VERTEX_POINT('',#4560);
#1252=VERTEX_POINT('',#4561);
#1253=VERTEX_POINT('',#4567);
#1254=VERTEX_POINT('',#4569);
#1255=VERTEX_POINT('',#4571);
#1256=VERTEX_POINT('',#4573);
#1257=VERTEX_POINT('',#4575);
#1258=VERTEX_POINT('',#4579);
#1259=VERTEX_POINT('',#4583);
#1260=VERTEX_POINT('',#4588);
#1261=VERTEX_POINT('',#4592);
#1262=VERTEX_POINT('',#4597);
#1263=VERTEX_POINT('',#4603);
#1264=VERTEX_POINT('',#4604);
#1265=VERTEX_POINT('',#4609);
#1266=VERTEX_POINT('',#4611);
#1267=VERTEX_POINT('',#4613);
#1268=VERTEX_POINT('',#4615);
#1269=VERTEX_POINT('',#4617);
#1270=VERTEX_POINT('',#4619);
#1271=VERTEX_POINT('',#4621);
#1272=VERTEX_POINT('',#4623);
#1273=VERTEX_POINT('',#4625);
#1274=VERTEX_POINT('',#4627);
#1275=VERTEX_POINT('',#4638);
#1276=VERTEX_POINT('',#4640);
#1277=VERTEX_POINT('',#4648);
#1278=VERTEX_POINT('',#4650);
#1279=VERTEX_POINT('',#4653);
#1280=VERTEX_POINT('',#4726);
#1281=VERTEX_POINT('',#4727);
#1282=VERTEX_POINT('',#4732);
#1283=VERTEX_POINT('',#4734);
#1284=VERTEX_POINT('',#4736);
#1285=VERTEX_POINT('',#4738);
#1286=VERTEX_POINT('',#4740);
#1287=VERTEX_POINT('',#4742);
#1288=VERTEX_POINT('',#4750);
#1289=VERTEX_POINT('',#4752);
#1290=VERTEX_POINT('',#4754);
#1291=VERTEX_POINT('',#4756);
#1292=VERTEX_POINT('',#4767);
#1293=VERTEX_POINT('',#4769);
#1294=VERTEX_POINT('',#4771);
#1295=VERTEX_POINT('',#4774);
#1296=VERTEX_POINT('',#4776);
#1297=VERTEX_POINT('',#4847);
#1298=VERTEX_POINT('',#4848);
#1299=VERTEX_POINT('',#4861);
#1300=VERTEX_POINT('',#4863);
#1301=VERTEX_POINT('',#4877);
#1302=VERTEX_POINT('',#4879);
#1303=VERTEX_POINT('',#4890);
#1304=VERTEX_POINT('',#4892);
#1305=VERTEX_POINT('',#4903);
#1306=VERTEX_POINT('',#4905);
#1307=VERTEX_POINT('',#4919);
#1308=VERTEX_POINT('',#4921);
#1309=VERTEX_POINT('',#4934);
#1310=VERTEX_POINT('',#4936);
#1311=VERTEX_POINT('',#4943);
#1312=VERTEX_POINT('',#4945);
#1313=VERTEX_POINT('',#4953);
#1314=VERTEX_POINT('',#4954);
#1315=VERTEX_POINT('',#4956);
#1316=VERTEX_POINT('',#4958);
#1317=VERTEX_POINT('',#4960);
#1318=VERTEX_POINT('',#4962);
#1319=VERTEX_POINT('',#4964);
#1320=VERTEX_POINT('',#4966);
#1321=VERTEX_POINT('',#4968);
#1322=VERTEX_POINT('',#4970);
#1323=VERTEX_POINT('',#4972);
#1324=VERTEX_POINT('',#4976);
#1325=VERTEX_POINT('',#4977);
#1326=VERTEX_POINT('',#4979);
#1327=VERTEX_POINT('',#4981);
#1328=VERTEX_POINT('',#4985);
#1329=VERTEX_POINT('',#4986);
#1330=VERTEX_POINT('',#4991);
#1331=VERTEX_POINT('',#4992);
#1332=VERTEX_POINT('',#5026);
#1333=VERTEX_POINT('',#5075);
#1334=VERTEX_POINT('',#5079);
#1335=VERTEX_POINT('',#5081);
#1336=VERTEX_POINT('',#5167);
#1337=VERTEX_POINT('',#5168);
#1338=VERTEX_POINT('',#5248);
#1339=VERTEX_POINT('',#5249);
#1340=VERTEX_POINT('',#5256);
#1341=VERTEX_POINT('',#5258);
#1342=VERTEX_POINT('',#5279);
#1343=VERTEX_POINT('',#5280);
#1344=VERTEX_POINT('',#5282);
#1345=VERTEX_POINT('',#5284);
#1346=VERTEX_POINT('',#5363);
#1347=VERTEX_POINT('',#5397);
#1348=VERTEX_POINT('',#5476);
#1349=VERTEX_POINT('',#5485);
#1350=VERTEX_POINT('',#5520);
#1351=VERTEX_POINT('',#5574);
#1352=VERTEX_POINT('',#5591);
#1353=VERTEX_POINT('',#5620);
#1354=VERTEX_POINT('',#5632);
#1355=VERTEX_POINT('',#5648);
#1356=VERTEX_POINT('',#5649);
#1357=VERTEX_POINT('',#5651);
#1358=VERTEX_POINT('',#5653);
#1359=VERTEX_POINT('',#5670);
#1360=VERTEX_POINT('',#5671);
#1361=VERTEX_POINT('',#5687);
#1362=VERTEX_POINT('',#5688);
#1363=VERTEX_POINT('',#5692);
#1364=VERTEX_POINT('',#5695);
#1365=VERTEX_POINT('',#5707);
#1366=VERTEX_POINT('',#5715);
#1367=VERTEX_POINT('',#5732);
#1368=VERTEX_POINT('',#5734);
#1369=VERTEX_POINT('',#5748);
#1370=VERTEX_POINT('',#5750);
#1371=VERTEX_POINT('',#5764);
#1372=VERTEX_POINT('',#5766);
#1373=VERTEX_POINT('',#5784);
#1374=VERTEX_POINT('',#5786);
#1375=VERTEX_POINT('',#5788);
#1376=VERTEX_POINT('',#5790);
#1377=VERTEX_POINT('',#5792);
#1378=VERTEX_POINT('',#5808);
#1379=VERTEX_POINT('',#5862);
#1380=VERTEX_POINT('',#5878);
#1381=VERTEX_POINT('',#5896);
#1382=VERTEX_POINT('',#5898);
#1383=VERTEX_POINT('',#5900);
#1384=VERTEX_POINT('',#5902);
#1385=VERTEX_POINT('',#5980);
#1386=VERTEX_POINT('',#6041);
#1387=VERTEX_POINT('',#6059);
#1388=VERTEX_POINT('',#6092);
#1389=VERTEX_POINT('',#6113);
#1390=VERTEX_POINT('',#6117);
#1391=VERTEX_POINT('',#6121);
#1392=VERTEX_POINT('',#6123);
#1393=VERTEX_POINT('',#6217);
#1394=VERTEX_POINT('',#6251);
#1395=VERTEX_POINT('',#6266);
#1396=VERTEX_POINT('',#6301);
#1397=VERTEX_POINT('',#6320);
#1398=VERTEX_POINT('',#6324);
#1399=VERTEX_POINT('',#6339);
#1400=VERTEX_POINT('',#6361);
#1401=VERTEX_POINT('',#6363);
#1402=VERTEX_POINT('',#6411);
#1403=VERTEX_POINT('',#6478);
#1404=VERTEX_POINT('',#6480);
#1405=VERTEX_POINT('',#6482);
#1406=VERTEX_POINT('',#6497);
#1407=VERTEX_POINT('',#6514);
#1408=VERTEX_POINT('',#6516);
#1409=VERTEX_POINT('',#6518);
#1410=VERTEX_POINT('',#6533);
#1411=VERTEX_POINT('',#6550);
#1412=VERTEX_POINT('',#6552);
#1413=VERTEX_POINT('',#6557);
#1414=VERTEX_POINT('',#6564);
#1415=VERTEX_POINT('',#6581);
#1416=VERTEX_POINT('',#6598);
#1417=VERTEX_POINT('',#6600);
#1418=VERTEX_POINT('',#6615);
#1419=VERTEX_POINT('',#6617);
#1420=VERTEX_POINT('',#6634);
#1421=VERTEX_POINT('',#6648);
#1422=VERTEX_POINT('',#6707);
#1423=VERTEX_POINT('',#6798);
#1424=VERTEX_POINT('',#6857);
#1425=VERTEX_POINT('',#7162);
#1426=VERTEX_POINT('',#7215);
#1427=VERTEX_POINT('',#7402);
#1428=VERTEX_POINT('',#8209);
#1429=VERTEX_POINT('',#8542);
#1430=VERTEX_POINT('',#8545);
#1431=VERTEX_POINT('',#8548);
#1432=VERTEX_POINT('',#8551);
#1433=VERTEX_POINT('',#8600);
#1434=VERTEX_POINT('',#8605);
#1435=VERTEX_POINT('',#8609);
#1436=EDGE_CURVE('',#1163,#1164,#757,.T.);
#1437=EDGE_CURVE('',#1165,#1164,#647,.T.);
#1438=EDGE_CURVE('',#1166,#1165,#758,.T.);
#1439=EDGE_CURVE('',#1167,#1166,#648,.T.);
#1440=EDGE_CURVE('',#1163,#1167,#759,.T.);
#1441=EDGE_CURVE('',#1168,#1169,#163,.T.);
#1442=EDGE_CURVE('',#1169,#1170,#649,.T.);
#1443=EDGE_CURVE('',#1170,#1171,#164,.T.);
#1444=EDGE_CURVE('',#1171,#1168,#650,.T.);
#1445=EDGE_CURVE('',#1172,#1173,#165,.T.);
#1446=EDGE_CURVE('',#1173,#1174,#166,.T.);
#1447=EDGE_CURVE('',#1175,#1174,#167,.T.);
#1448=EDGE_CURVE('',#1175,#1172,#168,.T.);
#1449=EDGE_CURVE('',#1174,#1176,#651,.T.);
#1450=EDGE_CURVE('',#1176,#1175,#652,.T.);
#1451=EDGE_CURVE('',#1177,#1178,#653,.T.);
#1452=EDGE_CURVE('',#1178,#1170,#760,.T.);
#1453=EDGE_CURVE('',#1169,#1177,#761,.T.);
#1454=EDGE_CURVE('',#1174,#1178,#654,.T.);
#1455=EDGE_CURVE('',#1177,#1176,#655,.T.);
#1456=EDGE_CURVE('',#1168,#1179,#762,.T.);
#1457=EDGE_CURVE('',#1179,#1180,#169,.T.);
#1458=EDGE_CURVE('',#1180,#1169,#763,.T.);
#1459=EDGE_CURVE('',#1181,#1171,#170,.T.);
#1460=EDGE_CURVE('',#1182,#1181,#656,.T.);
#1461=EDGE_CURVE('',#1183,#1182,#764,.T.);
#1462=EDGE_CURVE('',#1183,#1179,#171,.T.);
#1463=EDGE_CURVE('',#1170,#1184,#172,.T.);
#1464=EDGE_CURVE('',#1184,#1181,#173,.T.);
#1465=EDGE_CURVE('',#1185,#1173,#174,.T.);
#1466=EDGE_CURVE('',#1185,#1186,#765,.T.);
#1467=EDGE_CURVE('',#1187,#1186,#657,.T.);
#1468=EDGE_CURVE('',#1188,#1187,#766,.T.);
#1469=EDGE_CURVE('',#1189,#1188,#658,.T.);
#1470=EDGE_CURVE('',#1189,#1190,#175,.T.);
#1471=EDGE_CURVE('',#1190,#1191,#176,.T.);
#1472=EDGE_CURVE('',#1192,#1191,#177,.T.);
#1473=EDGE_CURVE('',#1193,#1192,#659,.T.);
#1474=EDGE_CURVE('',#1194,#1193,#767,.T.);
#1475=EDGE_CURVE('',#1195,#1194,#178,.T.);
#1476=EDGE_CURVE('',#1196,#1195,#768,.T.);
#1477=EDGE_CURVE('',#1196,#1197,#179,.F.);
#1478=EDGE_CURVE('',#1198,#1197,#769,.T.);
#1479=EDGE_CURVE('',#1199,#1198,#660,.T.);
#1480=EDGE_CURVE('',#1200,#1199,#770,.T.);
#1481=EDGE_CURVE('',#1201,#1200,#661,.T.);
#1482=EDGE_CURVE('',#1184,#1201,#771,.T.);
#1483=EDGE_CURVE('',#1202,#1203,#772,.T.);
#1484=EDGE_CURVE('',#1204,#1202,#180,.T.);
#1485=EDGE_CURVE('',#1205,#1204,#773,.T.);
#1486=EDGE_CURVE('',#1206,#1205,#181,.T.);
#1487=EDGE_CURVE('',#1207,#1206,#774,.T.);
#1488=EDGE_CURVE('',#1208,#1207,#182,.T.);
#1489=EDGE_CURVE('',#1208,#1209,#775,.T.);
#1490=EDGE_CURVE('',#1203,#1209,#183,.T.);
#1491=EDGE_CURVE('',#1210,#1211,#184,.T.);
#1492=EDGE_CURVE('',#1212,#1211,#185,.T.);
#1493=EDGE_CURVE('',#1212,#1213,#776,.T.);
#1494=EDGE_CURVE('',#1214,#1213,#186,.F.);
#1495=EDGE_CURVE('',#1214,#1215,#777,.T.);
#1496=EDGE_CURVE('',#1216,#1215,#187,.F.);
#1497=EDGE_CURVE('',#1216,#1217,#778,.T.);
#1498=EDGE_CURVE('',#1217,#1218,#662,.T.);
#1499=EDGE_CURVE('',#1218,#1219,#188,.T.);
#1500=EDGE_CURVE('',#1219,#1220,#663,.T.);
#1501=EDGE_CURVE('',#1220,#1221,#779,.T.);
#1502=EDGE_CURVE('',#1222,#1221,#189,.F.);
#1503=EDGE_CURVE('',#1222,#1223,#780,.T.);
#1504=EDGE_CURVE('',#1224,#1223,#190,.F.);
#1505=EDGE_CURVE('',#1224,#1225,#781,.T.);
#1506=EDGE_CURVE('',#1225,#1226,#782,.T.);
#1507=EDGE_CURVE('',#1226,#1227,#664,.T.);
#1508=EDGE_CURVE('',#1227,#1228,#191,.T.);
#1509=EDGE_CURVE('',#1228,#1229,#192,.T.);
#1510=EDGE_CURVE('',#1229,#1230,#193,.T.);
#1511=EDGE_CURVE('',#1230,#1231,#665,.T.);
#1512=EDGE_CURVE('',#1231,#1232,#783,.T.);
#1513=EDGE_CURVE('',#1233,#1232,#194,.F.);
#1514=EDGE_CURVE('',#1233,#1234,#784,.T.);
#1515=EDGE_CURVE('',#1235,#1234,#195,.F.);
#1516=EDGE_CURVE('',#1235,#1236,#785,.T.);
#1517=EDGE_CURVE('',#1210,#1236,#196,.T.);
#1518=EDGE_CURVE('',#1172,#1237,#197,.T.);
#1519=EDGE_CURVE('',#1237,#1185,#198,.T.);
#1520=EDGE_CURVE('',#1176,#1238,#786,.T.);
#1521=EDGE_CURVE('',#1238,#1239,#787,.T.);
#1522=EDGE_CURVE('',#1239,#1240,#199,.T.);
#1523=EDGE_CURVE('',#1240,#1172,#788,.F.);
#1524=EDGE_CURVE('',#1180,#1241,#789,.T.);
#1525=EDGE_CURVE('',#1242,#1241,#790,.T.);
#1526=EDGE_CURVE('',#1177,#1242,#791,.T.);
#1527=EDGE_CURVE('',#1243,#1244,#200,.T.);
#1528=EDGE_CURVE('',#1243,#1212,#792,.T.);
#1529=EDGE_CURVE('',#1211,#1244,#793,.T.);
#1530=EDGE_CURVE('',#1243,#1245,#794,.T.);
#1531=EDGE_CURVE('',#1246,#1245,#795,.T.);
#1532=EDGE_CURVE('',#1246,#1213,#796,.T.);
#1533=EDGE_CURVE('',#1246,#1247,#201,.F.);
#1534=EDGE_CURVE('',#1245,#1248,#202,.F.);
#1535=EDGE_CURVE('',#1248,#1247,#797,.T.);
#1536=EDGE_CURVE('',#1248,#1249,#798,.T.);
#1537=EDGE_CURVE('',#1250,#1249,#799,.T.);
#1538=EDGE_CURVE('',#1250,#1247,#800,.T.);
#1539=EDGE_CURVE('',#1251,#1252,#203,.T.);
#1540=EDGE_CURVE('',#1251,#1210,#801,.T.);
#1541=EDGE_CURVE('',#1236,#1252,#802,.T.);
#1542=EDGE_CURVE('',#1251,#1244,#204,.T.);
#1543=EDGE_CURVE('',#1252,#1253,#803,.T.);
#1544=EDGE_CURVE('',#1254,#1253,#205,.F.);
#1545=EDGE_CURVE('',#1255,#1254,#804,.T.);
#1546=EDGE_CURVE('',#1256,#1255,#805,.T.);
#1547=EDGE_CURVE('',#1257,#1256,#806,.T.);
#1548=EDGE_CURVE('',#1249,#1257,#807,.T.);
#1549=EDGE_CURVE('',#1235,#1258,#808,.T.);
#1550=EDGE_CURVE('',#1253,#1258,#809,.T.);
#1551=EDGE_CURVE('',#1259,#1258,#206,.F.);
#1552=EDGE_CURVE('',#1259,#1254,#810,.T.);
#1553=EDGE_CURVE('',#1259,#1260,#811,.T.);
#1554=EDGE_CURVE('',#1260,#1255,#812,.T.);
#1555=EDGE_CURVE('',#1260,#1261,#813,.T.);
#1556=EDGE_CURVE('',#1261,#1256,#814,.T.);
#1557=EDGE_CURVE('',#1261,#1225,#815,.T.);
#1558=EDGE_CURVE('',#1224,#1262,#816,.T.);
#1559=EDGE_CURVE('',#1262,#1257,#817,.T.);
#1560=EDGE_CURVE('',#1262,#1250,#818,.T.);
#1561=EDGE_CURVE('',#1263,#1264,#207,.T.);
#1562=EDGE_CURVE('',#1264,#1214,#819,.T.);
#1563=EDGE_CURVE('',#1213,#1263,#820,.T.);
#1564=EDGE_CURVE('',#1263,#1265,#821,.T.);
#1565=EDGE_CURVE('',#1266,#1265,#208,.T.);
#1566=EDGE_CURVE('',#1266,#1267,#822,.T.);
#1567=EDGE_CURVE('',#1267,#1268,#823,.T.);
#1568=EDGE_CURVE('',#1268,#1269,#824,.T.);
#1569=EDGE_CURVE('',#1270,#1269,#209,.T.);
#1570=EDGE_CURVE('',#1270,#1271,#825,.T.);
#1571=EDGE_CURVE('',#1272,#1271,#210,.T.);
#1572=EDGE_CURVE('',#1272,#1273,#826,.T.);
#1573=EDGE_CURVE('',#1274,#1273,#666,.T.);
#1574=EDGE_CURVE('',#1274,#1275,#211,.T.);
#1575=EDGE_CURVE('',#1276,#1275,#667,.T.);
#1576=EDGE_CURVE('',#1276,#1277,#827,.T.);
#1577=EDGE_CURVE('',#1278,#1277,#212,.T.);
#1578=EDGE_CURVE('',#1278,#1264,#828,.T.);
#1579=EDGE_CURVE('',#1279,#1279,#213,.T.);
#1580=EDGE_CURVE('',#1265,#1246,#829,.T.);
#1581=EDGE_CURVE('',#1247,#1266,#830,.T.);
#1582=EDGE_CURVE('',#1269,#1224,#831,.T.);
#1583=EDGE_CURVE('',#1223,#1270,#832,.T.);
#1584=EDGE_CURVE('',#1262,#1268,#833,.T.);
#1585=EDGE_CURVE('',#1271,#1222,#834,.T.);
#1586=EDGE_CURVE('',#1221,#1272,#835,.T.);
#1587=EDGE_CURVE('',#1273,#1220,#836,.T.);
#1588=EDGE_CURVE('',#1277,#1216,#837,.T.);
#1589=EDGE_CURVE('',#1215,#1278,#838,.T.);
#1590=EDGE_CURVE('',#1217,#1276,#839,.T.);
#1591=EDGE_CURVE('',#1275,#1218,#840,.T.);
#1592=EDGE_CURVE('',#1219,#1274,#841,.T.);
#1593=EDGE_CURVE('',#1250,#1267,#842,.T.);
#1594=EDGE_CURVE('',#1280,#1281,#214,.T.);
#1595=EDGE_CURVE('',#1281,#1259,#843,.T.);
#1596=EDGE_CURVE('',#1258,#1280,#844,.T.);
#1597=EDGE_CURVE('',#1282,#1280,#845,.T.);
#1598=EDGE_CURVE('',#1283,#1282,#215,.T.);
#1599=EDGE_CURVE('',#1284,#1283,#846,.T.);
#1600=EDGE_CURVE('',#1285,#1284,#216,.T.);
#1601=EDGE_CURVE('',#1286,#1285,#847,.T.);
#1602=EDGE_CURVE('',#1287,#1286,#668,.T.);
#1603=EDGE_CURVE('',#1287,#1288,#217,.T.);
#1604=EDGE_CURVE('',#1289,#1288,#218,.T.);
#1605=EDGE_CURVE('',#1289,#1290,#219,.T.);
#1606=EDGE_CURVE('',#1291,#1290,#669,.T.);
#1607=EDGE_CURVE('',#1292,#1291,#848,.T.);
#1608=EDGE_CURVE('',#1293,#1292,#849,.T.);
#1609=EDGE_CURVE('',#1294,#1293,#850,.T.);
#1610=EDGE_CURVE('',#1281,#1294,#851,.T.);
#1611=EDGE_CURVE('',#1295,#1295,#220,.T.);
#1612=EDGE_CURVE('',#1296,#1296,#221,.T.);
#1613=EDGE_CURVE('',#1282,#1235,#852,.T.);
#1614=EDGE_CURVE('',#1234,#1283,#853,.T.);
#1615=EDGE_CURVE('',#1284,#1233,#854,.T.);
#1616=EDGE_CURVE('',#1232,#1285,#855,.T.);
#1617=EDGE_CURVE('',#1286,#1231,#856,.T.);
#1618=EDGE_CURVE('',#1230,#1287,#857,.T.);
#1619=EDGE_CURVE('',#1226,#1291,#858,.T.);
#1620=EDGE_CURVE('',#1290,#1227,#859,.T.);
#1621=EDGE_CURVE('',#1228,#1289,#860,.T.);
#1622=EDGE_CURVE('',#1225,#1292,#861,.T.);
#1623=EDGE_CURVE('',#1261,#1293,#862,.T.);
#1624=EDGE_CURVE('',#1260,#1294,#863,.T.);
#1625=EDGE_CURVE('',#1288,#1229,#864,.T.);
#1626=EDGE_CURVE('',#1297,#1298,#670,.T.);
#1627=EDGE_CURVE('',#1299,#1297,#865,.T.);
#1628=EDGE_CURVE('',#1300,#1299,#671,.T.);
#1629=EDGE_CURVE('',#1301,#1300,#866,.T.);
#1630=EDGE_CURVE('',#1302,#1301,#672,.T.);
#1631=EDGE_CURVE('',#1303,#1302,#867,.T.);
#1632=EDGE_CURVE('',#1304,#1303,#673,.T.);
#1633=EDGE_CURVE('',#1305,#1304,#868,.T.);
#1634=EDGE_CURVE('',#1306,#1305,#674,.T.);
#1635=EDGE_CURVE('',#1307,#1306,#869,.T.);
#1636=EDGE_CURVE('',#1308,#1307,#675,.T.);
#1637=EDGE_CURVE('',#1309,#1308,#870,.T.);
#1638=EDGE_CURVE('',#1310,#1309,#676,.T.);
#1639=EDGE_CURVE('',#1311,#1310,#871,.T.);
#1640=EDGE_CURVE('',#1312,#1311,#677,.T.);
#1641=EDGE_CURVE('',#1298,#1312,#872,.T.);
#1642=EDGE_CURVE('',#1313,#1314,#873,.T.);
#1643=EDGE_CURVE('',#1315,#1313,#222,.T.);
#1644=EDGE_CURVE('',#1316,#1315,#874,.T.);
#1645=EDGE_CURVE('',#1317,#1316,#223,.T.);
#1646=EDGE_CURVE('',#1318,#1317,#875,.T.);
#1647=EDGE_CURVE('',#1319,#1318,#224,.T.);
#1648=EDGE_CURVE('',#1320,#1319,#225,.T.);
#1649=EDGE_CURVE('',#1321,#1320,#876,.T.);
#1650=EDGE_CURVE('',#1322,#1321,#226,.T.);
#1651=EDGE_CURVE('',#1323,#1322,#877,.T.);
#1652=EDGE_CURVE('',#1314,#1323,#227,.T.);
#1653=EDGE_CURVE('',#1324,#1325,#878,.T.);
#1654=EDGE_CURVE('',#1324,#1326,#879,.T.);
#1655=EDGE_CURVE('',#1326,#1327,#880,.T.);
#1656=EDGE_CURVE('',#1325,#1327,#881,.T.);
#1657=EDGE_CURVE('',#1328,#1329,#882,.T.);
#1658=EDGE_CURVE('',#1166,#1328,#883,.T.);
#1659=EDGE_CURVE('',#1329,#1165,#884,.F.);
#1660=EDGE_CURVE('',#1330,#1331,#228,.T.);
#1661=EDGE_CURVE('',#1331,#1330,#229,.T.);
#1662=EDGE_CURVE('',#1331,#1295,#885,.T.);
#1663=EDGE_CURVE('',#1184,#1332,#678,.T.);
#1664=EDGE_CURVE('',#1332,#1182,#230,.T.);
#1665=EDGE_CURVE('',#1333,#1183,#231,.T.);
#1666=EDGE_CURVE('',#1332,#1333,#886,.T.);
#1667=EDGE_CURVE('',#1334,#1332,#887,.T.);
#1668=EDGE_CURVE('',#1334,#1335,#888,.T.);
#1669=EDGE_CURVE('',#1335,#1333,#889,.T.);
#1670=EDGE_CURVE('',#1334,#1201,#679,.T.);
#1671=EDGE_CURVE('',#1336,#1337,#232,.T.);
#1672=EDGE_CURVE('',#1337,#1185,#680,.T.);
#1673=EDGE_CURVE('',#1237,#1336,#681,.T.);
#1674=EDGE_CURVE('',#1338,#1339,#233,.T.);
#1675=EDGE_CURVE('',#1339,#1337,#890,.T.);
#1676=EDGE_CURVE('',#1336,#1338,#891,.T.);
#1677=EDGE_CURVE('',#1240,#1338,#234,.T.);
#1678=EDGE_CURVE('',#1339,#1340,#892,.T.);
#1679=EDGE_CURVE('',#1341,#1340,#893,.T.);
#1680=EDGE_CURVE('',#1337,#1341,#894,.T.);
#1681=EDGE_CURVE('',#1341,#1186,#682,.T.);
#1682=EDGE_CURVE('',#1342,#1343,#235,.T.);
#1683=EDGE_CURVE('',#1343,#1344,#895,.T.);
#1684=EDGE_CURVE('',#1344,#1345,#236,.T.);
#1685=EDGE_CURVE('',#1345,#1342,#896,.T.);
#1686=EDGE_CURVE('',#1342,#1195,#683,.T.);
#1687=EDGE_CURVE('',#1195,#1346,#237,.T.);
#1688=EDGE_CURVE('',#1346,#1343,#684,.T.);
#1689=EDGE_CURVE('',#1194,#1347,#238,.T.);
#1690=EDGE_CURVE('',#1347,#1346,#239,.T.);
#1691=EDGE_CURVE('',#1194,#1328,#685,.T.);
#1692=EDGE_CURVE('',#1328,#1348,#240,.T.);
#1693=EDGE_CURVE('',#1348,#1347,#686,.T.);
#1694=EDGE_CURVE('',#1329,#1349,#241,.T.);
#1695=EDGE_CURVE('',#1349,#1348,#897,.T.);
#1696=EDGE_CURVE('',#1193,#1166,#687,.T.);
#1697=EDGE_CURVE('',#1342,#1350,#898,.T.);
#1698=EDGE_CURVE('',#1350,#1198,#688,.T.);
#1699=EDGE_CURVE('',#1351,#1197,#689,.F.);
#1700=EDGE_CURVE('',#1196,#1351,#690,.F.);
#1701=EDGE_CURVE('',#1345,#1352,#899,.T.);
#1702=EDGE_CURVE('',#1350,#1352,#900,.T.);
#1703=EDGE_CURVE('',#1326,#1353,#691,.T.);
#1704=EDGE_CURVE('',#1353,#1354,#901,.T.);
#1705=EDGE_CURVE('',#1327,#1354,#692,.T.);
#1706=EDGE_CURVE('',#1355,#1356,#902,.T.);
#1707=EDGE_CURVE('',#1355,#1357,#903,.T.);
#1708=EDGE_CURVE('',#1357,#1358,#904,.T.);
#1709=EDGE_CURVE('',#1356,#1358,#905,.T.);
#1710=EDGE_CURVE('',#1359,#1360,#906,.T.);
#1711=EDGE_CURVE('',#1359,#1355,#693,.T.);
#1712=EDGE_CURVE('',#1360,#1356,#694,.T.);
#1713=EDGE_CURVE('',#1361,#1362,#907,.T.);
#1714=EDGE_CURVE('',#1361,#1359,#908,.T.);
#1715=EDGE_CURVE('',#1362,#1360,#909,.T.);
#1716=EDGE_CURVE('',#1363,#1363,#242,.T.);
#1717=EDGE_CURVE('',#1357,#1364,#695,.T.);
#1718=EDGE_CURVE('',#1365,#1361,#696,.T.);
#1719=EDGE_CURVE('',#1353,#1365,#910,.T.);
#1720=EDGE_CURVE('',#1366,#1324,#697,.T.);
#1721=EDGE_CURVE('',#1367,#1366,#911,.T.);
#1722=EDGE_CURVE('',#1368,#1367,#698,.T.);
#1723=EDGE_CURVE('',#1369,#1368,#912,.T.);
#1724=EDGE_CURVE('',#1370,#1369,#699,.T.);
#1725=EDGE_CURVE('',#1371,#1370,#913,.T.);
#1726=EDGE_CURVE('',#1372,#1371,#700,.T.);
#1727=EDGE_CURVE('',#1364,#1372,#914,.T.);
#1728=EDGE_CURVE('',#1373,#1164,#243,.T.);
#1729=EDGE_CURVE('',#1374,#1373,#244,.T.);
#1730=EDGE_CURVE('',#1375,#1374,#245,.T.);
#1731=EDGE_CURVE('',#1376,#1375,#915,.T.);
#1732=EDGE_CURVE('',#1377,#1376,#701,.T.);
#1733=EDGE_CURVE('',#1378,#1377,#916,.T.);
#1734=EDGE_CURVE('',#1340,#1378,#702,.T.);
#1735=EDGE_CURVE('',#1239,#1241,#703,.F.);
#1736=EDGE_CURVE('',#1379,#1335,#704,.T.);
#1737=EDGE_CURVE('',#1380,#1379,#917,.T.);
#1738=EDGE_CURVE('',#1352,#1380,#705,.T.);
#1739=EDGE_CURVE('',#1349,#1344,#246,.T.);
#1740=EDGE_CURVE('',#1381,#1381,#247,.T.);
#1741=EDGE_CURVE('',#1382,#1382,#248,.T.);
#1742=EDGE_CURVE('',#1383,#1383,#249,.T.);
#1743=EDGE_CURVE('',#1384,#1384,#250,.T.);
#1744=EDGE_CURVE('',#1238,#1242,#706,.T.);
#1745=EDGE_CURVE('',#1363,#1385,#918,.T.);
#1746=EDGE_CURVE('',#1385,#1385,#251,.T.);
#1747=EDGE_CURVE('',#1386,#1378,#919,.T.);
#1748=EDGE_CURVE('',#1341,#1386,#707,.T.);
#1749=EDGE_CURVE('',#1387,#1377,#920,.T.);
#1750=EDGE_CURVE('',#1386,#1387,#921,.T.);
#1751=EDGE_CURVE('',#1388,#1376,#922,.T.);
#1752=EDGE_CURVE('',#1387,#1388,#708,.T.);
#1753=EDGE_CURVE('',#1389,#1375,#923,.T.);
#1754=EDGE_CURVE('',#1388,#1389,#924,.T.);
#1755=EDGE_CURVE('',#1374,#1390,#925,.T.);
#1756=EDGE_CURVE('',#1390,#1389,#252,.T.);
#1757=EDGE_CURVE('',#1391,#1373,#926,.T.);
#1758=EDGE_CURVE('',#1392,#1391,#927,.T.);
#1759=EDGE_CURVE('',#1390,#1392,#253,.T.);
#1760=EDGE_CURVE('',#1391,#1163,#709,.T.);
#1761=EDGE_CURVE('',#1365,#1393,#928,.T.);
#1762=EDGE_CURVE('',#1393,#1362,#710,.T.);
#1763=EDGE_CURVE('',#1364,#1394,#929,.T.);
#1764=EDGE_CURVE('',#1358,#1394,#711,.T.);
#1765=EDGE_CURVE('',#1372,#1395,#930,.T.);
#1766=EDGE_CURVE('',#1394,#1395,#931,.T.);
#1767=EDGE_CURVE('',#1371,#1396,#932,.T.);
#1768=EDGE_CURVE('',#1395,#1396,#712,.T.);
#1769=EDGE_CURVE('',#1370,#1397,#933,.T.);
#1770=EDGE_CURVE('',#1396,#1397,#934,.T.);
#1771=EDGE_CURVE('',#1398,#1191,#713,.T.);
#1772=EDGE_CURVE('',#1398,#1399,#254,.T.);
#1773=EDGE_CURVE('',#1399,#1390,#255,.T.);
#1774=EDGE_CURVE('',#1392,#1192,#256,.T.);
#1775=EDGE_CURVE('',#1399,#1389,#257,.T.);
#1776=EDGE_CURVE('',#1167,#1392,#258,.T.);
#1777=EDGE_CURVE('',#1167,#1192,#259,.T.);
#1778=EDGE_CURVE('',#1399,#1400,#935,.T.);
#1779=EDGE_CURVE('',#1401,#1400,#714,.T.);
#1780=EDGE_CURVE('',#1388,#1401,#715,.T.);
#1781=EDGE_CURVE('',#1402,#1402,#260,.T.);
#1782=EDGE_CURVE('',#1402,#1190,#936,.T.);
#1783=EDGE_CURVE('',#1189,#1401,#716,.T.);
#1784=EDGE_CURVE('',#1398,#1400,#261,.T.);
#1785=EDGE_CURVE('',#1382,#1403,#937,.T.);
#1786=EDGE_CURVE('',#1404,#1403,#262,.T.);
#1787=EDGE_CURVE('',#1405,#1404,#717,.T.);
#1788=EDGE_CURVE('',#1406,#1405,#718,.T.);
#1789=EDGE_CURVE('',#1403,#1406,#263,.T.);
#1790=EDGE_CURVE('',#1381,#1407,#938,.T.);
#1791=EDGE_CURVE('',#1408,#1407,#264,.T.);
#1792=EDGE_CURVE('',#1409,#1408,#719,.T.);
#1793=EDGE_CURVE('',#1410,#1409,#720,.T.);
#1794=EDGE_CURVE('',#1407,#1410,#265,.T.);
#1795=EDGE_CURVE('',#1384,#1411,#939,.T.);
#1796=EDGE_CURVE('',#1412,#1411,#721,.T.);
#1797=EDGE_CURVE('',#1413,#1412,#722,.T.);
#1798=EDGE_CURVE('',#1414,#1413,#723,.T.);
#1799=EDGE_CURVE('',#1415,#1414,#266,.T.);
#1800=EDGE_CURVE('',#1411,#1415,#724,.T.);
#1801=EDGE_CURVE('',#1383,#1416,#940,.T.);
#1802=EDGE_CURVE('',#1417,#1416,#725,.T.);
#1803=EDGE_CURVE('',#1418,#1417,#267,.T.);
#1804=EDGE_CURVE('',#1419,#1418,#726,.T.);
#1805=EDGE_CURVE('',#1420,#1419,#727,.T.);
#1806=EDGE_CURVE('',#1416,#1420,#728,.T.);
#1807=EDGE_CURVE('',#1404,#1406,#941,.T.);
#1808=EDGE_CURVE('',#1415,#1421,#942,.T.);
#1809=EDGE_CURVE('',#1413,#1421,#729,.T.);
#1810=EDGE_CURVE('',#1418,#1422,#15,.T.);
#1811=EDGE_CURVE('',#1419,#1422,#730,.T.);
#1812=EDGE_CURVE('',#1422,#1417,#943,.T.);
#1813=EDGE_CURVE('',#1421,#1414,#16,.T.);
#1814=EDGE_CURVE('',#1408,#1410,#944,.T.);
#1815=EDGE_CURVE('',#1350,#1423,#731,.T.);
#1816=EDGE_CURVE('',#1423,#1199,#732,.T.);
#1817=EDGE_CURVE('',#1423,#1424,#945,.T.);
#1818=EDGE_CURVE('',#1424,#1200,#733,.T.);
#1819=EDGE_CURVE('',#1424,#1334,#734,.T.);
#1820=EDGE_CURVE('',#1386,#1187,#735,.T.);
#1821=EDGE_CURVE('',#1387,#1188,#736,.T.);
#1822=EDGE_CURVE('',#1304,#1425,#737,.T.);
#1823=EDGE_CURVE('',#1425,#1426,#946,.T.);
#1824=EDGE_CURVE('',#1305,#1426,#738,.T.);
#1825=EDGE_CURVE('',#1327,#1307,#739,.T.);
#1826=EDGE_CURVE('',#1306,#1325,#740,.T.);
#1827=EDGE_CURVE('',#1427,#1302,#741,.T.);
#1828=EDGE_CURVE('',#1301,#1397,#742,.T.);
#1829=EDGE_CURVE('',#1397,#1427,#743,.T.);
#1830=EDGE_CURVE('',#1300,#1396,#744,.T.);
#1831=EDGE_CURVE('',#1299,#1395,#745,.T.);
#1832=EDGE_CURVE('',#1394,#1297,#746,.T.);
#1833=EDGE_CURVE('',#1298,#1358,#747,.T.);
#1834=EDGE_CURVE('',#1312,#1356,#748,.T.);
#1835=EDGE_CURVE('',#1311,#1360,#749,.T.);
#1836=EDGE_CURVE('',#1310,#1362,#750,.T.);
#1837=EDGE_CURVE('',#1309,#1393,#751,.T.);
#1838=EDGE_CURVE('',#1354,#1393,#947,.T.);
#1839=EDGE_CURVE('',#1308,#1354,#752,.T.);
#1840=EDGE_CURVE('',#1428,#1303,#753,.T.);
#1841=EDGE_CURVE('',#1427,#1428,#948,.T.);
#1842=EDGE_CURVE('',#1426,#1325,#754,.T.);
#1843=EDGE_CURVE('',#1428,#1425,#755,.T.);
#1844=EDGE_CURVE('',#1366,#1426,#949,.T.);
#1845=EDGE_CURVE('',#1367,#1425,#950,.T.);
#1846=EDGE_CURVE('',#1368,#1428,#951,.T.);
#1847=EDGE_CURVE('',#1427,#1369,#952,.T.);
#1848=EDGE_CURVE('',#1319,#1330,#268,.T.);
#1849=EDGE_CURVE('',#1318,#1320,#756,.T.);
#1850=EDGE_CURVE('',#1317,#1207,#269,.T.);
#1851=EDGE_CURVE('',#1321,#1206,#270,.T.);
#1852=EDGE_CURVE('',#1423,#1380,#953,.T.);
#1853=EDGE_CURVE('',#1424,#1379,#954,.T.);
#1854=EDGE_CURVE('',#1429,#1429,#271,.T.);
#1855=EDGE_CURVE('',#1430,#1430,#272,.T.);
#1856=EDGE_CURVE('',#1431,#1431,#273,.T.);
#1857=EDGE_CURVE('',#1432,#1432,#274,.T.);
#1858=EDGE_CURVE('',#1202,#1314,#275,.T.);
#1859=EDGE_CURVE('',#1323,#1204,#276,.T.);
#1860=EDGE_CURVE('',#1322,#1205,#277,.T.);
#1861=EDGE_CURVE('',#1316,#1208,#278,.T.);
#1862=EDGE_CURVE('',#1315,#1209,#279,.T.);
#1863=EDGE_CURVE('',#1313,#1203,#280,.T.);
#1864=EDGE_CURVE('',#1429,#1433,#955,.T.);
#1865=EDGE_CURVE('',#1433,#1433,#281,.T.);
#1866=EDGE_CURVE('',#1430,#1434,#956,.T.);
#1867=EDGE_CURVE('',#1434,#1434,#282,.T.);
#1868=EDGE_CURVE('',#1435,#1435,#283,.T.);
#1869=EDGE_CURVE('',#1435,#1351,#957,.T.);
#1870=EDGE_CURVE('',#1431,#1296,#958,.T.);
#1871=EDGE_CURVE('',#1432,#1279,#959,.T.);
#1872=ORIENTED_EDGE('',*,*,#1436,.T.);
#1873=ORIENTED_EDGE('',*,*,#1437,.F.);
#1874=ORIENTED_EDGE('',*,*,#1438,.F.);
#1875=ORIENTED_EDGE('',*,*,#1439,.F.);
#1876=ORIENTED_EDGE('',*,*,#1440,.F.);
#1877=ORIENTED_EDGE('',*,*,#1441,.T.);
#1878=ORIENTED_EDGE('',*,*,#1442,.T.);
#1879=ORIENTED_EDGE('',*,*,#1443,.T.);
#1880=ORIENTED_EDGE('',*,*,#1444,.T.);
#1881=ORIENTED_EDGE('',*,*,#1445,.T.);
#1882=ORIENTED_EDGE('',*,*,#1446,.T.);
#1883=ORIENTED_EDGE('',*,*,#1447,.F.);
#1884=ORIENTED_EDGE('',*,*,#1448,.T.);
#1885=ORIENTED_EDGE('',*,*,#1447,.T.);
#1886=ORIENTED_EDGE('',*,*,#1449,.T.);
#1887=ORIENTED_EDGE('',*,*,#1450,.T.);
#1888=ORIENTED_EDGE('',*,*,#1451,.T.);
#1889=ORIENTED_EDGE('',*,*,#1452,.T.);
#1890=ORIENTED_EDGE('',*,*,#1442,.F.);
#1891=ORIENTED_EDGE('',*,*,#1453,.T.);
#1892=ORIENTED_EDGE('',*,*,#1449,.F.);
#1893=ORIENTED_EDGE('',*,*,#1454,.T.);
#1894=ORIENTED_EDGE('',*,*,#1451,.F.);
#1895=ORIENTED_EDGE('',*,*,#1455,.T.);
#1896=ORIENTED_EDGE('',*,*,#1441,.F.);
#1897=ORIENTED_EDGE('',*,*,#1456,.T.);
#1898=ORIENTED_EDGE('',*,*,#1457,.T.);
#1899=ORIENTED_EDGE('',*,*,#1458,.T.);
#1900=ORIENTED_EDGE('',*,*,#1444,.F.);
#1901=ORIENTED_EDGE('',*,*,#1459,.F.);
#1902=ORIENTED_EDGE('',*,*,#1460,.F.);
#1903=ORIENTED_EDGE('',*,*,#1461,.F.);
#1904=ORIENTED_EDGE('',*,*,#1462,.T.);
#1905=ORIENTED_EDGE('',*,*,#1456,.F.);
#1906=ORIENTED_EDGE('',*,*,#1443,.F.);
#1907=ORIENTED_EDGE('',*,*,#1463,.T.);
#1908=ORIENTED_EDGE('',*,*,#1464,.T.);
#1909=ORIENTED_EDGE('',*,*,#1459,.T.);
#1910=ORIENTED_EDGE('',*,*,#1452,.F.);
#1911=ORIENTED_EDGE('',*,*,#1454,.F.);
#1912=ORIENTED_EDGE('',*,*,#1446,.F.);
#1913=ORIENTED_EDGE('',*,*,#1465,.F.);
#1914=ORIENTED_EDGE('',*,*,#1466,.T.);
#1915=ORIENTED_EDGE('',*,*,#1467,.F.);
#1916=ORIENTED_EDGE('',*,*,#1468,.F.);
#1917=ORIENTED_EDGE('',*,*,#1469,.F.);
#1918=ORIENTED_EDGE('',*,*,#1470,.T.);
#1919=ORIENTED_EDGE('',*,*,#1471,.T.);
#1920=ORIENTED_EDGE('',*,*,#1472,.F.);
#1921=ORIENTED_EDGE('',*,*,#1473,.F.);
#1922=ORIENTED_EDGE('',*,*,#1474,.F.);
#1923=ORIENTED_EDGE('',*,*,#1475,.F.);
#1924=ORIENTED_EDGE('',*,*,#1476,.F.);
#1925=ORIENTED_EDGE('',*,*,#1477,.T.);
#1926=ORIENTED_EDGE('',*,*,#1478,.F.);
#1927=ORIENTED_EDGE('',*,*,#1479,.F.);
#1928=ORIENTED_EDGE('',*,*,#1480,.F.);
#1929=ORIENTED_EDGE('',*,*,#1481,.F.);
#1930=ORIENTED_EDGE('',*,*,#1482,.F.);
#1931=ORIENTED_EDGE('',*,*,#1463,.F.);
#1932=ORIENTED_EDGE('',*,*,#1483,.F.);
#1933=ORIENTED_EDGE('',*,*,#1484,.F.);
#1934=ORIENTED_EDGE('',*,*,#1485,.F.);
#1935=ORIENTED_EDGE('',*,*,#1486,.F.);
#1936=ORIENTED_EDGE('',*,*,#1487,.F.);
#1937=ORIENTED_EDGE('',*,*,#1488,.F.);
#1938=ORIENTED_EDGE('',*,*,#1489,.T.);
#1939=ORIENTED_EDGE('',*,*,#1490,.F.);
#1940=ORIENTED_EDGE('',*,*,#1491,.T.);
#1941=ORIENTED_EDGE('',*,*,#1492,.F.);
#1942=ORIENTED_EDGE('',*,*,#1493,.T.);
#1943=ORIENTED_EDGE('',*,*,#1494,.F.);
#1944=ORIENTED_EDGE('',*,*,#1495,.T.);
#1945=ORIENTED_EDGE('',*,*,#1496,.F.);
#1946=ORIENTED_EDGE('',*,*,#1497,.T.);
#1947=ORIENTED_EDGE('',*,*,#1498,.T.);
#1948=ORIENTED_EDGE('',*,*,#1499,.T.);
#1949=ORIENTED_EDGE('',*,*,#1500,.T.);
#1950=ORIENTED_EDGE('',*,*,#1501,.T.);
#1951=ORIENTED_EDGE('',*,*,#1502,.F.);
#1952=ORIENTED_EDGE('',*,*,#1503,.T.);
#1953=ORIENTED_EDGE('',*,*,#1504,.F.);
#1954=ORIENTED_EDGE('',*,*,#1505,.T.);
#1955=ORIENTED_EDGE('',*,*,#1506,.T.);
#1956=ORIENTED_EDGE('',*,*,#1507,.T.);
#1957=ORIENTED_EDGE('',*,*,#1508,.T.);
#1958=ORIENTED_EDGE('',*,*,#1509,.T.);
#1959=ORIENTED_EDGE('',*,*,#1510,.T.);
#1960=ORIENTED_EDGE('',*,*,#1511,.T.);
#1961=ORIENTED_EDGE('',*,*,#1512,.T.);
#1962=ORIENTED_EDGE('',*,*,#1513,.F.);
#1963=ORIENTED_EDGE('',*,*,#1514,.T.);
#1964=ORIENTED_EDGE('',*,*,#1515,.F.);
#1965=ORIENTED_EDGE('',*,*,#1516,.T.);
#1966=ORIENTED_EDGE('',*,*,#1517,.F.);
#1967=ORIENTED_EDGE('',*,*,#1445,.F.);
#1968=ORIENTED_EDGE('',*,*,#1518,.T.);
#1969=ORIENTED_EDGE('',*,*,#1519,.T.);
#1970=ORIENTED_EDGE('',*,*,#1465,.T.);
#1971=ORIENTED_EDGE('',*,*,#1450,.F.);
#1972=ORIENTED_EDGE('',*,*,#1520,.T.);
#1973=ORIENTED_EDGE('',*,*,#1521,.T.);
#1974=ORIENTED_EDGE('',*,*,#1522,.T.);
#1975=ORIENTED_EDGE('',*,*,#1523,.T.);
#1976=ORIENTED_EDGE('',*,*,#1448,.F.);
#1977=ORIENTED_EDGE('',*,*,#1453,.F.);
#1978=ORIENTED_EDGE('',*,*,#1458,.F.);
#1979=ORIENTED_EDGE('',*,*,#1524,.T.);
#1980=ORIENTED_EDGE('',*,*,#1525,.F.);
#1981=ORIENTED_EDGE('',*,*,#1526,.F.);
#1982=ORIENTED_EDGE('',*,*,#1527,.F.);
#1983=ORIENTED_EDGE('',*,*,#1528,.T.);
#1984=ORIENTED_EDGE('',*,*,#1492,.T.);
#1985=ORIENTED_EDGE('',*,*,#1529,.T.);
#1986=ORIENTED_EDGE('',*,*,#1528,.F.);
#1987=ORIENTED_EDGE('',*,*,#1530,.T.);
#1988=ORIENTED_EDGE('',*,*,#1531,.F.);
#1989=ORIENTED_EDGE('',*,*,#1532,.T.);
#1990=ORIENTED_EDGE('',*,*,#1493,.F.);
#1991=ORIENTED_EDGE('',*,*,#1533,.F.);
#1992=ORIENTED_EDGE('',*,*,#1531,.T.);
#1993=ORIENTED_EDGE('',*,*,#1534,.T.);
#1994=ORIENTED_EDGE('',*,*,#1535,.T.);
#1995=ORIENTED_EDGE('',*,*,#1535,.F.);
#1996=ORIENTED_EDGE('',*,*,#1536,.T.);
#1997=ORIENTED_EDGE('',*,*,#1537,.F.);
#1998=ORIENTED_EDGE('',*,*,#1538,.T.);
#1999=ORIENTED_EDGE('',*,*,#1539,.F.);
#2000=ORIENTED_EDGE('',*,*,#1540,.T.);
#2001=ORIENTED_EDGE('',*,*,#1517,.T.);
#2002=ORIENTED_EDGE('',*,*,#1541,.T.);
#2003=ORIENTED_EDGE('',*,*,#1527,.T.);
#2004=ORIENTED_EDGE('',*,*,#1542,.F.);
#2005=ORIENTED_EDGE('',*,*,#1539,.T.);
#2006=ORIENTED_EDGE('',*,*,#1543,.T.);
#2007=ORIENTED_EDGE('',*,*,#1544,.F.);
#2008=ORIENTED_EDGE('',*,*,#1545,.F.);
#2009=ORIENTED_EDGE('',*,*,#1546,.F.);
#2010=ORIENTED_EDGE('',*,*,#1547,.F.);
#2011=ORIENTED_EDGE('',*,*,#1548,.F.);
#2012=ORIENTED_EDGE('',*,*,#1536,.F.);
#2013=ORIENTED_EDGE('',*,*,#1534,.F.);
#2014=ORIENTED_EDGE('',*,*,#1530,.F.);
#2015=ORIENTED_EDGE('',*,*,#1541,.F.);
#2016=ORIENTED_EDGE('',*,*,#1516,.F.);
#2017=ORIENTED_EDGE('',*,*,#1549,.T.);
#2018=ORIENTED_EDGE('',*,*,#1550,.F.);
#2019=ORIENTED_EDGE('',*,*,#1543,.F.);
#2020=ORIENTED_EDGE('',*,*,#1551,.F.);
#2021=ORIENTED_EDGE('',*,*,#1552,.T.);
#2022=ORIENTED_EDGE('',*,*,#1544,.T.);
#2023=ORIENTED_EDGE('',*,*,#1550,.T.);
#2024=ORIENTED_EDGE('',*,*,#1529,.F.);
#2025=ORIENTED_EDGE('',*,*,#1491,.F.);
#2026=ORIENTED_EDGE('',*,*,#1540,.F.);
#2027=ORIENTED_EDGE('',*,*,#1542,.T.);
#2028=ORIENTED_EDGE('',*,*,#1552,.F.);
#2029=ORIENTED_EDGE('',*,*,#1553,.T.);
#2030=ORIENTED_EDGE('',*,*,#1554,.T.);
#2031=ORIENTED_EDGE('',*,*,#1545,.T.);
#2032=ORIENTED_EDGE('',*,*,#1555,.T.);
#2033=ORIENTED_EDGE('',*,*,#1556,.T.);
#2034=ORIENTED_EDGE('',*,*,#1546,.T.);
#2035=ORIENTED_EDGE('',*,*,#1554,.F.);
#2036=ORIENTED_EDGE('',*,*,#1557,.T.);
#2037=ORIENTED_EDGE('',*,*,#1505,.F.);
#2038=ORIENTED_EDGE('',*,*,#1558,.T.);
#2039=ORIENTED_EDGE('',*,*,#1559,.T.);
#2040=ORIENTED_EDGE('',*,*,#1547,.T.);
#2041=ORIENTED_EDGE('',*,*,#1556,.F.);
#2042=ORIENTED_EDGE('',*,*,#1560,.T.);
#2043=ORIENTED_EDGE('',*,*,#1537,.T.);
#2044=ORIENTED_EDGE('',*,*,#1548,.T.);
#2045=ORIENTED_EDGE('',*,*,#1559,.F.);
#2046=ORIENTED_EDGE('',*,*,#1561,.T.);
#2047=ORIENTED_EDGE('',*,*,#1562,.T.);
#2048=ORIENTED_EDGE('',*,*,#1494,.T.);
#2049=ORIENTED_EDGE('',*,*,#1563,.T.);
#2050=ORIENTED_EDGE('',*,*,#1561,.F.);
#2051=ORIENTED_EDGE('',*,*,#1564,.T.);
#2052=ORIENTED_EDGE('',*,*,#1565,.F.);
#2053=ORIENTED_EDGE('',*,*,#1566,.T.);
#2054=ORIENTED_EDGE('',*,*,#1567,.T.);
#2055=ORIENTED_EDGE('',*,*,#1568,.T.);
#2056=ORIENTED_EDGE('',*,*,#1569,.F.);
#2057=ORIENTED_EDGE('',*,*,#1570,.T.);
#2058=ORIENTED_EDGE('',*,*,#1571,.F.);
#2059=ORIENTED_EDGE('',*,*,#1572,.T.);
#2060=ORIENTED_EDGE('',*,*,#1573,.F.);
#2061=ORIENTED_EDGE('',*,*,#1574,.T.);
#2062=ORIENTED_EDGE('',*,*,#1575,.F.);
#2063=ORIENTED_EDGE('',*,*,#1576,.T.);
#2064=ORIENTED_EDGE('',*,*,#1577,.F.);
#2065=ORIENTED_EDGE('',*,*,#1578,.T.);
#2066=ORIENTED_EDGE('',*,*,#1579,.T.);
#2067=ORIENTED_EDGE('',*,*,#1563,.F.);
#2068=ORIENTED_EDGE('',*,*,#1532,.F.);
#2069=ORIENTED_EDGE('',*,*,#1580,.F.);
#2070=ORIENTED_EDGE('',*,*,#1564,.F.);
#2071=ORIENTED_EDGE('',*,*,#1565,.T.);
#2072=ORIENTED_EDGE('',*,*,#1580,.T.);
#2073=ORIENTED_EDGE('',*,*,#1533,.T.);
#2074=ORIENTED_EDGE('',*,*,#1581,.T.);
#2075=ORIENTED_EDGE('',*,*,#1569,.T.);
#2076=ORIENTED_EDGE('',*,*,#1582,.T.);
#2077=ORIENTED_EDGE('',*,*,#1504,.T.);
#2078=ORIENTED_EDGE('',*,*,#1583,.T.);
#2079=ORIENTED_EDGE('',*,*,#1582,.F.);
#2080=ORIENTED_EDGE('',*,*,#1568,.F.);
#2081=ORIENTED_EDGE('',*,*,#1584,.F.);
#2082=ORIENTED_EDGE('',*,*,#1558,.F.);
#2083=ORIENTED_EDGE('',*,*,#1571,.T.);
#2084=ORIENTED_EDGE('',*,*,#1585,.T.);
#2085=ORIENTED_EDGE('',*,*,#1502,.T.);
#2086=ORIENTED_EDGE('',*,*,#1586,.T.);
#2087=ORIENTED_EDGE('',*,*,#1586,.F.);
#2088=ORIENTED_EDGE('',*,*,#1501,.F.);
#2089=ORIENTED_EDGE('',*,*,#1587,.F.);
#2090=ORIENTED_EDGE('',*,*,#1572,.F.);
#2091=ORIENTED_EDGE('',*,*,#1577,.T.);
#2092=ORIENTED_EDGE('',*,*,#1588,.T.);
#2093=ORIENTED_EDGE('',*,*,#1496,.T.);
#2094=ORIENTED_EDGE('',*,*,#1589,.T.);
#2095=ORIENTED_EDGE('',*,*,#1562,.F.);
#2096=ORIENTED_EDGE('',*,*,#1578,.F.);
#2097=ORIENTED_EDGE('',*,*,#1589,.F.);
#2098=ORIENTED_EDGE('',*,*,#1495,.F.);
#2099=ORIENTED_EDGE('',*,*,#1498,.F.);
#2100=ORIENTED_EDGE('',*,*,#1590,.T.);
#2101=ORIENTED_EDGE('',*,*,#1575,.T.);
#2102=ORIENTED_EDGE('',*,*,#1591,.T.);
#2103=ORIENTED_EDGE('',*,*,#1588,.F.);
#2104=ORIENTED_EDGE('',*,*,#1576,.F.);
#2105=ORIENTED_EDGE('',*,*,#1590,.F.);
#2106=ORIENTED_EDGE('',*,*,#1497,.F.);
#2107=ORIENTED_EDGE('',*,*,#1500,.F.);
#2108=ORIENTED_EDGE('',*,*,#1592,.T.);
#2109=ORIENTED_EDGE('',*,*,#1573,.T.);
#2110=ORIENTED_EDGE('',*,*,#1587,.T.);
#2111=ORIENTED_EDGE('',*,*,#1567,.F.);
#2112=ORIENTED_EDGE('',*,*,#1593,.F.);
#2113=ORIENTED_EDGE('',*,*,#1560,.F.);
#2114=ORIENTED_EDGE('',*,*,#1584,.T.);
#2115=ORIENTED_EDGE('',*,*,#1581,.F.);
#2116=ORIENTED_EDGE('',*,*,#1538,.F.);
#2117=ORIENTED_EDGE('',*,*,#1593,.T.);
#2118=ORIENTED_EDGE('',*,*,#1566,.F.);
#2119=ORIENTED_EDGE('',*,*,#1583,.F.);
#2120=ORIENTED_EDGE('',*,*,#1503,.F.);
#2121=ORIENTED_EDGE('',*,*,#1585,.F.);
#2122=ORIENTED_EDGE('',*,*,#1570,.F.);
#2123=ORIENTED_EDGE('',*,*,#1594,.T.);
#2124=ORIENTED_EDGE('',*,*,#1595,.T.);
#2125=ORIENTED_EDGE('',*,*,#1551,.T.);
#2126=ORIENTED_EDGE('',*,*,#1596,.T.);
#2127=ORIENTED_EDGE('',*,*,#1594,.F.);
#2128=ORIENTED_EDGE('',*,*,#1597,.F.);
#2129=ORIENTED_EDGE('',*,*,#1598,.F.);
#2130=ORIENTED_EDGE('',*,*,#1599,.F.);
#2131=ORIENTED_EDGE('',*,*,#1600,.F.);
#2132=ORIENTED_EDGE('',*,*,#1601,.F.);
#2133=ORIENTED_EDGE('',*,*,#1602,.F.);
#2134=ORIENTED_EDGE('',*,*,#1603,.T.);
#2135=ORIENTED_EDGE('',*,*,#1604,.F.);
#2136=ORIENTED_EDGE('',*,*,#1605,.T.);
#2137=ORIENTED_EDGE('',*,*,#1606,.F.);
#2138=ORIENTED_EDGE('',*,*,#1607,.F.);
#2139=ORIENTED_EDGE('',*,*,#1608,.F.);
#2140=ORIENTED_EDGE('',*,*,#1609,.F.);
#2141=ORIENTED_EDGE('',*,*,#1610,.F.);
#2142=ORIENTED_EDGE('',*,*,#1611,.F.);
#2143=ORIENTED_EDGE('',*,*,#1612,.T.);
#2144=ORIENTED_EDGE('',*,*,#1596,.F.);
#2145=ORIENTED_EDGE('',*,*,#1549,.F.);
#2146=ORIENTED_EDGE('',*,*,#1613,.F.);
#2147=ORIENTED_EDGE('',*,*,#1597,.T.);
#2148=ORIENTED_EDGE('',*,*,#1598,.T.);
#2149=ORIENTED_EDGE('',*,*,#1613,.T.);
#2150=ORIENTED_EDGE('',*,*,#1515,.T.);
#2151=ORIENTED_EDGE('',*,*,#1614,.T.);
#2152=ORIENTED_EDGE('',*,*,#1600,.T.);
#2153=ORIENTED_EDGE('',*,*,#1615,.T.);
#2154=ORIENTED_EDGE('',*,*,#1513,.T.);
#2155=ORIENTED_EDGE('',*,*,#1616,.T.);
#2156=ORIENTED_EDGE('',*,*,#1616,.F.);
#2157=ORIENTED_EDGE('',*,*,#1512,.F.);
#2158=ORIENTED_EDGE('',*,*,#1617,.F.);
#2159=ORIENTED_EDGE('',*,*,#1601,.T.);
#2160=ORIENTED_EDGE('',*,*,#1511,.F.);
#2161=ORIENTED_EDGE('',*,*,#1618,.T.);
#2162=ORIENTED_EDGE('',*,*,#1602,.T.);
#2163=ORIENTED_EDGE('',*,*,#1617,.T.);
#2164=ORIENTED_EDGE('',*,*,#1507,.F.);
#2165=ORIENTED_EDGE('',*,*,#1619,.T.);
#2166=ORIENTED_EDGE('',*,*,#1606,.T.);
#2167=ORIENTED_EDGE('',*,*,#1620,.T.);
#2168=ORIENTED_EDGE('',*,*,#1620,.F.);
#2169=ORIENTED_EDGE('',*,*,#1605,.F.);
#2170=ORIENTED_EDGE('',*,*,#1621,.F.);
#2171=ORIENTED_EDGE('',*,*,#1508,.F.);
#2172=ORIENTED_EDGE('',*,*,#1614,.F.);
#2173=ORIENTED_EDGE('',*,*,#1514,.F.);
#2174=ORIENTED_EDGE('',*,*,#1615,.F.);
#2175=ORIENTED_EDGE('',*,*,#1599,.T.);
#2176=ORIENTED_EDGE('',*,*,#1608,.T.);
#2177=ORIENTED_EDGE('',*,*,#1622,.F.);
#2178=ORIENTED_EDGE('',*,*,#1557,.F.);
#2179=ORIENTED_EDGE('',*,*,#1623,.T.);
#2180=ORIENTED_EDGE('',*,*,#1595,.F.);
#2181=ORIENTED_EDGE('',*,*,#1610,.T.);
#2182=ORIENTED_EDGE('',*,*,#1624,.F.);
#2183=ORIENTED_EDGE('',*,*,#1553,.F.);
#2184=ORIENTED_EDGE('',*,*,#1609,.T.);
#2185=ORIENTED_EDGE('',*,*,#1623,.F.);
#2186=ORIENTED_EDGE('',*,*,#1555,.F.);
#2187=ORIENTED_EDGE('',*,*,#1624,.T.);
#2188=ORIENTED_EDGE('',*,*,#1619,.F.);
#2189=ORIENTED_EDGE('',*,*,#1506,.F.);
#2190=ORIENTED_EDGE('',*,*,#1622,.T.);
#2191=ORIENTED_EDGE('',*,*,#1607,.T.);
#2192=ORIENTED_EDGE('',*,*,#1618,.F.);
#2193=ORIENTED_EDGE('',*,*,#1510,.F.);
#2194=ORIENTED_EDGE('',*,*,#1625,.F.);
#2195=ORIENTED_EDGE('',*,*,#1603,.F.);
#2196=ORIENTED_EDGE('',*,*,#1626,.F.);
#2197=ORIENTED_EDGE('',*,*,#1627,.F.);
#2198=ORIENTED_EDGE('',*,*,#1628,.F.);
#2199=ORIENTED_EDGE('',*,*,#1629,.F.);
#2200=ORIENTED_EDGE('',*,*,#1630,.F.);
#2201=ORIENTED_EDGE('',*,*,#1631,.F.);
#2202=ORIENTED_EDGE('',*,*,#1632,.F.);
#2203=ORIENTED_EDGE('',*,*,#1633,.F.);
#2204=ORIENTED_EDGE('',*,*,#1634,.F.);
#2205=ORIENTED_EDGE('',*,*,#1635,.F.);
#2206=ORIENTED_EDGE('',*,*,#1636,.F.);
#2207=ORIENTED_EDGE('',*,*,#1637,.F.);
#2208=ORIENTED_EDGE('',*,*,#1638,.F.);
#2209=ORIENTED_EDGE('',*,*,#1639,.F.);
#2210=ORIENTED_EDGE('',*,*,#1640,.F.);
#2211=ORIENTED_EDGE('',*,*,#1641,.F.);
#2212=ORIENTED_EDGE('',*,*,#1642,.F.);
#2213=ORIENTED_EDGE('',*,*,#1643,.F.);
#2214=ORIENTED_EDGE('',*,*,#1644,.F.);
#2215=ORIENTED_EDGE('',*,*,#1645,.F.);
#2216=ORIENTED_EDGE('',*,*,#1646,.F.);
#2217=ORIENTED_EDGE('',*,*,#1647,.F.);
#2218=ORIENTED_EDGE('',*,*,#1648,.F.);
#2219=ORIENTED_EDGE('',*,*,#1649,.F.);
#2220=ORIENTED_EDGE('',*,*,#1650,.F.);
#2221=ORIENTED_EDGE('',*,*,#1651,.F.);
#2222=ORIENTED_EDGE('',*,*,#1652,.F.);
#2223=ORIENTED_EDGE('',*,*,#1653,.F.);
#2224=ORIENTED_EDGE('',*,*,#1654,.T.);
#2225=ORIENTED_EDGE('',*,*,#1655,.T.);
#2226=ORIENTED_EDGE('',*,*,#1656,.F.);
#2227=ORIENTED_EDGE('',*,*,#1657,.F.);
#2228=ORIENTED_EDGE('',*,*,#1658,.F.);
#2229=ORIENTED_EDGE('',*,*,#1438,.T.);
#2230=ORIENTED_EDGE('',*,*,#1659,.F.);
#2231=ORIENTED_EDGE('',*,*,#1660,.F.);
#2232=ORIENTED_EDGE('',*,*,#1661,.F.);
#2233=ORIENTED_EDGE('',*,*,#1662,.T.);
#2234=ORIENTED_EDGE('',*,*,#1611,.T.);
#2235=ORIENTED_EDGE('',*,*,#1662,.F.);
#2236=ORIENTED_EDGE('',*,*,#1464,.F.);
#2237=ORIENTED_EDGE('',*,*,#1663,.T.);
#2238=ORIENTED_EDGE('',*,*,#1664,.T.);
#2239=ORIENTED_EDGE('',*,*,#1460,.T.);
#2240=ORIENTED_EDGE('',*,*,#1665,.T.);
#2241=ORIENTED_EDGE('',*,*,#1461,.T.);
#2242=ORIENTED_EDGE('',*,*,#1664,.F.);
#2243=ORIENTED_EDGE('',*,*,#1666,.T.);
#2244=ORIENTED_EDGE('',*,*,#1666,.F.);
#2245=ORIENTED_EDGE('',*,*,#1667,.F.);
#2246=ORIENTED_EDGE('',*,*,#1668,.T.);
#2247=ORIENTED_EDGE('',*,*,#1669,.T.);
#2248=ORIENTED_EDGE('',*,*,#1663,.F.);
#2249=ORIENTED_EDGE('',*,*,#1482,.T.);
#2250=ORIENTED_EDGE('',*,*,#1670,.F.);
#2251=ORIENTED_EDGE('',*,*,#1667,.T.);
#2252=ORIENTED_EDGE('',*,*,#1671,.T.);
#2253=ORIENTED_EDGE('',*,*,#1672,.T.);
#2254=ORIENTED_EDGE('',*,*,#1519,.F.);
#2255=ORIENTED_EDGE('',*,*,#1673,.T.);
#2256=ORIENTED_EDGE('',*,*,#1674,.T.);
#2257=ORIENTED_EDGE('',*,*,#1675,.T.);
#2258=ORIENTED_EDGE('',*,*,#1671,.F.);
#2259=ORIENTED_EDGE('',*,*,#1676,.T.);
#2260=ORIENTED_EDGE('',*,*,#1676,.F.);
#2261=ORIENTED_EDGE('',*,*,#1673,.F.);
#2262=ORIENTED_EDGE('',*,*,#1518,.F.);
#2263=ORIENTED_EDGE('',*,*,#1523,.F.);
#2264=ORIENTED_EDGE('',*,*,#1677,.T.);
#2265=ORIENTED_EDGE('',*,*,#1675,.F.);
#2266=ORIENTED_EDGE('',*,*,#1678,.T.);
#2267=ORIENTED_EDGE('',*,*,#1679,.F.);
#2268=ORIENTED_EDGE('',*,*,#1680,.F.);
#2269=ORIENTED_EDGE('',*,*,#1672,.F.);
#2270=ORIENTED_EDGE('',*,*,#1680,.T.);
#2271=ORIENTED_EDGE('',*,*,#1681,.T.);
#2272=ORIENTED_EDGE('',*,*,#1466,.F.);
#2273=ORIENTED_EDGE('',*,*,#1682,.T.);
#2274=ORIENTED_EDGE('',*,*,#1683,.T.);
#2275=ORIENTED_EDGE('',*,*,#1684,.T.);
#2276=ORIENTED_EDGE('',*,*,#1685,.T.);
#2277=ORIENTED_EDGE('',*,*,#1682,.F.);
#2278=ORIENTED_EDGE('',*,*,#1686,.T.);
#2279=ORIENTED_EDGE('',*,*,#1687,.T.);
#2280=ORIENTED_EDGE('',*,*,#1688,.T.);
#2281=ORIENTED_EDGE('',*,*,#1689,.T.);
#2282=ORIENTED_EDGE('',*,*,#1690,.T.);
#2283=ORIENTED_EDGE('',*,*,#1687,.F.);
#2284=ORIENTED_EDGE('',*,*,#1475,.T.);
#2285=ORIENTED_EDGE('',*,*,#1689,.F.);
#2286=ORIENTED_EDGE('',*,*,#1691,.T.);
#2287=ORIENTED_EDGE('',*,*,#1692,.T.);
#2288=ORIENTED_EDGE('',*,*,#1693,.T.);
#2289=ORIENTED_EDGE('',*,*,#1694,.T.);
#2290=ORIENTED_EDGE('',*,*,#1695,.T.);
#2291=ORIENTED_EDGE('',*,*,#1692,.F.);
#2292=ORIENTED_EDGE('',*,*,#1657,.T.);
#2293=ORIENTED_EDGE('',*,*,#1691,.F.);
#2294=ORIENTED_EDGE('',*,*,#1474,.T.);
#2295=ORIENTED_EDGE('',*,*,#1696,.T.);
#2296=ORIENTED_EDGE('',*,*,#1658,.T.);
#2297=ORIENTED_EDGE('',*,*,#1686,.F.);
#2298=ORIENTED_EDGE('',*,*,#1697,.T.);
#2299=ORIENTED_EDGE('',*,*,#1698,.T.);
#2300=ORIENTED_EDGE('',*,*,#1478,.T.);
#2301=ORIENTED_EDGE('',*,*,#1699,.F.);
#2302=ORIENTED_EDGE('',*,*,#1700,.F.);
#2303=ORIENTED_EDGE('',*,*,#1476,.T.);
#2304=ORIENTED_EDGE('',*,*,#1685,.F.);
#2305=ORIENTED_EDGE('',*,*,#1701,.T.);
#2306=ORIENTED_EDGE('',*,*,#1702,.F.);
#2307=ORIENTED_EDGE('',*,*,#1697,.F.);
#2308=ORIENTED_EDGE('',*,*,#1655,.F.);
#2309=ORIENTED_EDGE('',*,*,#1703,.T.);
#2310=ORIENTED_EDGE('',*,*,#1704,.T.);
#2311=ORIENTED_EDGE('',*,*,#1705,.F.);
#2312=ORIENTED_EDGE('',*,*,#1706,.F.);
#2313=ORIENTED_EDGE('',*,*,#1707,.T.);
#2314=ORIENTED_EDGE('',*,*,#1708,.T.);
#2315=ORIENTED_EDGE('',*,*,#1709,.F.);
#2316=ORIENTED_EDGE('',*,*,#1710,.F.);
#2317=ORIENTED_EDGE('',*,*,#1711,.T.);
#2318=ORIENTED_EDGE('',*,*,#1706,.T.);
#2319=ORIENTED_EDGE('',*,*,#1712,.F.);
#2320=ORIENTED_EDGE('',*,*,#1713,.F.);
#2321=ORIENTED_EDGE('',*,*,#1714,.T.);
#2322=ORIENTED_EDGE('',*,*,#1710,.T.);
#2323=ORIENTED_EDGE('',*,*,#1715,.F.);
#2324=ORIENTED_EDGE('',*,*,#1716,.T.);
#2325=ORIENTED_EDGE('',*,*,#1717,.F.);
#2326=ORIENTED_EDGE('',*,*,#1707,.F.);
#2327=ORIENTED_EDGE('',*,*,#1711,.F.);
#2328=ORIENTED_EDGE('',*,*,#1714,.F.);
#2329=ORIENTED_EDGE('',*,*,#1718,.F.);
#2330=ORIENTED_EDGE('',*,*,#1719,.F.);
#2331=ORIENTED_EDGE('',*,*,#1703,.F.);
#2332=ORIENTED_EDGE('',*,*,#1654,.F.);
#2333=ORIENTED_EDGE('',*,*,#1720,.F.);
#2334=ORIENTED_EDGE('',*,*,#1721,.F.);
#2335=ORIENTED_EDGE('',*,*,#1722,.F.);
#2336=ORIENTED_EDGE('',*,*,#1723,.F.);
#2337=ORIENTED_EDGE('',*,*,#1724,.F.);
#2338=ORIENTED_EDGE('',*,*,#1725,.F.);
#2339=ORIENTED_EDGE('',*,*,#1726,.F.);
#2340=ORIENTED_EDGE('',*,*,#1727,.F.);
#2341=ORIENTED_EDGE('',*,*,#1728,.F.);
#2342=ORIENTED_EDGE('',*,*,#1729,.F.);
#2343=ORIENTED_EDGE('',*,*,#1730,.F.);
#2344=ORIENTED_EDGE('',*,*,#1731,.F.);
#2345=ORIENTED_EDGE('',*,*,#1732,.F.);
#2346=ORIENTED_EDGE('',*,*,#1733,.F.);
#2347=ORIENTED_EDGE('',*,*,#1734,.F.);
#2348=ORIENTED_EDGE('',*,*,#1678,.F.);
#2349=ORIENTED_EDGE('',*,*,#1674,.F.);
#2350=ORIENTED_EDGE('',*,*,#1677,.F.);
#2351=ORIENTED_EDGE('',*,*,#1522,.F.);
#2352=ORIENTED_EDGE('',*,*,#1735,.T.);
#2353=ORIENTED_EDGE('',*,*,#1524,.F.);
#2354=ORIENTED_EDGE('',*,*,#1457,.F.);
#2355=ORIENTED_EDGE('',*,*,#1462,.F.);
#2356=ORIENTED_EDGE('',*,*,#1665,.F.);
#2357=ORIENTED_EDGE('',*,*,#1669,.F.);
#2358=ORIENTED_EDGE('',*,*,#1736,.F.);
#2359=ORIENTED_EDGE('',*,*,#1737,.F.);
#2360=ORIENTED_EDGE('',*,*,#1738,.F.);
#2361=ORIENTED_EDGE('',*,*,#1701,.F.);
#2362=ORIENTED_EDGE('',*,*,#1684,.F.);
#2363=ORIENTED_EDGE('',*,*,#1739,.F.);
#2364=ORIENTED_EDGE('',*,*,#1694,.F.);
#2365=ORIENTED_EDGE('',*,*,#1659,.T.);
#2366=ORIENTED_EDGE('',*,*,#1437,.T.);
#2367=ORIENTED_EDGE('',*,*,#1740,.F.);
#2368=ORIENTED_EDGE('',*,*,#1741,.F.);
#2369=ORIENTED_EDGE('',*,*,#1742,.F.);
#2370=ORIENTED_EDGE('',*,*,#1743,.F.);
#2371=ORIENTED_EDGE('',*,*,#1695,.F.);
#2372=ORIENTED_EDGE('',*,*,#1739,.T.);
#2373=ORIENTED_EDGE('',*,*,#1683,.F.);
#2374=ORIENTED_EDGE('',*,*,#1688,.F.);
#2375=ORIENTED_EDGE('',*,*,#1690,.F.);
#2376=ORIENTED_EDGE('',*,*,#1693,.F.);
#2377=ORIENTED_EDGE('',*,*,#1455,.F.);
#2378=ORIENTED_EDGE('',*,*,#1526,.T.);
#2379=ORIENTED_EDGE('',*,*,#1744,.F.);
#2380=ORIENTED_EDGE('',*,*,#1520,.F.);
#2381=ORIENTED_EDGE('',*,*,#1716,.F.);
#2382=ORIENTED_EDGE('',*,*,#1745,.T.);
#2383=ORIENTED_EDGE('',*,*,#1746,.F.);
#2384=ORIENTED_EDGE('',*,*,#1745,.F.);
#2385=ORIENTED_EDGE('',*,*,#1735,.F.);
#2386=ORIENTED_EDGE('',*,*,#1521,.F.);
#2387=ORIENTED_EDGE('',*,*,#1744,.T.);
#2388=ORIENTED_EDGE('',*,*,#1525,.T.);
#2389=ORIENTED_EDGE('',*,*,#1734,.T.);
#2390=ORIENTED_EDGE('',*,*,#1747,.F.);
#2391=ORIENTED_EDGE('',*,*,#1748,.F.);
#2392=ORIENTED_EDGE('',*,*,#1679,.T.);
#2393=ORIENTED_EDGE('',*,*,#1733,.T.);
#2394=ORIENTED_EDGE('',*,*,#1749,.F.);
#2395=ORIENTED_EDGE('',*,*,#1750,.F.);
#2396=ORIENTED_EDGE('',*,*,#1747,.T.);
#2397=ORIENTED_EDGE('',*,*,#1746,.T.);
#2398=ORIENTED_EDGE('',*,*,#1732,.T.);
#2399=ORIENTED_EDGE('',*,*,#1751,.F.);
#2400=ORIENTED_EDGE('',*,*,#1752,.F.);
#2401=ORIENTED_EDGE('',*,*,#1749,.T.);
#2402=ORIENTED_EDGE('',*,*,#1731,.T.);
#2403=ORIENTED_EDGE('',*,*,#1753,.F.);
#2404=ORIENTED_EDGE('',*,*,#1754,.F.);
#2405=ORIENTED_EDGE('',*,*,#1751,.T.);
#2406=ORIENTED_EDGE('',*,*,#1730,.T.);
#2407=ORIENTED_EDGE('',*,*,#1755,.T.);
#2408=ORIENTED_EDGE('',*,*,#1756,.T.);
#2409=ORIENTED_EDGE('',*,*,#1753,.T.);
#2410=ORIENTED_EDGE('',*,*,#1729,.T.);
#2411=ORIENTED_EDGE('',*,*,#1757,.F.);
#2412=ORIENTED_EDGE('',*,*,#1758,.F.);
#2413=ORIENTED_EDGE('',*,*,#1759,.F.);
#2414=ORIENTED_EDGE('',*,*,#1755,.F.);
#2415=ORIENTED_EDGE('',*,*,#1728,.T.);
#2416=ORIENTED_EDGE('',*,*,#1436,.F.);
#2417=ORIENTED_EDGE('',*,*,#1760,.F.);
#2418=ORIENTED_EDGE('',*,*,#1757,.T.);
#2419=ORIENTED_EDGE('',*,*,#1761,.F.);
#2420=ORIENTED_EDGE('',*,*,#1718,.T.);
#2421=ORIENTED_EDGE('',*,*,#1713,.T.);
#2422=ORIENTED_EDGE('',*,*,#1762,.F.);
#2423=ORIENTED_EDGE('',*,*,#1717,.T.);
#2424=ORIENTED_EDGE('',*,*,#1763,.T.);
#2425=ORIENTED_EDGE('',*,*,#1764,.F.);
#2426=ORIENTED_EDGE('',*,*,#1708,.F.);
#2427=ORIENTED_EDGE('',*,*,#1727,.T.);
#2428=ORIENTED_EDGE('',*,*,#1765,.T.);
#2429=ORIENTED_EDGE('',*,*,#1766,.F.);
#2430=ORIENTED_EDGE('',*,*,#1763,.F.);
#2431=ORIENTED_EDGE('',*,*,#1726,.T.);
#2432=ORIENTED_EDGE('',*,*,#1767,.T.);
#2433=ORIENTED_EDGE('',*,*,#1768,.F.);
#2434=ORIENTED_EDGE('',*,*,#1765,.F.);
#2435=ORIENTED_EDGE('',*,*,#1725,.T.);
#2436=ORIENTED_EDGE('',*,*,#1769,.T.);
#2437=ORIENTED_EDGE('',*,*,#1770,.F.);
#2438=ORIENTED_EDGE('',*,*,#1767,.F.);
#2439=ORIENTED_EDGE('',*,*,#1771,.F.);
#2440=ORIENTED_EDGE('',*,*,#1772,.T.);
#2441=ORIENTED_EDGE('',*,*,#1773,.T.);
#2442=ORIENTED_EDGE('',*,*,#1759,.T.);
#2443=ORIENTED_EDGE('',*,*,#1774,.T.);
#2444=ORIENTED_EDGE('',*,*,#1472,.T.);
#2445=ORIENTED_EDGE('',*,*,#1773,.F.);
#2446=ORIENTED_EDGE('',*,*,#1775,.T.);
#2447=ORIENTED_EDGE('',*,*,#1756,.F.);
#2448=ORIENTED_EDGE('',*,*,#1760,.T.);
#2449=ORIENTED_EDGE('',*,*,#1440,.T.);
#2450=ORIENTED_EDGE('',*,*,#1776,.T.);
#2451=ORIENTED_EDGE('',*,*,#1758,.T.);
#2452=ORIENTED_EDGE('',*,*,#1776,.F.);
#2453=ORIENTED_EDGE('',*,*,#1777,.T.);
#2454=ORIENTED_EDGE('',*,*,#1774,.F.);
#2455=ORIENTED_EDGE('',*,*,#1775,.F.);
#2456=ORIENTED_EDGE('',*,*,#1778,.T.);
#2457=ORIENTED_EDGE('',*,*,#1779,.F.);
#2458=ORIENTED_EDGE('',*,*,#1780,.F.);
#2459=ORIENTED_EDGE('',*,*,#1754,.T.);
#2460=ORIENTED_EDGE('',*,*,#1781,.F.);
#2461=ORIENTED_EDGE('',*,*,#1782,.T.);
#2462=ORIENTED_EDGE('',*,*,#1470,.F.);
#2463=ORIENTED_EDGE('',*,*,#1783,.T.);
#2464=ORIENTED_EDGE('',*,*,#1779,.T.);
#2465=ORIENTED_EDGE('',*,*,#1784,.F.);
#2466=ORIENTED_EDGE('',*,*,#1771,.T.);
#2467=ORIENTED_EDGE('',*,*,#1471,.F.);
#2468=ORIENTED_EDGE('',*,*,#1782,.F.);
#2469=ORIENTED_EDGE('',*,*,#1772,.F.);
#2470=ORIENTED_EDGE('',*,*,#1784,.T.);
#2471=ORIENTED_EDGE('',*,*,#1778,.F.);
#2472=ORIENTED_EDGE('',*,*,#1777,.F.);
#2473=ORIENTED_EDGE('',*,*,#1439,.T.);
#2474=ORIENTED_EDGE('',*,*,#1696,.F.);
#2475=ORIENTED_EDGE('',*,*,#1473,.T.);
#2476=ORIENTED_EDGE('',*,*,#1741,.T.);
#2477=ORIENTED_EDGE('',*,*,#1785,.T.);
#2478=ORIENTED_EDGE('',*,*,#1786,.F.);
#2479=ORIENTED_EDGE('',*,*,#1787,.F.);
#2480=ORIENTED_EDGE('',*,*,#1788,.F.);
#2481=ORIENTED_EDGE('',*,*,#1789,.F.);
#2482=ORIENTED_EDGE('',*,*,#1785,.F.);
#2483=ORIENTED_EDGE('',*,*,#1740,.T.);
#2484=ORIENTED_EDGE('',*,*,#1790,.T.);
#2485=ORIENTED_EDGE('',*,*,#1791,.F.);
#2486=ORIENTED_EDGE('',*,*,#1792,.F.);
#2487=ORIENTED_EDGE('',*,*,#1793,.F.);
#2488=ORIENTED_EDGE('',*,*,#1794,.F.);
#2489=ORIENTED_EDGE('',*,*,#1790,.F.);
#2490=ORIENTED_EDGE('',*,*,#1743,.T.);
#2491=ORIENTED_EDGE('',*,*,#1795,.T.);
#2492=ORIENTED_EDGE('',*,*,#1796,.F.);
#2493=ORIENTED_EDGE('',*,*,#1797,.F.);
#2494=ORIENTED_EDGE('',*,*,#1798,.F.);
#2495=ORIENTED_EDGE('',*,*,#1799,.F.);
#2496=ORIENTED_EDGE('',*,*,#1800,.F.);
#2497=ORIENTED_EDGE('',*,*,#1795,.F.);
#2498=ORIENTED_EDGE('',*,*,#1742,.T.);
#2499=ORIENTED_EDGE('',*,*,#1801,.T.);
#2500=ORIENTED_EDGE('',*,*,#1802,.F.);
#2501=ORIENTED_EDGE('',*,*,#1803,.F.);
#2502=ORIENTED_EDGE('',*,*,#1804,.F.);
#2503=ORIENTED_EDGE('',*,*,#1805,.F.);
#2504=ORIENTED_EDGE('',*,*,#1806,.F.);
#2505=ORIENTED_EDGE('',*,*,#1801,.F.);
#2506=ORIENTED_EDGE('',*,*,#1787,.T.);
#2507=ORIENTED_EDGE('',*,*,#1807,.T.);
#2508=ORIENTED_EDGE('',*,*,#1788,.T.);
#2509=ORIENTED_EDGE('',*,*,#1797,.T.);
#2510=ORIENTED_EDGE('',*,*,#1796,.T.);
#2511=ORIENTED_EDGE('',*,*,#1800,.T.);
#2512=ORIENTED_EDGE('',*,*,#1808,.T.);
#2513=ORIENTED_EDGE('',*,*,#1809,.F.);
#2514=ORIENTED_EDGE('',*,*,#1804,.T.);
#2515=ORIENTED_EDGE('',*,*,#1810,.T.);
#2516=ORIENTED_EDGE('',*,*,#1811,.F.);
#2517=ORIENTED_EDGE('',*,*,#1803,.T.);
#2518=ORIENTED_EDGE('',*,*,#1812,.F.);
#2519=ORIENTED_EDGE('',*,*,#1810,.F.);
#2520=ORIENTED_EDGE('',*,*,#1799,.T.);
#2521=ORIENTED_EDGE('',*,*,#1813,.F.);
#2522=ORIENTED_EDGE('',*,*,#1808,.F.);
#2523=ORIENTED_EDGE('',*,*,#1791,.T.);
#2524=ORIENTED_EDGE('',*,*,#1794,.T.);
#2525=ORIENTED_EDGE('',*,*,#1814,.F.);
#2526=ORIENTED_EDGE('',*,*,#1786,.T.);
#2527=ORIENTED_EDGE('',*,*,#1789,.T.);
#2528=ORIENTED_EDGE('',*,*,#1807,.F.);
#2529=ORIENTED_EDGE('',*,*,#1798,.T.);
#2530=ORIENTED_EDGE('',*,*,#1809,.T.);
#2531=ORIENTED_EDGE('',*,*,#1813,.T.);
#2532=ORIENTED_EDGE('',*,*,#1815,.T.);
#2533=ORIENTED_EDGE('',*,*,#1816,.T.);
#2534=ORIENTED_EDGE('',*,*,#1479,.T.);
#2535=ORIENTED_EDGE('',*,*,#1698,.F.);
#2536=ORIENTED_EDGE('',*,*,#1817,.T.);
#2537=ORIENTED_EDGE('',*,*,#1818,.T.);
#2538=ORIENTED_EDGE('',*,*,#1480,.T.);
#2539=ORIENTED_EDGE('',*,*,#1816,.F.);
#2540=ORIENTED_EDGE('',*,*,#1819,.T.);
#2541=ORIENTED_EDGE('',*,*,#1670,.T.);
#2542=ORIENTED_EDGE('',*,*,#1481,.T.);
#2543=ORIENTED_EDGE('',*,*,#1818,.F.);
#2544=ORIENTED_EDGE('',*,*,#1805,.T.);
#2545=ORIENTED_EDGE('',*,*,#1811,.T.);
#2546=ORIENTED_EDGE('',*,*,#1812,.T.);
#2547=ORIENTED_EDGE('',*,*,#1802,.T.);
#2548=ORIENTED_EDGE('',*,*,#1806,.T.);
#2549=ORIENTED_EDGE('',*,*,#1467,.T.);
#2550=ORIENTED_EDGE('',*,*,#1681,.F.);
#2551=ORIENTED_EDGE('',*,*,#1748,.T.);
#2552=ORIENTED_EDGE('',*,*,#1820,.T.);
#2553=ORIENTED_EDGE('',*,*,#1468,.T.);
#2554=ORIENTED_EDGE('',*,*,#1820,.F.);
#2555=ORIENTED_EDGE('',*,*,#1750,.T.);
#2556=ORIENTED_EDGE('',*,*,#1821,.T.);
#2557=ORIENTED_EDGE('',*,*,#1783,.F.);
#2558=ORIENTED_EDGE('',*,*,#1469,.T.);
#2559=ORIENTED_EDGE('',*,*,#1821,.F.);
#2560=ORIENTED_EDGE('',*,*,#1752,.T.);
#2561=ORIENTED_EDGE('',*,*,#1780,.T.);
#2562=ORIENTED_EDGE('',*,*,#1792,.T.);
#2563=ORIENTED_EDGE('',*,*,#1814,.T.);
#2564=ORIENTED_EDGE('',*,*,#1793,.T.);
#2565=ORIENTED_EDGE('',*,*,#1633,.T.);
#2566=ORIENTED_EDGE('',*,*,#1822,.T.);
#2567=ORIENTED_EDGE('',*,*,#1823,.T.);
#2568=ORIENTED_EDGE('',*,*,#1824,.F.);
#2569=ORIENTED_EDGE('',*,*,#1656,.T.);
#2570=ORIENTED_EDGE('',*,*,#1825,.T.);
#2571=ORIENTED_EDGE('',*,*,#1635,.T.);
#2572=ORIENTED_EDGE('',*,*,#1826,.T.);
#2573=ORIENTED_EDGE('',*,*,#1827,.T.);
#2574=ORIENTED_EDGE('',*,*,#1630,.T.);
#2575=ORIENTED_EDGE('',*,*,#1828,.T.);
#2576=ORIENTED_EDGE('',*,*,#1829,.T.);
#2577=ORIENTED_EDGE('',*,*,#1629,.T.);
#2578=ORIENTED_EDGE('',*,*,#1830,.T.);
#2579=ORIENTED_EDGE('',*,*,#1770,.T.);
#2580=ORIENTED_EDGE('',*,*,#1828,.F.);
#2581=ORIENTED_EDGE('',*,*,#1628,.T.);
#2582=ORIENTED_EDGE('',*,*,#1831,.T.);
#2583=ORIENTED_EDGE('',*,*,#1768,.T.);
#2584=ORIENTED_EDGE('',*,*,#1830,.F.);
#2585=ORIENTED_EDGE('',*,*,#1832,.T.);
#2586=ORIENTED_EDGE('',*,*,#1626,.T.);
#2587=ORIENTED_EDGE('',*,*,#1833,.T.);
#2588=ORIENTED_EDGE('',*,*,#1764,.T.);
#2589=ORIENTED_EDGE('',*,*,#1641,.T.);
#2590=ORIENTED_EDGE('',*,*,#1834,.T.);
#2591=ORIENTED_EDGE('',*,*,#1709,.T.);
#2592=ORIENTED_EDGE('',*,*,#1833,.F.);
#2593=ORIENTED_EDGE('',*,*,#1712,.T.);
#2594=ORIENTED_EDGE('',*,*,#1834,.F.);
#2595=ORIENTED_EDGE('',*,*,#1640,.T.);
#2596=ORIENTED_EDGE('',*,*,#1835,.T.);
#2597=ORIENTED_EDGE('',*,*,#1715,.T.);
#2598=ORIENTED_EDGE('',*,*,#1835,.F.);
#2599=ORIENTED_EDGE('',*,*,#1639,.T.);
#2600=ORIENTED_EDGE('',*,*,#1836,.T.);
#2601=ORIENTED_EDGE('',*,*,#1627,.T.);
#2602=ORIENTED_EDGE('',*,*,#1832,.F.);
#2603=ORIENTED_EDGE('',*,*,#1766,.T.);
#2604=ORIENTED_EDGE('',*,*,#1831,.F.);
#2605=ORIENTED_EDGE('',*,*,#1762,.T.);
#2606=ORIENTED_EDGE('',*,*,#1836,.F.);
#2607=ORIENTED_EDGE('',*,*,#1638,.T.);
#2608=ORIENTED_EDGE('',*,*,#1837,.T.);
#2609=ORIENTED_EDGE('',*,*,#1838,.T.);
#2610=ORIENTED_EDGE('',*,*,#1837,.F.);
#2611=ORIENTED_EDGE('',*,*,#1637,.T.);
#2612=ORIENTED_EDGE('',*,*,#1839,.T.);
#2613=ORIENTED_EDGE('',*,*,#1825,.F.);
#2614=ORIENTED_EDGE('',*,*,#1705,.T.);
#2615=ORIENTED_EDGE('',*,*,#1839,.F.);
#2616=ORIENTED_EDGE('',*,*,#1636,.T.);
#2617=ORIENTED_EDGE('',*,*,#1840,.T.);
#2618=ORIENTED_EDGE('',*,*,#1631,.T.);
#2619=ORIENTED_EDGE('',*,*,#1827,.F.);
#2620=ORIENTED_EDGE('',*,*,#1841,.T.);
#2621=ORIENTED_EDGE('',*,*,#1842,.T.);
#2622=ORIENTED_EDGE('',*,*,#1826,.F.);
#2623=ORIENTED_EDGE('',*,*,#1634,.T.);
#2624=ORIENTED_EDGE('',*,*,#1824,.T.);
#2625=ORIENTED_EDGE('',*,*,#1632,.T.);
#2626=ORIENTED_EDGE('',*,*,#1840,.F.);
#2627=ORIENTED_EDGE('',*,*,#1843,.T.);
#2628=ORIENTED_EDGE('',*,*,#1822,.F.);
#2629=ORIENTED_EDGE('',*,*,#1844,.T.);
#2630=ORIENTED_EDGE('',*,*,#1823,.F.);
#2631=ORIENTED_EDGE('',*,*,#1845,.F.);
#2632=ORIENTED_EDGE('',*,*,#1721,.T.);
#2633=ORIENTED_EDGE('',*,*,#1722,.T.);
#2634=ORIENTED_EDGE('',*,*,#1845,.T.);
#2635=ORIENTED_EDGE('',*,*,#1843,.F.);
#2636=ORIENTED_EDGE('',*,*,#1846,.F.);
#2637=ORIENTED_EDGE('',*,*,#1723,.T.);
#2638=ORIENTED_EDGE('',*,*,#1846,.T.);
#2639=ORIENTED_EDGE('',*,*,#1841,.F.);
#2640=ORIENTED_EDGE('',*,*,#1847,.T.);
#2641=ORIENTED_EDGE('',*,*,#1724,.T.);
#2642=ORIENTED_EDGE('',*,*,#1847,.F.);
#2643=ORIENTED_EDGE('',*,*,#1829,.F.);
#2644=ORIENTED_EDGE('',*,*,#1769,.F.);
#2645=ORIENTED_EDGE('',*,*,#1648,.T.);
#2646=ORIENTED_EDGE('',*,*,#1848,.T.);
#2647=ORIENTED_EDGE('',*,*,#1660,.T.);
#2648=ORIENTED_EDGE('',*,*,#1661,.T.);
#2649=ORIENTED_EDGE('',*,*,#1848,.F.);
#2650=ORIENTED_EDGE('',*,*,#1647,.T.);
#2651=ORIENTED_EDGE('',*,*,#1849,.T.);
#2652=ORIENTED_EDGE('',*,*,#1849,.F.);
#2653=ORIENTED_EDGE('',*,*,#1646,.T.);
#2654=ORIENTED_EDGE('',*,*,#1850,.T.);
#2655=ORIENTED_EDGE('',*,*,#1487,.T.);
#2656=ORIENTED_EDGE('',*,*,#1851,.F.);
#2657=ORIENTED_EDGE('',*,*,#1649,.T.);
#2658=ORIENTED_EDGE('',*,*,#1738,.T.);
#2659=ORIENTED_EDGE('',*,*,#1852,.F.);
#2660=ORIENTED_EDGE('',*,*,#1815,.F.);
#2661=ORIENTED_EDGE('',*,*,#1702,.T.);
#2662=ORIENTED_EDGE('',*,*,#1737,.T.);
#2663=ORIENTED_EDGE('',*,*,#1853,.F.);
#2664=ORIENTED_EDGE('',*,*,#1817,.F.);
#2665=ORIENTED_EDGE('',*,*,#1852,.T.);
#2666=ORIENTED_EDGE('',*,*,#1736,.T.);
#2667=ORIENTED_EDGE('',*,*,#1668,.F.);
#2668=ORIENTED_EDGE('',*,*,#1819,.F.);
#2669=ORIENTED_EDGE('',*,*,#1853,.T.);
#2670=ORIENTED_EDGE('',*,*,#1509,.F.);
#2671=ORIENTED_EDGE('',*,*,#1621,.T.);
#2672=ORIENTED_EDGE('',*,*,#1604,.T.);
#2673=ORIENTED_EDGE('',*,*,#1625,.T.);
#2674=ORIENTED_EDGE('',*,*,#1854,.F.);
#2675=ORIENTED_EDGE('',*,*,#1855,.F.);
#2676=ORIENTED_EDGE('',*,*,#1856,.F.);
#2677=ORIENTED_EDGE('',*,*,#1857,.F.);
#2678=ORIENTED_EDGE('',*,*,#1858,.T.);
#2679=ORIENTED_EDGE('',*,*,#1652,.T.);
#2680=ORIENTED_EDGE('',*,*,#1859,.T.);
#2681=ORIENTED_EDGE('',*,*,#1484,.T.);
#2682=ORIENTED_EDGE('',*,*,#1860,.T.);
#2683=ORIENTED_EDGE('',*,*,#1485,.T.);
#2684=ORIENTED_EDGE('',*,*,#1859,.F.);
#2685=ORIENTED_EDGE('',*,*,#1651,.T.);
#2686=ORIENTED_EDGE('',*,*,#1860,.F.);
#2687=ORIENTED_EDGE('',*,*,#1650,.T.);
#2688=ORIENTED_EDGE('',*,*,#1851,.T.);
#2689=ORIENTED_EDGE('',*,*,#1486,.T.);
#2690=ORIENTED_EDGE('',*,*,#1850,.F.);
#2691=ORIENTED_EDGE('',*,*,#1645,.T.);
#2692=ORIENTED_EDGE('',*,*,#1861,.T.);
#2693=ORIENTED_EDGE('',*,*,#1488,.T.);
#2694=ORIENTED_EDGE('',*,*,#1862,.T.);
#2695=ORIENTED_EDGE('',*,*,#1489,.F.);
#2696=ORIENTED_EDGE('',*,*,#1861,.F.);
#2697=ORIENTED_EDGE('',*,*,#1644,.T.);
#2698=ORIENTED_EDGE('',*,*,#1862,.F.);
#2699=ORIENTED_EDGE('',*,*,#1643,.T.);
#2700=ORIENTED_EDGE('',*,*,#1863,.T.);
#2701=ORIENTED_EDGE('',*,*,#1490,.T.);
#2702=ORIENTED_EDGE('',*,*,#1858,.F.);
#2703=ORIENTED_EDGE('',*,*,#1483,.T.);
#2704=ORIENTED_EDGE('',*,*,#1863,.F.);
#2705=ORIENTED_EDGE('',*,*,#1642,.T.);
#2706=ORIENTED_EDGE('',*,*,#1704,.F.);
#2707=ORIENTED_EDGE('',*,*,#1719,.T.);
#2708=ORIENTED_EDGE('',*,*,#1761,.T.);
#2709=ORIENTED_EDGE('',*,*,#1838,.F.);
#2710=ORIENTED_EDGE('',*,*,#1844,.F.);
#2711=ORIENTED_EDGE('',*,*,#1720,.T.);
#2712=ORIENTED_EDGE('',*,*,#1653,.T.);
#2713=ORIENTED_EDGE('',*,*,#1842,.F.);
#2714=ORIENTED_EDGE('',*,*,#1854,.T.);
#2715=ORIENTED_EDGE('',*,*,#1864,.T.);
#2716=ORIENTED_EDGE('',*,*,#1865,.F.);
#2717=ORIENTED_EDGE('',*,*,#1864,.F.);
#2718=ORIENTED_EDGE('',*,*,#1781,.T.);
#2719=ORIENTED_EDGE('',*,*,#1865,.T.);
#2720=ORIENTED_EDGE('',*,*,#1855,.T.);
#2721=ORIENTED_EDGE('',*,*,#1866,.T.);
#2722=ORIENTED_EDGE('',*,*,#1867,.F.);
#2723=ORIENTED_EDGE('',*,*,#1866,.F.);
#2724=ORIENTED_EDGE('',*,*,#1868,.F.);
#2725=ORIENTED_EDGE('',*,*,#1869,.T.);
#2726=ORIENTED_EDGE('',*,*,#1699,.T.);
#2727=ORIENTED_EDGE('',*,*,#1477,.F.);
#2728=ORIENTED_EDGE('',*,*,#1700,.T.);
#2729=ORIENTED_EDGE('',*,*,#1869,.F.);
#2730=ORIENTED_EDGE('',*,*,#1868,.T.);
#2731=ORIENTED_EDGE('',*,*,#1867,.T.);
#2732=ORIENTED_EDGE('',*,*,#1856,.T.);
#2733=ORIENTED_EDGE('',*,*,#1870,.T.);
#2734=ORIENTED_EDGE('',*,*,#1612,.F.);
#2735=ORIENTED_EDGE('',*,*,#1870,.F.);
#2736=ORIENTED_EDGE('',*,*,#1857,.T.);
#2737=ORIENTED_EDGE('',*,*,#1871,.T.);
#2738=ORIENTED_EDGE('',*,*,#1579,.F.);
#2739=ORIENTED_EDGE('',*,*,#1871,.F.);
#2740=ORIENTED_EDGE('',*,*,#1591,.F.);
#2741=ORIENTED_EDGE('',*,*,#1574,.F.);
#2742=ORIENTED_EDGE('',*,*,#1592,.F.);
#2743=ORIENTED_EDGE('',*,*,#1499,.F.);
#2744=B_SPLINE_SURFACE_WITH_KNOTS('',5,1,((#3943,#3944),(#3945,#3946),(#3947,
#3948),(#3949,#3950),(#3951,#3952),(#3953,#3954),(#3955,#3956),(#3957,#3958),
(#3959,#3960),(#3961,#3962),(#3963,#3964),(#3965,#3966),(#3967,#3968),(#3969,
#3970),(#3971,#3972),(#3973,#3974),(#3975,#3976),(#3977,#3978),(#3979,#3980),
(#3981,#3982),(#3983,#3984),(#3985,#3986),(#3987,#3988),(#3989,#3990),(#3991,
#3992)),.UNSPECIFIED.,.F.,.F.,.F.,(6,5,1,1,1,1,1,1,1,1,1,1,1,1,1,1,6),(2,
2),(-0.107617879258599,0.,0.0666666666666667,0.133333333333333,0.2,0.266666666666667,
0.333333333333333,0.4,0.466666666666667,0.533333333333333,0.6,0.666666666666667,
0.733333333333333,0.8,0.866666666666667,0.933333333333333,1.),(0.,2.58000241240848),
 .UNSPECIFIED.);
#2745=B_SPLINE_SURFACE_WITH_KNOTS('',3,3,((#4029,#4030,#4031,#4032,#4033,
#4034),(#4035,#4036,#4037,#4038,#4039,#4040),(#4041,#4042,#4043,#4044,#4045,
#4046),(#4047,#4048,#4049,#4050,#4051,#4052),(#4053,#4054,#4055,#4056,#4057,
#4058),(#4059,#4060,#4061,#4062,#4063,#4064)),.UNSPECIFIED.,.F.,.F.,.F.,
(4,1,1,4),(4,1,1,4),(0.,0.285714285714286,0.571428571428571,1.00000753075408),
(-7.53075407940675E-6,0.070417010605226,0.117361684342043,0.16431388883294),
 .UNSPECIFIED.);
#2746=B_SPLINE_SURFACE_WITH_KNOTS('',3,3,((#4108,#4109,#4110,#4111),(#4112,
#4113,#4114,#4115),(#4116,#4117,#4118,#4119),(#4120,#4121,#4122,#4123),
(#4124,#4125,#4126,#4127)),.UNSPECIFIED.,.F.,.F.,.F.,(4,1,4),(4,4),(0.,
0.571428571428571,1.),(0.,0.0231018680145665),.UNSPECIFIED.);
#2747=B_SPLINE_SURFACE_WITH_KNOTS('',3,3,((#4136,#4137,#4138,#4139,#4140,
#4141,#4142,#4143,#4144,#4145),(#4146,#4147,#4148,#4149,#4150,#4151,#4152,
#4153,#4154,#4155),(#4156,#4157,#4158,#4159,#4160,#4161,#4162,#4163,#4164,
#4165),(#4166,#4167,#4168,#4169,#4170,#4171,#4172,#4173,#4174,#4175),(#4176,
#4177,#4178,#4179,#4180,#4181,#4182,#4183,#4184,#4185)),.UNSPECIFIED.,.F.,
 .F.,.F.,(4,1,4),(4,2,1,1,1,1,4),(0.,0.571428571428571,1.),(-0.199603956256747,
-0.198935475794996,-0.159148380635997,-0.119361285476999,-0.0795741903180001,
-0.0397870951590014,-2.70321624937447E-15),.UNSPECIFIED.);
#2748=B_SPLINE_SURFACE_WITH_KNOTS('',3,3,((#4242,#4243,#4244,#4245,#4246,
#4247,#4248,#4249,#4250,#4251),(#4252,#4253,#4254,#4255,#4256,#4257,#4258,
#4259,#4260,#4261),(#4262,#4263,#4264,#4265,#4266,#4267,#4268,#4269,#4270,
#4271),(#4272,#4273,#4274,#4275,#4276,#4277,#4278,#4279,#4280,#4281),(#4282,
#4283,#4284,#4285,#4286,#4287,#4288,#4289,#4290,#4291)),.UNSPECIFIED.,.F.,
 .F.,.F.,(4,1,4),(4,1,1,1,1,1,1,4),(-2.75015321146476E-6,0.571428571428571,
1.00000275015321),(-0.0996262629973269,-0.014832828767441,0.15474853938595,
0.324329907539342,0.409120591616037,0.451515933654385,0.472713604673559,
0.493911275692733),.UNSPECIFIED.);
#2749=B_SPLINE_SURFACE_WITH_KNOTS('',3,3,((#4673,#4674,#4675,#4676),(#4677,
#4678,#4679,#4680),(#4681,#4682,#4683,#4684),(#4685,#4686,#4687,#4688),
(#4689,#4690,#4691,#4692)),.UNSPECIFIED.,.F.,.F.,.F.,(4,1,4),(4,4),(0.,
0.571428571428571,1.),(-0.215000002002223,0.215),.UNSPECIFIED.);
#2750=B_SPLINE_SURFACE_WITH_KNOTS('',3,3,((#4696,#4697,#4698,#4699),(#4700,
#4701,#4702,#4703),(#4704,#4705,#4706,#4707),(#4708,#4709,#4710,#4711),
(#4712,#4713,#4714,#4715),(#4716,#4717,#4718,#4719)),.UNSPECIFIED.,.F.,
 .F.,.F.,(4,1,1,4),(4,4),(0.,0.285714285714286,0.571428571428571,1.),(-0.215000000000001,
0.215000009343641),.UNSPECIFIED.);
#2751=B_SPLINE_SURFACE_WITH_KNOTS('',3,3,((#4787,#4788,#4789,#4790),(#4791,
#4792,#4793,#4794),(#4795,#4796,#4797,#4798),(#4799,#4800,#4801,#4802),
(#4803,#4804,#4805,#4806)),.UNSPECIFIED.,.F.,.F.,.F.,(4,1,4),(4,4),(0.,
0.5,1.),(-0.215000002002223,0.215),.UNSPECIFIED.);
#2752=B_SPLINE_SURFACE_WITH_KNOTS('',3,3,((#4808,#4809,#4810,#4811),(#4812,
#4813,#4814,#4815),(#4816,#4817,#4818,#4819),(#4820,#4821,#4822,#4823),
(#4824,#4825,#4826,#4827),(#4828,#4829,#4830,#4831)),.UNSPECIFIED.,.F.,
 .F.,.F.,(4,1,1,4),(4,4),(0.,0.285714285714286,0.571428571428571,1.),(-0.215000002044057,
0.215),.UNSPECIFIED.);
#2753=B_SPLINE_SURFACE_WITH_KNOTS('',3,3,((#4996,#4997,#4998,#4999,#5000,
#5001),(#5002,#5003,#5004,#5005,#5006,#5007),(#5008,#5009,#5010,#5011,#5012,
#5013),(#5014,#5015,#5016,#5017,#5018,#5019),(#5020,#5021,#5022,#5023,#5024,
#5025)),.UNSPECIFIED.,.F.,.F.,.F.,(4,1,4),(4,1,1,4),(0.,0.571428571428571,
1.),(0.,0.0673768117164902,0.11229468619415,0.15721256067181),
 .UNSPECIFIED.);
#2754=B_SPLINE_SURFACE_WITH_KNOTS('',3,3,((#5137,#5138,#5139,#5140,#5141,
#5142),(#5143,#5144,#5145,#5146,#5147,#5148),(#5149,#5150,#5151,#5152,#5153,
#5154),(#5155,#5156,#5157,#5158,#5159,#5160),(#5161,#5162,#5163,#5164,#5165,
#5166)),.UNSPECIFIED.,.F.,.F.,.F.,(4,1,4),(4,1,1,4),(0.,0.571428571428571,
1.00001034261367),(-1.03426136706406E-5,0.0673768117164899,0.11229468619415,
0.157222903285481),.UNSPECIFIED.);
#2755=B_SPLINE_SURFACE_WITH_KNOTS('',3,3,((#5287,#5288,#5289,#5290,#5291,
#5292),(#5293,#5294,#5295,#5296,#5297,#5298),(#5299,#5300,#5301,#5302,#5303,
#5304),(#5305,#5306,#5307,#5308,#5309,#5310),(#5311,#5312,#5313,#5314,#5315,
#5316)),.UNSPECIFIED.,.F.,.F.,.F.,(4,1,4),(4,1,1,4),(0.,0.571428571428571,
1.00001034127012),(-1.03412701184858E-5,0.0673759595481047,0.112293265913508,
0.157220913549029),.UNSPECIFIED.);
#2756=B_SPLINE_SURFACE_WITH_KNOTS('',3,3,((#5400,#5401,#5402,#5403,#5404,
#5405),(#5406,#5407,#5408,#5409,#5410,#5411),(#5412,#5413,#5414,#5415,#5416,
#5417),(#5418,#5419,#5420,#5421,#5422,#5423),(#5424,#5425,#5426,#5427,#5428,
#5429),(#5430,#5431,#5432,#5433,#5434,#5435)),.UNSPECIFIED.,.F.,.F.,.F.,
(4,1,1,4),(4,1,1,4),(-2.91704911032841E-5,0.285714285714286,0.571428571428571,
1.),(-2.91704911032841E-5,0.0469446544454524,0.0704169816681786,0.164335461050186),
 .UNSPECIFIED.);
#2757=B_SPLINE_SURFACE_WITH_KNOTS('',3,1,((#5594,#5595),(#5596,#5597),(#5598,
#5599),(#5600,#5601),(#5602,#5603),(#5604,#5605),(#5606,#5607),(#5608,#5609),
(#5610,#5611),(#5612,#5613),(#5614,#5615),(#5616,#5617),(#5618,#5619)),
 .UNSPECIFIED.,.F.,.F.,.F.,(4,3,3,3,4),(2,2),(-0.000244363503539084,0.,
0.397052717092454,0.698326548486165,0.997727291079232),(0.,3.18),
 .UNSPECIFIED.);
#2758=B_SPLINE_SURFACE_WITH_KNOTS('',3,1,((#5656,#5657),(#5658,#5659),(#5660,
#5661),(#5662,#5663),(#5664,#5665),(#5666,#5667),(#5668,#5669)),
 .UNSPECIFIED.,.F.,.F.,.F.,(4,3,4),(2,2),(-0.996911661720915,-0.491553172820709,
-0.00949716159724685),(0.,3.18),.UNSPECIFIED.);
#2759=B_SPLINE_SURFACE_WITH_KNOTS('',5,1,((#5905,#5906),(#5907,#5908),(#5909,
#5910),(#5911,#5912),(#5913,#5914),(#5915,#5916),(#5917,#5918),(#5919,#5920),
(#5921,#5922),(#5923,#5924),(#5925,#5926),(#5927,#5928),(#5929,#5930),(#5931,
#5932),(#5933,#5934),(#5935,#5936),(#5937,#5938),(#5939,#5940),(#5941,#5942),
(#5943,#5944),(#5945,#5946),(#5947,#5948),(#5949,#5950),(#5951,#5952),(#5953,
#5954),(#5955,#5956),(#5957,#5958),(#5959,#5960),(#5961,#5962),(#5963,#5964)),
 .UNSPECIFIED.,.F.,.F.,.F.,(6,5,1,1,1,1,1,1,1,1,1,1,1,1,1,1,5,6),(2,2),
(-1.1580068270485,-1.,-0.933333333333333,-0.866666666666667,-0.8,-0.733333333333333,
-0.666666666666667,-0.6,-0.533333333333333,-0.466666666666667,-0.4,-0.333333333333333,
-0.266666666666667,-0.2,-0.133333333333333,-0.0666666666666667,0.,1.61733496573591),
(0.,1.56),.UNSPECIFIED.);
#2760=B_SPLINE_SURFACE_WITH_KNOTS('',5,1,((#5983,#5984),(#5985,#5986),(#5987,
#5988),(#5989,#5990),(#5991,#5992),(#5993,#5994),(#5995,#5996),(#5997,#5998),
(#5999,#6000),(#6001,#6002),(#6003,#6004),(#6005,#6006),(#6007,#6008),(#6009,
#6010)),.UNSPECIFIED.,.F.,.F.,.F.,(6,1,1,1,1,1,1,1,1,6),(2,2),(-0.595044552908033,
-0.533333333333333,-0.466666666666667,-0.4,-0.333333333333333,-0.266666666666667,
-0.2,-0.133333333333333,-0.0666666666666667,0.),(0.,1.74),.UNSPECIFIED.);
#2761=B_SPLINE_SURFACE_WITH_KNOTS('',5,1,((#6011,#6012),(#6013,#6014),(#6015,
#6016),(#6017,#6018),(#6019,#6020),(#6021,#6022),(#6023,#6024),(#6025,#6026),
(#6027,#6028),(#6029,#6030),(#6031,#6032),(#6033,#6034),(#6035,#6036),(#6037,
#6038),(#6039,#6040)),.UNSPECIFIED.,.F.,.F.,.F.,(6,1,1,1,1,1,1,1,1,1,6),
(2,2),(-1.,-0.9,-0.8,-0.7,-0.6,-0.5,-0.4,-0.3,-0.2,-0.1,0.),(0.,2.82),
 .UNSPECIFIED.);
#2762=B_SPLINE_SURFACE_WITH_KNOTS('',5,1,((#6062,#6063),(#6064,#6065),(#6066,
#6067),(#6068,#6069),(#6070,#6071),(#6072,#6073),(#6074,#6075),(#6076,#6077),
(#6078,#6079),(#6080,#6081),(#6082,#6083),(#6084,#6085),(#6086,#6087),(#6088,
#6089),(#6090,#6091)),.UNSPECIFIED.,.F.,.F.,.F.,(6,1,1,1,1,1,1,1,1,1,6),
(2,2),(0.,0.1,0.2,0.3,0.4,0.5,0.6,0.7,0.8,0.9,1.),(0.,2.82),
 .UNSPECIFIED.);
#2763=B_SPLINE_SURFACE_WITH_KNOTS('',3,1,((#6203,#6204),(#6205,#6206),(#6207,
#6208),(#6209,#6210),(#6211,#6212),(#6213,#6214),(#6215,#6216)),
 .UNSPECIFIED.,.F.,.F.,.F.,(4,3,4),(2,2),(0.00949716159731224,0.491553172826692,
0.996911661720912),(0.,3.18),.UNSPECIFIED.);
#2764=B_SPLINE_SURFACE_WITH_KNOTS('',3,1,((#6225,#6226),(#6227,#6228),(#6229,
#6230),(#6231,#6232),(#6233,#6234),(#6235,#6236),(#6237,#6238),(#6239,#6240),
(#6241,#6242),(#6243,#6244),(#6245,#6246),(#6247,#6248),(#6249,#6250)),
 .UNSPECIFIED.,.F.,.F.,.F.,(4,3,3,3,4),(2,2),(-0.997727291078855,-0.698326548501528,
-0.397052717095607,0.,0.000244363521293872),(0.,3.18),.UNSPECIFIED.);
#2765=B_SPLINE_SURFACE_WITH_KNOTS('',3,1,((#6269,#6270),(#6271,#6272),(#6273,
#6274),(#6275,#6276),(#6277,#6278),(#6279,#6280),(#6281,#6282),(#6283,#6284),
(#6285,#6286),(#6287,#6288),(#6289,#6290),(#6291,#6292),(#6293,#6294),(#6295,
#6296),(#6297,#6298),(#6299,#6300)),.UNSPECIFIED.,.F.,.F.,.F.,(4,3,3,3,
3,4),(2,2),(-1.00354260657673,-1.,-0.821518069467987,-0.403484181679931,
0.,0.018632849474197),(0.,3.18),.UNSPECIFIED.);
#2766=B_SPLINE_SURFACE_WITH_KNOTS('',3,1,((#6345,#6346),(#6347,#6348),(#6349,
#6350),(#6351,#6352),(#6353,#6354),(#6355,#6356)),.UNSPECIFIED.,.F.,.F.,
 .F.,(4,1,1,4),(2,2),(0.,0.285714285714286,0.571428571428571,1.),(0.,1.08),
 .UNSPECIFIED.);
#2767=B_SPLINE_SURFACE_WITH_KNOTS('',3,3,((#6432,#6433,#6434,#6435,#6436,
#6437,#6438,#6439,#6440),(#6441,#6442,#6443,#6444,#6445,#6446,#6447,#6448,
#6449),(#6450,#6451,#6452,#6453,#6454,#6455,#6456,#6457,#6458),(#6459,#6460,
#6461,#6462,#6463,#6464,#6465,#6466,#6467),(#6468,#6469,#6470,#6471,#6472,
#6473,#6474,#6475,#6476)),.UNSPECIFIED.,.F.,.F.,.F.,(4,1,4),(4,1,1,1,1,
1,4),(0.,0.571428571428571,1.),(0.325402645191061,0.537058069702939,0.67816168604419,
0.748713494214816,0.783989398300129,0.801627350342786,0.819265302385442),
 .UNSPECIFIED.);
#2768=B_SPLINE_SURFACE_WITH_KNOTS('',3,3,((#6687,#6688,#6689,#6690),(#6691,
#6692,#6693,#6694),(#6695,#6696,#6697,#6698),(#6699,#6700,#6701,#6702),
(#6703,#6704,#6705,#6706)),.UNSPECIFIED.,.F.,.F.,.F.,(4,1,4),(4,4),(0.,
0.330213580223681,0.660427160447361),(0.000429014470896679,0.0529530356650388),
 .UNSPECIFIED.);
#2769=B_SPLINE_SURFACE_WITH_KNOTS('',3,3,((#6753,#6754,#6755,#6756),(#6757,
#6758,#6759,#6760),(#6761,#6762,#6763,#6764),(#6765,#6766,#6767,#6768),
(#6769,#6770,#6771,#6772)),.UNSPECIFIED.,.F.,.F.,.F.,(4,1,4),(4,4),(0.,
0.330213580223773,0.660427160447546),(0.444164836279437,0.496626593808794),
 .UNSPECIFIED.);
#2770=B_SPLINE_SURFACE_WITH_KNOTS('',3,3,((#6773,#6774,#6775,#6776,#6777),
(#6778,#6779,#6780,#6781,#6782),(#6783,#6784,#6785,#6786,#6787),(#6788,
#6789,#6790,#6791,#6792),(#6793,#6794,#6795,#6796,#6797)),.UNSPECIFIED.,
 .F.,.F.,.F.,(4,1,4),(4,1,4),(0.,0.571428571428571,1.),(-4.5623559445417E-15,
0.409150197642774,0.954683794499813),.UNSPECIFIED.);
#2771=B_SPLINE_SURFACE_WITH_KNOTS('',3,3,((#6911,#6912,#6913,#6914,#6915),
(#6916,#6917,#6918,#6919,#6920),(#6921,#6922,#6923,#6924,#6925),(#6926,
#6927,#6928,#6929,#6930),(#6931,#6932,#6933,#6934,#6935)),.UNSPECIFIED.,
 .F.,.F.,.F.,(4,1,4),(4,1,4),(0.,0.571428571428571,1.),(-2.34633178487275E-16,
0.545533596857043,0.954683794499826),.UNSPECIFIED.);
#2772=B_SPLINE_SURFACE_WITH_KNOTS('',3,3,((#6942,#6943,#6944,#6945,#6946,
#6947,#6948,#6949,#6950,#6951,#6952,#6953,#6954,#6955,#6956),(#6957,#6958,
#6959,#6960,#6961,#6962,#6963,#6964,#6965,#6966,#6967,#6968,#6969,#6970,
#6971),(#6972,#6973,#6974,#6975,#6976,#6977,#6978,#6979,#6980,#6981,#6982,
#6983,#6984,#6985,#6986),(#6987,#6988,#6989,#6990,#6991,#6992,#6993,#6994,
#6995,#6996,#6997,#6998,#6999,#7000,#7001),(#7002,#7003,#7004,#7005,#7006,
#7007,#7008,#7009,#7010,#7011,#7012,#7013,#7014,#7015,#7016)),
 .UNSPECIFIED.,.F.,.F.,.F.,(4,1,4),(4,2,1,1,1,1,1,1,1,2,4),(0.,0.571428571428571,
1.),(-0.00666639101919908,0.,0.185581183357232,0.371162366714464,0.46395295839308,
0.556743550071696,0.742324733428927,0.835115325107543,0.881510620946851,
0.927905916786159,0.930495086059578),.UNSPECIFIED.);
#2773=B_SPLINE_SURFACE_WITH_KNOTS('',3,3,((#7070,#7071,#7072,#7073,#7074,
#7075,#7076,#7077,#7078,#7079,#7080,#7081,#7082,#7083,#7084,#7085,#7086,
#7087),(#7088,#7089,#7090,#7091,#7092,#7093,#7094,#7095,#7096,#7097,#7098,
#7099,#7100,#7101,#7102,#7103,#7104,#7105),(#7106,#7107,#7108,#7109,#7110,
#7111,#7112,#7113,#7114,#7115,#7116,#7117,#7118,#7119,#7120,#7121,#7122,
#7123),(#7124,#7125,#7126,#7127,#7128,#7129,#7130,#7131,#7132,#7133,#7134,
#7135,#7136,#7137,#7138,#7139,#7140,#7141),(#7142,#7143,#7144,#7145,#7146,
#7147,#7148,#7149,#7150,#7151,#7152,#7153,#7154,#7155,#7156,#7157,#7158,
#7159)),.UNSPECIFIED.,.F.,.F.,.F.,(4,1,4),(4,2,1,1,1,1,1,1,1,1,1,1,2,4),
(0.,0.571428571428571,1.),(-0.00258960305969434,0.,0.0927905916786159,0.185581183357232,
0.278371775035848,0.371162366714464,0.46395295839308,0.556743550071696,
0.742324733428927,0.835115325107543,0.881510620946851,0.904708268866505,
0.927905916786159,0.931744697207603),.UNSPECIFIED.);
#2774=B_SPLINE_SURFACE_WITH_KNOTS('',3,3,((#7352,#7353,#7354,#7355,#7356,
#7357,#7358,#7359,#7360,#7361),(#7362,#7363,#7364,#7365,#7366,#7367,#7368,
#7369,#7370,#7371),(#7372,#7373,#7374,#7375,#7376,#7377,#7378,#7379,#7380,
#7381),(#7382,#7383,#7384,#7385,#7386,#7387,#7388,#7389,#7390,#7391),(#7392,
#7393,#7394,#7395,#7396,#7397,#7398,#7399,#7400,#7401)),.UNSPECIFIED.,.F.,
 .F.,.F.,(4,1,4),(4,2,1,1,2,4),(-3.90731841798678E-6,0.571428571428571,
1.00000390731842),(-1.04790445424542,-1.04077532639528,-0.596590946113609,
-0.448529486019717,-0.00434510573804067,3.90731838639848E-6),
 .UNSPECIFIED.);
#2775=B_SPLINE_SURFACE_WITH_KNOTS('',3,3,((#7567,#7568,#7569,#7570,#7571,
#7572,#7573,#7574,#7575,#7576,#7577,#7578,#7579,#7580),(#7581,#7582,#7583,
#7584,#7585,#7586,#7587,#7588,#7589,#7590,#7591,#7592,#7593,#7594),(#7595,
#7596,#7597,#7598,#7599,#7600,#7601,#7602,#7603,#7604,#7605,#7606,#7607,
#7608),(#7609,#7610,#7611,#7612,#7613,#7614,#7615,#7616,#7617,#7618,#7619,
#7620,#7621,#7622),(#7623,#7624,#7625,#7626,#7627,#7628,#7629,#7630,#7631,
#7632,#7633,#7634,#7635,#7636)),.UNSPECIFIED.,.F.,.F.,.F.,(4,1,4),(4,2,
1,1,1,1,1,1,2,4),(0.,0.571428571428571,1.),(-0.813330759351504,-0.809907465169191,
-0.581325023926934,-0.467033803305805,-0.352742582684676,-0.238451362063548,
-0.161289029999185,-0.124160141442419,-0.00986892082129009,5.48787546172078E-13),
 .UNSPECIFIED.);
#2776=B_SPLINE_SURFACE_WITH_KNOTS('',3,3,((#7689,#7690,#7691,#7692,#7693,
#7694,#7695,#7696,#7697,#7698,#7699,#7700),(#7701,#7702,#7703,#7704,#7705,
#7706,#7707,#7708,#7709,#7710,#7711,#7712),(#7713,#7714,#7715,#7716,#7717,
#7718,#7719,#7720,#7721,#7722,#7723,#7724),(#7725,#7726,#7727,#7728,#7729,
#7730,#7731,#7732,#7733,#7734,#7735,#7736),(#7737,#7738,#7739,#7740,#7741,
#7742,#7743,#7744,#7745,#7746,#7747,#7748)),.UNSPECIFIED.,.F.,.F.,.F.,(4,
1,4),(4,1,1,1,1,1,1,2,4),(0.,0.571428571428571,1.),(-1.19354722643041,-0.852614111689372,
-0.682147554318852,-0.511680996948332,-0.426447718263072,-0.341214439577812,
-0.170747882207292,-0.000281324836772369,3.1275355002261E-13),
 .UNSPECIFIED.);
#2777=B_SPLINE_SURFACE_WITH_KNOTS('',3,3,((#7906,#7907,#7908,#7909,#7910,
#7911),(#7912,#7913,#7914,#7915,#7916,#7917),(#7918,#7919,#7920,#7921,#7922,
#7923),(#7924,#7925,#7926,#7927,#7928,#7929),(#7930,#7931,#7932,#7933,#7934,
#7935)),.UNSPECIFIED.,.F.,.F.,.F.,(4,1,4),(4,1,1,4),(0.,0.571428571428571,
1.),(-0.00245477467138433,0.460819993551907,0.769669839034102,1.0785196845163),
 .UNSPECIFIED.);
#2778=B_SPLINE_SURFACE_WITH_KNOTS('',3,3,((#8048,#8049,#8050,#8051,#8052,
#8053),(#8054,#8055,#8056,#8057,#8058,#8059),(#8060,#8061,#8062,#8063,#8064,
#8065),(#8066,#8067,#8068,#8069,#8070,#8071),(#8072,#8073,#8074,#8075,#8076,
#8077)),.UNSPECIFIED.,.F.,.F.,.F.,(4,1,4),(4,1,1,4),(0.,0.571428571428571,
1.),(-0.00593965190359946,0.457335116319624,0.766184961801773,1.07503480728392),
 .UNSPECIFIED.);
#2779=B_SPLINE_SURFACE_WITH_KNOTS('',3,3,((#8148,#8149,#8150,#8151,#8152,
#8153,#8154,#8155,#8156,#8157,#8158,#8159),(#8160,#8161,#8162,#8163,#8164,
#8165,#8166,#8167,#8168,#8169,#8170,#8171),(#8172,#8173,#8174,#8175,#8176,
#8177,#8178,#8179,#8180,#8181,#8182,#8183),(#8184,#8185,#8186,#8187,#8188,
#8189,#8190,#8191,#8192,#8193,#8194,#8195),(#8196,#8197,#8198,#8199,#8200,
#8201,#8202,#8203,#8204,#8205,#8206,#8207)),.UNSPECIFIED.,.F.,.F.,.F.,(4,
1,4),(4,2,1,1,1,1,1,1,4),(0.,0.571428571428571,1.),(-1.19168662216164,-1.19138380179128,
-0.850450687050191,-0.67998412967965,-0.594750850994379,-0.509517572309108,
-0.339051014938566,-0.168584457568024,0.00188209980251752),
 .UNSPECIFIED.);
#2780=B_SPLINE_SURFACE_WITH_KNOTS('',3,3,((#8254,#8255,#8256,#8257,#8258,
#8259,#8260,#8261,#8262,#8263,#8264,#8265,#8266,#8267),(#8268,#8269,#8270,
#8271,#8272,#8273,#8274,#8275,#8276,#8277,#8278,#8279,#8280,#8281),(#8282,
#8283,#8284,#8285,#8286,#8287,#8288,#8289,#8290,#8291,#8292,#8293,#8294,
#8295),(#8296,#8297,#8298,#8299,#8300,#8301,#8302,#8303,#8304,#8305,#8306,
#8307,#8308,#8309),(#8310,#8311,#8312,#8313,#8314,#8315,#8316,#8317,#8318,
#8319,#8320,#8321,#8322,#8323)),.UNSPECIFIED.,.F.,.F.,.F.,(4,1,4),(4,2,
1,1,1,1,1,1,2,4),(0.,0.571428571428571,1.),(-0.813330759352351,-0.803461838530387,
-0.68917061790925,-0.652041729343855,-0.574879397288114,-0.460588176666977,
-0.34629695604584,-0.117714514803566,-0.00342329418242912,6.35463903719844E-14),
 .UNSPECIFIED.);
#2781=B_SPLINE_SURFACE_WITH_KNOTS('',3,3,((#8340,#8341,#8342,#8343,#8344,
#8345,#8346,#8347,#8348,#8349),(#8350,#8351,#8352,#8353,#8354,#8355,#8356,
#8357,#8358,#8359),(#8360,#8361,#8362,#8363,#8364,#8365,#8366,#8367,#8368,
#8369),(#8370,#8371,#8372,#8373,#8374,#8375,#8376,#8377,#8378,#8379),(#8380,
#8381,#8382,#8383,#8384,#8385,#8386,#8387,#8388,#8389)),.UNSPECIFIED.,.F.,
 .F.,.F.,(4,1,4),(4,2,1,1,2,4),(0.,0.571428571428571,1.),(-1.04886944790657,
-1.04355934850712,-0.599374968225436,-0.451313508131542,-0.00712912784985817,
1.89681011838813E-13),.UNSPECIFIED.);
#2782=B_SPLINE_SURFACE_WITH_KNOTS('',3,1,((#8403,#8404),(#8405,#8406),(#8407,
#8408),(#8409,#8410),(#8411,#8412),(#8413,#8414),(#8415,#8416),(#8417,#8418),
(#8419,#8420),(#8421,#8422),(#8423,#8424),(#8425,#8426),(#8427,#8428)),
 .UNSPECIFIED.,.F.,.F.,.F.,(4,3,3,3,4),(2,2),(-0.00381110498428335,0.,0.65358052012586,
1.,1.00803297310636),(0.,3.18),.UNSPECIFIED.);
#2783=B_SPLINE_SURFACE_WITH_KNOTS('',3,1,((#8432,#8433),(#8434,#8435),(#8436,
#8437),(#8438,#8439),(#8440,#8441),(#8442,#8443),(#8444,#8445),(#8446,#8447),
(#8448,#8449),(#8450,#8451),(#8452,#8453),(#8454,#8455),(#8456,#8457)),
 .UNSPECIFIED.,.F.,.F.,.F.,(4,3,3,3,4),(2,2),(-1.00803297310648,-1.,-0.653580520118047,
0.,0.00381110498426658),(0.,3.18),.UNSPECIFIED.);
#2784=B_SPLINE_SURFACE_WITH_KNOTS('',5,1,((#8477,#8478),(#8479,#8480),(#8481,
#8482),(#8483,#8484),(#8485,#8486),(#8487,#8488),(#8489,#8490),(#8491,#8492),
(#8493,#8494),(#8495,#8496),(#8497,#8498),(#8499,#8500),(#8501,#8502),(#8503,
#8504),(#8505,#8506)),.UNSPECIFIED.,.F.,.F.,.F.,(6,1,1,1,1,1,1,1,1,1,6),
(2,2),(0.,0.1,0.2,0.3,0.4,0.5,0.6,0.7,0.8,0.9,1.),(0.,2.82),
 .UNSPECIFIED.);
#2785=B_SPLINE_SURFACE_WITH_KNOTS('',5,1,((#8510,#8511),(#8512,#8513),(#8514,
#8515),(#8516,#8517),(#8518,#8519),(#8520,#8521),(#8522,#8523),(#8524,#8525),
(#8526,#8527),(#8528,#8529),(#8530,#8531),(#8532,#8533),(#8534,#8535),(#8536,
#8537),(#8538,#8539)),.UNSPECIFIED.,.F.,.F.,.F.,(6,1,1,1,1,1,1,1,1,1,6),
(2,2),(-1.,-0.9,-0.8,-0.7,-0.6,-0.5,-0.4,-0.3,-0.2,-0.1,0.),(0.,2.82),
 .UNSPECIFIED.);
#2786=B_SPLINE_SURFACE_WITH_KNOTS('',3,1,((#8567,#8568),(#8569,#8570),(#8571,
#8572),(#8573,#8574),(#8575,#8576),(#8577,#8578),(#8579,#8580),(#8581,#8582),
(#8583,#8584),(#8585,#8586),(#8587,#8588),(#8589,#8590),(#8591,#8592),(#8593,
#8594),(#8595,#8596),(#8597,#8598)),.UNSPECIFIED.,.F.,.F.,.F.,(4,3,3,3,
3,4),(2,2),(-0.0186328494755746,0.,0.403484181677454,0.821518069443018,
1.,1.00354260657677),(0.,3.18),.UNSPECIFIED.);
#2787=ADVANCED_FACE('',(#284),#2744,.T.);
#2788=ADVANCED_FACE('',(#285),#2745,.T.);
#2789=ADVANCED_FACE('',(#286),#2746,.T.);
#2790=ADVANCED_FACE('',(#287),#2747,.T.);
#2791=ADVANCED_FACE('',(#288),#98,.F.);
#2792=ADVANCED_FACE('',(#289),#2748,.T.);
#2793=ADVANCED_FACE('',(#290),#99,.F.);
#2794=ADVANCED_FACE('',(#291),#100,.T.);
#2795=ADVANCED_FACE('',(#292),#89,.F.);
#2796=ADVANCED_FACE('',(#293,#19,#20),#34,.F.);
#2797=ADVANCED_FACE('',(#294),#90,.F.);
#2798=ADVANCED_FACE('',(#295),#101,.F.);
#2799=ADVANCED_FACE('',(#296),#35,.T.);
#2800=ADVANCED_FACE('',(#297),#102,.F.);
#2801=ADVANCED_FACE('',(#298),#36,.F.);
#2802=ADVANCED_FACE('',(#299),#103,.T.);
#2803=ADVANCED_FACE('',(#300),#37,.F.);
#2804=ADVANCED_FACE('',(#301),#104,.F.);
#2805=ADVANCED_FACE('',(#302),#38,.F.);
#2806=ADVANCED_FACE('',(#303),#39,.F.);
#2807=ADVANCED_FACE('',(#304),#105,.T.);
#2808=ADVANCED_FACE('',(#305),#106,.F.);
#2809=ADVANCED_FACE('',(#306),#40,.F.);
#2810=ADVANCED_FACE('',(#307),#41,.F.);
#2811=ADVANCED_FACE('',(#308),#42,.F.);
#2812=ADVANCED_FACE('',(#309),#43,.F.);
#2813=ADVANCED_FACE('',(#310),#107,.T.);
#2814=ADVANCED_FACE('',(#311,#21),#44,.F.);
#2815=ADVANCED_FACE('',(#312),#45,.T.);
#2816=ADVANCED_FACE('',(#313),#108,.T.);
#2817=ADVANCED_FACE('',(#314),#109,.T.);
#2818=ADVANCED_FACE('',(#315),#46,.T.);
#2819=ADVANCED_FACE('',(#316),#110,.T.);
#2820=ADVANCED_FACE('',(#317),#47,.T.);
#2821=ADVANCED_FACE('',(#318),#111,.T.);
#2822=ADVANCED_FACE('',(#319),#48,.T.);
#2823=ADVANCED_FACE('',(#320),#2749,.T.);
#2824=ADVANCED_FACE('',(#321),#49,.T.);
#2825=ADVANCED_FACE('',(#322),#2750,.T.);
#2826=ADVANCED_FACE('',(#323),#50,.T.);
#2827=ADVANCED_FACE('',(#324),#51,.T.);
#2828=ADVANCED_FACE('',(#325),#52,.T.);
#2829=ADVANCED_FACE('',(#326),#112,.T.);
#2830=ADVANCED_FACE('',(#327,#22,#23),#53,.F.);
#2831=ADVANCED_FACE('',(#328),#54,.T.);
#2832=ADVANCED_FACE('',(#329),#113,.T.);
#2833=ADVANCED_FACE('',(#330),#114,.T.);
#2834=ADVANCED_FACE('',(#331),#55,.T.);
#2835=ADVANCED_FACE('',(#332),#2751,.T.);
#2836=ADVANCED_FACE('',(#333),#2752,.T.);
#2837=ADVANCED_FACE('',(#334),#115,.T.);
#2838=ADVANCED_FACE('',(#335),#56,.T.);
#2839=ADVANCED_FACE('',(#336),#57,.T.);
#2840=ADVANCED_FACE('',(#337),#58,.T.);
#2841=ADVANCED_FACE('',(#338),#59,.T.);
#2842=ADVANCED_FACE('',(#339),#60,.T.);
#2843=ADVANCED_FACE('',(#340),#116,.T.);
#2844=ADVANCED_FACE('',(#341,#24),#61,.T.);
#2845=ADVANCED_FACE('',(#342),#62,.T.);
#2846=ADVANCED_FACE('',(#343),#63,.T.);
#2847=ADVANCED_FACE('',(#344),#117,.F.);
#2848=ADVANCED_FACE('',(#345),#2753,.T.);
#2849=ADVANCED_FACE('',(#346),#118,.F.);
#2850=ADVANCED_FACE('',(#347),#64,.T.);
#2851=ADVANCED_FACE('',(#348),#119,.F.);
#2852=ADVANCED_FACE('',(#349),#2754,.T.);
#2853=ADVANCED_FACE('',(#350),#120,.F.);
#2854=ADVANCED_FACE('',(#351),#121,.T.);
#2855=ADVANCED_FACE('',(#352),#65,.T.);
#2856=ADVANCED_FACE('',(#353),#122,.F.);
#2857=ADVANCED_FACE('',(#354),#123,.F.);
#2858=ADVANCED_FACE('',(#355),#2755,.T.);
#2859=ADVANCED_FACE('',(#356),#91,.F.);
#2860=ADVANCED_FACE('',(#357),#2756,.T.);
#2861=ADVANCED_FACE('',(#358),#124,.F.);
#2862=ADVANCED_FACE('',(#359),#125,.F.);
#2863=ADVANCED_FACE('',(#360),#126,.F.);
#2864=ADVANCED_FACE('',(#361),#66,.T.);
#2865=ADVANCED_FACE('',(#362),#2757,.T.);
#2866=ADVANCED_FACE('',(#363),#67,.T.);
#2867=ADVANCED_FACE('',(#364),#2758,.T.);
#2868=ADVANCED_FACE('',(#365,#25),#68,.T.);
#2869=ADVANCED_FACE('',(#366,#26,#27,#28,#29,#30),#69,.F.);
#2870=ADVANCED_FACE('',(#367),#127,.T.);
#2871=ADVANCED_FACE('',(#368),#2759,.T.);
#2872=ADVANCED_FACE('',(#369),#128,.F.);
#2873=ADVANCED_FACE('',(#370),#2760,.T.);
#2874=ADVANCED_FACE('',(#371),#2761,.T.);
#2875=ADVANCED_FACE('',(#372,#31),#70,.T.);
#2876=ADVANCED_FACE('',(#373),#2762,.T.);
#2877=ADVANCED_FACE('',(#374),#71,.T.);
#2878=ADVANCED_FACE('',(#375),#129,.F.);
#2879=ADVANCED_FACE('',(#376),#130,.T.);
#2880=ADVANCED_FACE('',(#377),#131,.F.);
#2881=ADVANCED_FACE('',(#378),#2763,.T.);
#2882=ADVANCED_FACE('',(#379),#2764,.T.);
#2883=ADVANCED_FACE('',(#380),#72,.T.);
#2884=ADVANCED_FACE('',(#381),#2765,.T.);
#2885=ADVANCED_FACE('',(#382),#73,.T.);
#2886=ADVANCED_FACE('',(#383),#92,.F.);
#2887=ADVANCED_FACE('',(#384),#17,.F.);
#2888=ADVANCED_FACE('',(#385),#2766,.T.);
#2889=ADVANCED_FACE('',(#386),#18,.F.);
#2890=ADVANCED_FACE('',(#387),#132,.F.);
#2891=ADVANCED_FACE('',(#388),#133,.T.);
#2892=ADVANCED_FACE('',(#389),#74,.F.);
#2893=ADVANCED_FACE('',(#390),#2767,.T.);
#2894=ADVANCED_FACE('',(#391),#134,.F.);
#2895=ADVANCED_FACE('',(#392),#135,.F.);
#2896=ADVANCED_FACE('',(#393),#136,.F.);
#2897=ADVANCED_FACE('',(#394),#137,.F.);
#2898=ADVANCED_FACE('',(#395),#138,.F.);
#2899=ADVANCED_FACE('',(#396),#139,.F.);
#2900=ADVANCED_FACE('',(#397),#2768,.T.);
#2901=ADVANCED_FACE('',(#398),#75,.F.);
#2902=ADVANCED_FACE('',(#399),#76,.F.);
#2903=ADVANCED_FACE('',(#400),#77,.F.);
#2904=ADVANCED_FACE('',(#401),#78,.F.);
#2905=ADVANCED_FACE('',(#402),#2769,.T.);
#2906=ADVANCED_FACE('',(#403),#2770,.T.);
#2907=ADVANCED_FACE('',(#404),#140,.F.);
#2908=ADVANCED_FACE('',(#405),#2771,.T.);
#2909=ADVANCED_FACE('',(#406),#141,.F.);
#2910=ADVANCED_FACE('',(#407),#2772,.T.);
#2911=ADVANCED_FACE('',(#408),#142,.F.);
#2912=ADVANCED_FACE('',(#409),#2773,.T.);
#2913=ADVANCED_FACE('',(#410),#143,.F.);
#2914=ADVANCED_FACE('',(#411),#144,.T.);
#2915=ADVANCED_FACE('',(#412),#145,.T.);
#2916=ADVANCED_FACE('',(#413),#2774,.F.);
#2917=ADVANCED_FACE('',(#414),#146,.T.);
#2918=ADVANCED_FACE('',(#415),#2775,.F.);
#2919=ADVANCED_FACE('',(#416),#2776,.F.);
#2920=ADVANCED_FACE('',(#417),#147,.T.);
#2921=ADVANCED_FACE('',(#418),#2777,.F.);
#2922=ADVANCED_FACE('',(#419),#148,.T.);
#2923=ADVANCED_FACE('',(#420),#149,.T.);
#2924=ADVANCED_FACE('',(#421),#2778,.F.);
#2925=ADVANCED_FACE('',(#422),#150,.T.);
#2926=ADVANCED_FACE('',(#423),#2779,.F.);
#2927=ADVANCED_FACE('',(#424),#151,.T.);
#2928=ADVANCED_FACE('',(#425),#2780,.F.);
#2929=ADVANCED_FACE('',(#426),#2781,.F.);
#2930=ADVANCED_FACE('',(#427),#79,.T.);
#2931=ADVANCED_FACE('',(#428),#2782,.T.);
#2932=ADVANCED_FACE('',(#429),#80,.T.);
#2933=ADVANCED_FACE('',(#430),#2783,.T.);
#2934=ADVANCED_FACE('',(#431),#93,.T.);
#2935=ADVANCED_FACE('',(#432),#152,.T.);
#2936=ADVANCED_FACE('',(#433),#2784,.T.);
#2937=ADVANCED_FACE('',(#434),#81,.T.);
#2938=ADVANCED_FACE('',(#435),#2785,.T.);
#2939=ADVANCED_FACE('',(#436),#153,.F.);
#2940=ADVANCED_FACE('',(#437),#82,.F.);
#2941=ADVANCED_FACE('',(#438),#83,.F.);
#2942=ADVANCED_FACE('',(#439),#84,.F.);
#2943=ADVANCED_FACE('',(#440),#85,.F.);
#2944=ADVANCED_FACE('',(#441),#94,.T.);
#2945=ADVANCED_FACE('',(#442),#154,.T.);
#2946=ADVANCED_FACE('',(#443),#95,.T.);
#2947=ADVANCED_FACE('',(#444),#96,.T.);
#2948=ADVANCED_FACE('',(#445),#155,.T.);
#2949=ADVANCED_FACE('',(#446),#97,.T.);
#2950=ADVANCED_FACE('',(#447),#156,.T.);
#2951=ADVANCED_FACE('',(#448),#86,.T.);
#2952=ADVANCED_FACE('',(#449),#2786,.T.);
#2953=ADVANCED_FACE('',(#450),#157,.F.);
#2954=ADVANCED_FACE('',(#451,#32),#87,.F.);
#2955=ADVANCED_FACE('',(#452),#158,.F.);
#2956=ADVANCED_FACE('',(#453),#159,.T.);
#2957=ADVANCED_FACE('',(#454,#33),#88,.F.);
#2958=ADVANCED_FACE('',(#455),#160,.F.);
#2959=ADVANCED_FACE('',(#456),#161,.F.);
#2960=ADVANCED_FACE('',(#457),#162,.T.);
#2961=CLOSED_SHELL('',(#2787,#2788,#2789,#2790,#2791,#2792,#2793,#2794,
#2795,#2796,#2797,#2798,#2799,#2800,#2801,#2802,#2803,#2804,#2805,#2806,
#2807,#2808,#2809,#2810,#2811,#2812,#2813,#2814,#2815,#2816,#2817,#2818,
#2819,#2820,#2821,#2822,#2823,#2824,#2825,#2826,#2827,#2828,#2829,#2830,
#2831,#2832,#2833,#2834,#2835,#2836,#2837,#2838,#2839,#2840,#2841,#2842,
#2843,#2844,#2845,#2846,#2847,#2848,#2849,#2850,#2851,#2852,#2853,#2854,
#2855,#2856,#2857,#2858,#2859,#2860,#2861,#2862,#2863,#2864,#2865,#2866,
#2867,#2868,#2869,#2870,#2871,#2872,#2873,#2874,#2875,#2876,#2877,#2878,
#2879,#2880,#2881,#2882,#2883,#2884,#2885,#2886,#2887,#2888,#2889,#2890,
#2891,#2892,#2893,#2894,#2895,#2896,#2897,#2898,#2899,#2900,#2901,#2902,
#2903,#2904,#2905,#2906,#2907,#2908,#2909,#2910,#2911,#2912,#2913,#2914,
#2915,#2916,#2917,#2918,#2919,#2920,#2921,#2922,#2923,#2924,#2925,#2926,
#2927,#2928,#2929,#2930,#2931,#2932,#2933,#2934,#2935,#2936,#2937,#2938,
#2939,#2940,#2941,#2942,#2943,#2944,#2945,#2946,#2947,#2948,#2949,#2950,
#2951,#2952,#2953,#2954,#2955,#2956,#2957,#2958,#2959,#2960));
#2962=DERIVED_UNIT_ELEMENT(#2964,1.);
#2963=DERIVED_UNIT_ELEMENT(#8623,-3.);
#2964=(
MASS_UNIT()
NAMED_UNIT(*)
SI_UNIT(.KILO.,.GRAM.)
);
#2965=DERIVED_UNIT((#2962,#2963));
#2966=MEASURE_REPRESENTATION_ITEM('density measure',
POSITIVE_RATIO_MEASURE(7850.),#2965);
#2967=PROPERTY_DEFINITION_REPRESENTATION(#2972,#2969);
#2968=PROPERTY_DEFINITION_REPRESENTATION(#2973,#2970);
#2969=REPRESENTATION('material name',(#2971),#8620);
#2970=REPRESENTATION('density',(#2966),#8620);
#2971=DESCRIPTIVE_REPRESENTATION_ITEM('Steel','Steel');
#2972=PROPERTY_DEFINITION('material property','material name',#8630);
#2973=PROPERTY_DEFINITION('material property','density of part',#8630);
#2974=AXIS2_PLACEMENT_3D('',#3942,#3229,#3230);
#2975=AXIS2_PLACEMENT_3D('',#4067,#3234,#3235);
#2976=AXIS2_PLACEMENT_3D('',#4076,#3236,#3237);
#2977=AXIS2_PLACEMENT_3D('',#4130,#3238,#3239);
#2978=AXIS2_PLACEMENT_3D('',#4132,#3240,#3241);
#2979=AXIS2_PLACEMENT_3D('',#4134,#3242,#3243);
#2980=AXIS2_PLACEMENT_3D('',#4135,#3244,#3245);
#2981=AXIS2_PLACEMENT_3D('',#4207,#3246,#3247);
#2982=AXIS2_PLACEMENT_3D('',#4316,#3250,#3251);
#2983=AXIS2_PLACEMENT_3D('',#4320,#3253,#3254);
#2984=AXIS2_PLACEMENT_3D('',#4322,#3256,#3257);
#2985=AXIS2_PLACEMENT_3D('',#4324,#3258,#3259);
#2986=AXIS2_PLACEMENT_3D('',#4334,#3261,#3262);
#2987=AXIS2_PLACEMENT_3D('',#4335,#3263,#3264);
#2988=AXIS2_PLACEMENT_3D('',#4337,#3265,#3266);
#2989=AXIS2_PLACEMENT_3D('',#4338,#3267,#3268);
#2990=AXIS2_PLACEMENT_3D('',#4339,#3269,#3270);
#2991=AXIS2_PLACEMENT_3D('',#4341,#3271,#3272);
#2992=AXIS2_PLACEMENT_3D('',#4377,#3275,#3276);
#2993=AXIS2_PLACEMENT_3D('',#4379,#3277,#3278);
#2994=AXIS2_PLACEMENT_3D('',#4381,#3279,#3280);
#2995=AXIS2_PLACEMENT_3D('',#4395,#3282,#3283);
#2996=AXIS2_PLACEMENT_3D('',#4399,#3285,#3286);
#2997=AXIS2_PLACEMENT_3D('',#4421,#3291,#3292);
#2998=AXIS2_PLACEMENT_3D('',#4425,#3294,#3295);
#2999=AXIS2_PLACEMENT_3D('',#4429,#3297,#3298);
#3000=AXIS2_PLACEMENT_3D('',#4432,#3300,#3301);
#3001=AXIS2_PLACEMENT_3D('',#4435,#3302,#3303);
#3002=AXIS2_PLACEMENT_3D('',#4437,#3304,#3305);
#3003=AXIS2_PLACEMENT_3D('',#4441,#3307,#3308);
#3004=AXIS2_PLACEMENT_3D('',#4445,#3310,#3311);
#3005=AXIS2_PLACEMENT_3D('',#4457,#3313,#3314);
#3006=AXIS2_PLACEMENT_3D('',#4472,#3316,#3317);
#3007=AXIS2_PLACEMENT_3D('',#4476,#3319,#3320);
#3008=AXIS2_PLACEMENT_3D('',#4493,#3323,#3324);
#3009=AXIS2_PLACEMENT_3D('',#4495,#3325,#3326);
#3010=AXIS2_PLACEMENT_3D('',#4497,#3327,#3328);
#3011=AXIS2_PLACEMENT_3D('',#4509,#3330,#3331);
#3012=AXIS2_PLACEMENT_3D('',#4513,#3333,#3334);
#3013=AXIS2_PLACEMENT_3D('',#4516,#3336,#3337);
#3014=AXIS2_PLACEMENT_3D('',#4517,#3338,#3339);
#3015=AXIS2_PLACEMENT_3D('',#4519,#3340,#3341);
#3016=AXIS2_PLACEMENT_3D('',#4520,#3342,#3343);
#3017=AXIS2_PLACEMENT_3D('',#4521,#3344,#3345);
#3018=AXIS2_PLACEMENT_3D('',#4527,#3348,#3349);
#3019=AXIS2_PLACEMENT_3D('',#4529,#3351,#3352);
#3020=AXIS2_PLACEMENT_3D('',#4535,#3356,#3357);
#3021=AXIS2_PLACEMENT_3D('',#4538,#3358,#3359);
#3022=AXIS2_PLACEMENT_3D('',#4541,#3362,#3363);
#3023=AXIS2_PLACEMENT_3D('',#4547,#3367,#3368);
#3024=AXIS2_PLACEMENT_3D('',#4549,#3369,#3370);
#3025=AXIS2_PLACEMENT_3D('',#4551,#3371,#3372);
#3026=AXIS2_PLACEMENT_3D('',#4553,#3374,#3375);
#3027=AXIS2_PLACEMENT_3D('',#4559,#3379,#3380);
#3028=AXIS2_PLACEMENT_3D('',#4562,#3381,#3382);
#3029=AXIS2_PLACEMENT_3D('',#4565,#3385,#3386);
#3030=AXIS2_PLACEMENT_3D('',#4566,#3387,#3388);
#3031=AXIS2_PLACEMENT_3D('',#4570,#3390,#3391);
#3032=AXIS2_PLACEMENT_3D('',#4578,#3396,#3397);
#3033=AXIS2_PLACEMENT_3D('',#4582,#3400,#3401);
#3034=AXIS2_PLACEMENT_3D('',#4584,#3402,#3403);
#3035=AXIS2_PLACEMENT_3D('',#4586,#3405,#3406);
#3036=AXIS2_PLACEMENT_3D('',#4587,#3407,#3408);
#3037=AXIS2_PLACEMENT_3D('',#4591,#3411,#3412);
#3038=AXIS2_PLACEMENT_3D('',#4595,#3415,#3416);
#3039=AXIS2_PLACEMENT_3D('',#4600,#3420,#3421);
#3040=AXIS2_PLACEMENT_3D('',#4602,#3423,#3424);
#3041=AXIS2_PLACEMENT_3D('',#4605,#3425,#3426);
#3042=AXIS2_PLACEMENT_3D('',#4608,#3429,#3430);
#3043=AXIS2_PLACEMENT_3D('',#4612,#3432,#3433);
#3044=AXIS2_PLACEMENT_3D('',#4620,#3437,#3438);
#3045=AXIS2_PLACEMENT_3D('',#4624,#3440,#3441);
#3046=AXIS2_PLACEMENT_3D('',#4639,#3443,#3444);
#3047=AXIS2_PLACEMENT_3D('',#4651,#3446,#3447);
#3048=AXIS2_PLACEMENT_3D('',#4654,#3449,#3450);
#3049=AXIS2_PLACEMENT_3D('',#4655,#3451,#3452);
#3050=AXIS2_PLACEMENT_3D('',#4657,#3454,#3455);
#3051=AXIS2_PLACEMENT_3D('',#4659,#3457,#3458);
#3052=AXIS2_PLACEMENT_3D('',#4662,#3461,#3462);
#3053=AXIS2_PLACEMENT_3D('',#4664,#3464,#3465);
#3054=AXIS2_PLACEMENT_3D('',#4667,#3468,#3469);
#3055=AXIS2_PLACEMENT_3D('',#4669,#3471,#3472);
#3056=AXIS2_PLACEMENT_3D('',#4672,#3475,#3476);
#3057=AXIS2_PLACEMENT_3D('',#4695,#3479,#3480);
#3058=AXIS2_PLACEMENT_3D('',#4721,#3482,#3483);
#3059=AXIS2_PLACEMENT_3D('',#4723,#3485,#3486);
#3060=AXIS2_PLACEMENT_3D('',#4724,#3487,#3488);
#3061=AXIS2_PLACEMENT_3D('',#4725,#3489,#3490);
#3062=AXIS2_PLACEMENT_3D('',#4728,#3491,#3492);
#3063=AXIS2_PLACEMENT_3D('',#4731,#3495,#3496);
#3064=AXIS2_PLACEMENT_3D('',#4735,#3498,#3499);
#3065=AXIS2_PLACEMENT_3D('',#4739,#3501,#3502);
#3066=AXIS2_PLACEMENT_3D('',#4751,#3504,#3505);
#3067=AXIS2_PLACEMENT_3D('',#4753,#3506,#3507);
#3068=AXIS2_PLACEMENT_3D('',#4755,#3508,#3509);
#3069=AXIS2_PLACEMENT_3D('',#4775,#3514,#3515);
#3070=AXIS2_PLACEMENT_3D('',#4777,#3516,#3517);
#3071=AXIS2_PLACEMENT_3D('',#4778,#3518,#3519);
#3072=AXIS2_PLACEMENT_3D('',#4780,#3521,#3522);
#3073=AXIS2_PLACEMENT_3D('',#4782,#3524,#3525);
#3074=AXIS2_PLACEMENT_3D('',#4785,#3528,#3529);
#3075=AXIS2_PLACEMENT_3D('',#4834,#3534,#3535);
#3076=AXIS2_PLACEMENT_3D('',#4836,#3537,#3538);
#3077=AXIS2_PLACEMENT_3D('',#4837,#3539,#3540);
#3078=AXIS2_PLACEMENT_3D('',#4840,#3543,#3544);
#3079=AXIS2_PLACEMENT_3D('',#4842,#3546,#3547);
#3080=AXIS2_PLACEMENT_3D('',#4843,#3548,#3549);
#3081=AXIS2_PLACEMENT_3D('',#4844,#3550,#3551);
#3082=AXIS2_PLACEMENT_3D('',#4846,#3553,#3554);
#3083=AXIS2_PLACEMENT_3D('',#4957,#3564,#3565);
#3084=AXIS2_PLACEMENT_3D('',#4961,#3567,#3568);
#3085=AXIS2_PLACEMENT_3D('',#4965,#3570,#3571);
#3086=AXIS2_PLACEMENT_3D('',#4967,#3572,#3573);
#3087=AXIS2_PLACEMENT_3D('',#4971,#3575,#3576);
#3088=AXIS2_PLACEMENT_3D('',#4974,#3578,#3579);
#3089=AXIS2_PLACEMENT_3D('',#4975,#3580,#3581);
#3090=AXIS2_PLACEMENT_3D('',#4984,#3586,#3587);
#3091=AXIS2_PLACEMENT_3D('',#4990,#3591,#3592);
#3092=AXIS2_PLACEMENT_3D('',#4993,#3593,#3594);
#3093=AXIS2_PLACEMENT_3D('',#4994,#3595,#3596);
#3094=AXIS2_PLACEMENT_3D('',#5073,#3598,#3599);
#3095=AXIS2_PLACEMENT_3D('',#5074,#3600,#3601);
#3096=AXIS2_PLACEMENT_3D('',#5076,#3602,#3603);
#3097=AXIS2_PLACEMENT_3D('',#5078,#3605,#3606);
#3098=AXIS2_PLACEMENT_3D('',#5084,#3610,#3611);
#3099=AXIS2_PLACEMENT_3D('',#5169,#3612,#3613);
#3100=AXIS2_PLACEMENT_3D('',#5247,#3614,#3615);
#3101=AXIS2_PLACEMENT_3D('',#5250,#3616,#3617);
#3102=AXIS2_PLACEMENT_3D('',#5253,#3620,#3621);
#3103=AXIS2_PLACEMENT_3D('',#5254,#3622,#3623);
#3104=AXIS2_PLACEMENT_3D('',#5255,#3624,#3625);
#3105=AXIS2_PLACEMENT_3D('',#5261,#3629,#3630);
#3106=AXIS2_PLACEMENT_3D('',#5278,#3631,#3632);
#3107=AXIS2_PLACEMENT_3D('',#5281,#3633,#3634);
#3108=AXIS2_PLACEMENT_3D('',#5285,#3636,#3637);
#3109=AXIS2_PLACEMENT_3D('',#5364,#3639,#3640);
#3110=AXIS2_PLACEMENT_3D('',#5396,#3641,#3642);
#3111=AXIS2_PLACEMENT_3D('',#5398,#3643,#3644);
#3112=AXIS2_PLACEMENT_3D('',#5399,#3645,#3646);
#3113=AXIS2_PLACEMENT_3D('',#5477,#3647,#3648);
#3114=AXIS2_PLACEMENT_3D('',#5484,#3649,#3650);
#3115=AXIS2_PLACEMENT_3D('',#5486,#3651,#3652);
#3116=AXIS2_PLACEMENT_3D('',#5488,#3654,#3655);
#3117=AXIS2_PLACEMENT_3D('',#5519,#3656,#3657);
#3118=AXIS2_PLACEMENT_3D('',#5590,#3659,#3660);
#3119=AXIS2_PLACEMENT_3D('',#5647,#3664,#3665);
#3120=AXIS2_PLACEMENT_3D('',#5686,#3671,#3672);
#3121=AXIS2_PLACEMENT_3D('',#5693,#3676,#3677);
#3122=AXIS2_PLACEMENT_3D('',#5694,#3678,#3679);
#3123=AXIS2_PLACEMENT_3D('',#5785,#3685,#3686);
#3124=AXIS2_PLACEMENT_3D('',#5787,#3687,#3688);
#3125=AXIS2_PLACEMENT_3D('',#5789,#3689,#3690);
#3126=AXIS2_PLACEMENT_3D('',#5895,#3694,#3695);
#3127=AXIS2_PLACEMENT_3D('',#5897,#3696,#3697);
#3128=AXIS2_PLACEMENT_3D('',#5899,#3698,#3699);
#3129=AXIS2_PLACEMENT_3D('',#5901,#3700,#3701);
#3130=AXIS2_PLACEMENT_3D('',#5903,#3702,#3703);
#3131=AXIS2_PLACEMENT_3D('',#5904,#3704,#3705);
#3132=AXIS2_PLACEMENT_3D('',#5979,#3706,#3707);
#3133=AXIS2_PLACEMENT_3D('',#5982,#3709,#3710);
#3134=AXIS2_PLACEMENT_3D('',#6058,#3712,#3713);
#3135=AXIS2_PLACEMENT_3D('',#6112,#3717,#3718);
#3136=AXIS2_PLACEMENT_3D('',#6116,#3721,#3722);
#3137=AXIS2_PLACEMENT_3D('',#6119,#3724,#3725);
#3138=AXIS2_PLACEMENT_3D('',#6120,#3726,#3727);
#3139=AXIS2_PLACEMENT_3D('',#6125,#3730,#3731);
#3140=AXIS2_PLACEMENT_3D('',#6126,#3732,#3733);
#3141=AXIS2_PLACEMENT_3D('',#6265,#3736,#3737);
#3142=AXIS2_PLACEMENT_3D('',#6319,#3741,#3742);
#3143=AXIS2_PLACEMENT_3D('',#6323,#3745,#3746);
#3144=AXIS2_PLACEMENT_3D('',#6340,#3747,#3748);
#3145=AXIS2_PLACEMENT_3D('',#6341,#3749,#3750);
#3146=AXIS2_PLACEMENT_3D('',#6342,#3751,#3752);
#3147=AXIS2_PLACEMENT_3D('',#6343,#3753,#3754);
#3148=AXIS2_PLACEMENT_3D('',#6344,#3755,#3756);
#3149=AXIS2_PLACEMENT_3D('',#6357,#3757,#3758);
#3150=AXIS2_PLACEMENT_3D('',#6358,#3759,#3760);
#3151=AXIS2_PLACEMENT_3D('',#6359,#3761,#3762);
#3152=AXIS2_PLACEMENT_3D('',#6360,#3763,#3764);
#3153=AXIS2_PLACEMENT_3D('',#6410,#3766,#3767);
#3154=AXIS2_PLACEMENT_3D('',#6412,#3768,#3769);
#3155=AXIS2_PLACEMENT_3D('',#6430,#3771,#3772);
#3156=AXIS2_PLACEMENT_3D('',#6431,#3773,#3774);
#3157=AXIS2_PLACEMENT_3D('',#6477,#3775,#3776);
#3158=AXIS2_PLACEMENT_3D('',#6481,#3778,#3779);
#3159=AXIS2_PLACEMENT_3D('',#6512,#3780,#3781);
#3160=AXIS2_PLACEMENT_3D('',#6513,#3782,#3783);
#3161=AXIS2_PLACEMENT_3D('',#6517,#3785,#3786);
#3162=AXIS2_PLACEMENT_3D('',#6548,#3787,#3788);
#3163=AXIS2_PLACEMENT_3D('',#6549,#3789,#3790);
#3164=AXIS2_PLACEMENT_3D('',#6582,#3792,#3793);
#3165=AXIS2_PLACEMENT_3D('',#6597,#3794,#3795);
#3166=AXIS2_PLACEMENT_3D('',#6616,#3797,#3798);
#3167=AXIS2_PLACEMENT_3D('',#6645,#3799,#3800);
#3168=AXIS2_PLACEMENT_3D('',#6647,#3802,#3803);
#3169=AXIS2_PLACEMENT_3D('',#6708,#3805,#3806);
#3170=AXIS2_PLACEMENT_3D('',#6746,#3807,#3808);
#3171=AXIS2_PLACEMENT_3D('',#6748,#3810,#3811);
#3172=AXIS2_PLACEMENT_3D('',#6749,#3812,#3813);
#3173=AXIS2_PLACEMENT_3D('',#6750,#3814,#3815);
#3174=AXIS2_PLACEMENT_3D('',#6752,#3817,#3818);
#3175=AXIS2_PLACEMENT_3D('',#6856,#3819,#3820);
#3176=AXIS2_PLACEMENT_3D('',#6941,#3822,#3823);
#3177=AXIS2_PLACEMENT_3D('',#7043,#3824,#3825);
#3178=AXIS2_PLACEMENT_3D('',#7160,#3826,#3827);
#3179=AXIS2_PLACEMENT_3D('',#7161,#3828,#3829);
#3180=AXIS2_PLACEMENT_3D('',#7269,#3831,#3832);
#3181=AXIS2_PLACEMENT_3D('',#7514,#3833,#3834);
#3182=AXIS2_PLACEMENT_3D('',#7850,#3835,#3836);
#3183=AXIS2_PLACEMENT_3D('',#7991,#3837,#3838);
#3184=AXIS2_PLACEMENT_3D('',#8047,#3839,#3840);
#3185=AXIS2_PLACEMENT_3D('',#8094,#3841,#3842);
#3186=AXIS2_PLACEMENT_3D('',#8208,#3844,#3845);
#3187=AXIS2_PLACEMENT_3D('',#8400,#3847,#3848);
#3188=AXIS2_PLACEMENT_3D('',#8430,#3852,#3853);
#3189=AXIS2_PLACEMENT_3D('',#8458,#3855,#3856);
#3190=AXIS2_PLACEMENT_3D('',#8459,#3857,#3858);
#3191=AXIS2_PLACEMENT_3D('',#8474,#3859,#3860);
#3192=AXIS2_PLACEMENT_3D('',#8475,#3861,#3862);
#3193=AXIS2_PLACEMENT_3D('',#8476,#3863,#3864);
#3194=AXIS2_PLACEMENT_3D('',#8508,#3866,#3867);
#3195=AXIS2_PLACEMENT_3D('',#8540,#3869,#3870);
#3196=AXIS2_PLACEMENT_3D('',#8541,#3871,#3872);
#3197=AXIS2_PLACEMENT_3D('',#8543,#3873,#3874);
#3198=AXIS2_PLACEMENT_3D('',#8544,#3875,#3876);
#3199=AXIS2_PLACEMENT_3D('',#8546,#3877,#3878);
#3200=AXIS2_PLACEMENT_3D('',#8547,#3879,#3880);
#3201=AXIS2_PLACEMENT_3D('',#8549,#3881,#3882);
#3202=AXIS2_PLACEMENT_3D('',#8550,#3883,#3884);
#3203=AXIS2_PLACEMENT_3D('',#8552,#3885,#3886);
#3204=AXIS2_PLACEMENT_3D('',#8553,#3887,#3888);
#3205=AXIS2_PLACEMENT_3D('',#8554,#3889,#3890);
#3206=AXIS2_PLACEMENT_3D('',#8555,#3891,#3892);
#3207=AXIS2_PLACEMENT_3D('',#8556,#3893,#3894);
#3208=AXIS2_PLACEMENT_3D('',#8557,#3895,#3896);
#3209=AXIS2_PLACEMENT_3D('',#8558,#3897,#3898);
#3210=AXIS2_PLACEMENT_3D('',#8559,#3899,#3900);
#3211=AXIS2_PLACEMENT_3D('',#8560,#3901,#3902);
#3212=AXIS2_PLACEMENT_3D('',#8561,#3903,#3904);
#3213=AXIS2_PLACEMENT_3D('',#8562,#3905,#3906);
#3214=AXIS2_PLACEMENT_3D('',#8563,#3907,#3908);
#3215=AXIS2_PLACEMENT_3D('',#8564,#3909,#3910);
#3216=AXIS2_PLACEMENT_3D('',#8565,#3911,#3912);
#3217=AXIS2_PLACEMENT_3D('',#8566,#3913,#3914);
#3218=AXIS2_PLACEMENT_3D('',#8599,#3915,#3916);
#3219=AXIS2_PLACEMENT_3D('',#8602,#3918,#3919);
#3220=AXIS2_PLACEMENT_3D('',#8603,#3920,#3921);
#3221=AXIS2_PLACEMENT_3D('',#8604,#3922,#3923);
#3222=AXIS2_PLACEMENT_3D('',#8607,#3925,#3926);
#3223=AXIS2_PLACEMENT_3D('',#8608,#3927,#3928);
#3224=AXIS2_PLACEMENT_3D('',#8610,#3929,#3930);
#3225=AXIS2_PLACEMENT_3D('',#8612,#3932,#3933);
#3226=AXIS2_PLACEMENT_3D('',#8613,#3934,#3935);
#3227=AXIS2_PLACEMENT_3D('',#8615,#3937,#3938);
#3228=AXIS2_PLACEMENT_3D('',#8617,#3940,#3941);
#3229=DIRECTION('axis',(0.,0.,1.));
#3230=DIRECTION('refdir',(1.,0.,0.));
#3231=DIRECTION('',(-9.95799250102957E-17,0.,1.));
#3232=DIRECTION('',(-9.95799250102957E-17,0.,1.));
#3233=DIRECTION('',(-1.22464679914735E-16,-1.08555140185571E-14,-1.));
#3234=DIRECTION('center_axis',(1.11153866551051E-16,2.79382451304142E-15,
1.));
#3235=DIRECTION('ref_axis',(0.805337502679451,-0.592816587806064,1.56670913744876E-15));
#3236=DIRECTION('center_axis',(-0.417933486804289,-0.908477628017118,-8.0177201491645E-15));
#3237=DIRECTION('ref_axis',(-1.22464679914734E-16,8.88178419700126E-15,
-1.));
#3238=DIRECTION('center_axis',(0.801817621747206,-0.597568825706006,5.24298397288633E-15));
#3239=DIRECTION('ref_axis',(-0.597568825706006,-0.801817621747206,7.31810749671059E-17));
#3240=DIRECTION('center_axis',(-1.22464679914735E-16,0.,-1.));
#3241=DIRECTION('ref_axis',(-0.765203121993829,-0.643788926660669,9.37103554047305E-17));
#3242=DIRECTION('center_axis',(0.643690318009516,-0.765286073635741,1.35153821812468E-14));
#3243=DIRECTION('ref_axis',(-0.765286073635741,-0.643690318009516,9.37205140510063E-17));
#3244=DIRECTION('center_axis',(1.22464679914735E-16,0.,1.));
#3245=DIRECTION('ref_axis',(-0.597672142158765,-0.801740612971149,7.31937275834273E-17));
#3246=DIRECTION('center_axis',(-0.993907870576847,0.110214086238549,-9.89732712191852E-17));
#3247=DIRECTION('ref_axis',(0.0779331277615569,0.702798995159569,-0.707106781186548));
#3248=DIRECTION('',(0.993907870576847,-0.110214086238549,9.89732712191852E-17));
#3249=DIRECTION('',(-0.993907870576847,0.110214086238549,-9.89732712191852E-17));
#3250=DIRECTION('center_axis',(9.95799250102957E-17,0.,-1.));
#3251=DIRECTION('ref_axis',(0.915959772424652,0.401270102673722,9.12112054504944E-17));
#3252=DIRECTION('',(-9.95799250102957E-17,0.,1.));
#3253=DIRECTION('center_axis',(-9.95799250102957E-17,0.,1.));
#3254=DIRECTION('ref_axis',(0.915959772424652,0.401270102673722,9.12112054504944E-17));
#3255=DIRECTION('',(9.91770085943907E-17,-3.63349015194405E-18,-1.));
#3256=DIRECTION('center_axis',(9.95799250102957E-17,0.,-1.));
#3257=DIRECTION('ref_axis',(-1.,0.,-9.95799250102957E-17));
#3258=DIRECTION('center_axis',(9.95799250102957E-17,0.,-1.));
#3259=DIRECTION('ref_axis',(-0.802657497935564,-0.596440224169883,-7.99285734533751E-17));
#3260=DIRECTION('',(9.95799250102957E-17,0.,-1.));
#3261=DIRECTION('center_axis',(9.95799250102957E-17,0.,-1.));
#3262=DIRECTION('ref_axis',(-1.,0.,-9.95799250102957E-17));
#3263=DIRECTION('center_axis',(9.95799250102957E-17,0.,-1.));
#3264=DIRECTION('ref_axis',(-1.,0.,-1.38777878078145E-16));
#3265=DIRECTION('center_axis',(-9.95799250102957E-17,0.,1.));
#3266=DIRECTION('ref_axis',(-0.802657497935564,-0.596440224169883,-7.9928573453375E-17));
#3267=DIRECTION('center_axis',(0.971222052837655,0.238175825981166,1.99648588948034E-15));
#3268=DIRECTION('ref_axis',(-1.2246467991474E-16,8.88178419700123E-15,-1.));
#3269=DIRECTION('center_axis',(9.95799250102957E-17,0.,-1.));
#3270=DIRECTION('ref_axis',(-1.,0.,-9.95799250102957E-17));
#3271=DIRECTION('center_axis',(-9.95799250102957E-17,0.,1.));
#3272=DIRECTION('ref_axis',(0.892233725707544,-0.451573890642533,8.8848567497614E-17));
#3273=DIRECTION('',(-0.419941917634248,-0.907550982487304,5.14280525258583E-17));
#3274=DIRECTION('',(0.,1.,0.));
#3275=DIRECTION('center_axis',(9.95799250102957E-17,0.,-1.));
#3276=DIRECTION('ref_axis',(-1.,0.,-9.95799250102957E-17));
#3277=DIRECTION('center_axis',(9.95799250102957E-17,0.,-1.));
#3278=DIRECTION('ref_axis',(-1.,0.,-9.95799250102957E-17));
#3279=DIRECTION('center_axis',(-9.95799250102957E-17,0.,1.));
#3280=DIRECTION('ref_axis',(0.904534133036466,0.426401222057311,9.00734411370241E-17));
#3281=DIRECTION('',(-0.993907870576847,-0.110214086238549,1.06963067724137E-17));
#3282=DIRECTION('center_axis',(-9.95799250102957E-17,0.,1.));
#3283=DIRECTION('ref_axis',(-0.802657497935563,0.596440224169884,-7.99285734533749E-17));
#3284=DIRECTION('',(-0.344614600311318,-0.938744255509599,-1.33080345101878E-17));
#3285=DIRECTION('center_axis',(-9.95799250102957E-17,0.,1.));
#3286=DIRECTION('ref_axis',(-1.,0.,-9.95799250102957E-17));
#3287=DIRECTION('',(-0.344614600311318,-0.938744255509599,-1.33080345101878E-17));
#3288=DIRECTION('',(0.,-1.,0.));
#3289=DIRECTION('',(0.344614600311319,-0.938744255509598,1.33080345101877E-17));
#3290=DIRECTION('',(1.,0.,9.95799250102957E-17));
#3291=DIRECTION('center_axis',(-9.95799250102957E-17,0.,1.));
#3292=DIRECTION('ref_axis',(-0.707106781186548,-0.707106781186548,-7.0413640244828E-17));
#3293=DIRECTION('',(0.,-1.,0.));
#3294=DIRECTION('center_axis',(-9.95799250102957E-17,0.,1.));
#3295=DIRECTION('ref_axis',(-0.707106781186548,0.707106781186548,-7.0413640244828E-17));
#3296=DIRECTION('',(-1.,0.,-9.95799250102957E-17));
#3297=DIRECTION('center_axis',(-9.95799250102957E-17,0.,1.));
#3298=DIRECTION('ref_axis',(0.707106781186548,0.707106781186548,7.0413640244828E-17));
#3299=DIRECTION('',(1.50538715203411E-16,-1.,6.21622771599537E-33));
#3300=DIRECTION('center_axis',(-9.95799250102957E-17,0.,1.));
#3301=DIRECTION('ref_axis',(0.707106781186548,-0.707106781186548,7.0413640244828E-17));
#3302=DIRECTION('center_axis',(9.95799250102957E-17,0.,-1.));
#3303=DIRECTION('ref_axis',(0.657048875474286,0.753847978864423,6.54288777478285E-17));
#3304=DIRECTION('center_axis',(-9.95799250102957E-17,0.,1.));
#3305=DIRECTION('ref_axis',(0.905996743398291,0.423284657118223,9.02190877671739E-17));
#3306=DIRECTION('',(0.,-1.,0.));
#3307=DIRECTION('center_axis',(9.95799250102957E-17,0.,-1.));
#3308=DIRECTION('ref_axis',(-0.707106781186542,0.707106781186553,-7.04136402448275E-17));
#3309=DIRECTION('',(1.,-1.89431338538211E-23,9.95799250102957E-17));
#3310=DIRECTION('center_axis',(9.95799250102957E-17,0.,-1.));
#3311=DIRECTION('ref_axis',(-0.707106781186546,0.707106781186549,-7.04136402448278E-17));
#3312=DIRECTION('',(-7.93016446160825E-16,-1.,-7.89685182406266E-32));
#3313=DIRECTION('center_axis',(9.95799250102957E-17,0.,-1.));
#3314=DIRECTION('ref_axis',(-1.,0.,-9.95799250102957E-17));
#3315=DIRECTION('',(-1.,1.89431338538211E-23,-9.95799250102957E-17));
#3316=DIRECTION('center_axis',(9.95799250102957E-17,0.,-1.));
#3317=DIRECTION('ref_axis',(0.707106781186538,-0.707106781186557,7.0413640244827E-17));
#3318=DIRECTION('',(0.,1.,0.));
#3319=DIRECTION('center_axis',(9.95799250102957E-17,0.,-1.));
#3320=DIRECTION('ref_axis',(-0.707106781186551,0.707106781186544,-7.04136402448283E-17));
#3321=DIRECTION('',(-1.,-2.13422102432083E-23,-9.95799250102957E-17));
#3322=DIRECTION('',(0.,-1.,0.));
#3323=DIRECTION('center_axis',(9.95799250102957E-17,0.,-1.));
#3324=DIRECTION('ref_axis',(-1.,0.,-9.95799250102957E-17));
#3325=DIRECTION('center_axis',(-9.95799250102957E-17,0.,1.));
#3326=DIRECTION('ref_axis',(-1.47771701767772E-14,1.,-1.47150949806785E-30));
#3327=DIRECTION('center_axis',(9.95799250102957E-17,0.,-1.));
#3328=DIRECTION('ref_axis',(-1.,0.,-9.95799250102957E-17));
#3329=DIRECTION('',(7.93016446160825E-16,1.,7.89685182406266E-32));
#3330=DIRECTION('center_axis',(9.95799250102957E-17,0.,-1.));
#3331=DIRECTION('ref_axis',(-0.707106781186539,0.707106781186556,-7.04136402448272E-17));
#3332=DIRECTION('',(1.,-1.89431342482516E-23,9.95799250102957E-17));
#3333=DIRECTION('center_axis',(9.95799250102957E-17,0.,-1.));
#3334=DIRECTION('ref_axis',(-0.707106781186554,0.707106781186541,-7.04136402448287E-17));
#3335=DIRECTION('',(0.,1.,0.));
#3336=DIRECTION('center_axis',(-9.95799250102957E-17,0.,1.));
#3337=DIRECTION('ref_axis',(-0.905996743398291,0.423284657118223,-9.02190877671739E-17));
#3338=DIRECTION('center_axis',(9.95799250102957E-17,0.,-1.));
#3339=DIRECTION('ref_axis',(0.886415641070969,-0.462890171924985,1.38777878078145E-16));
#3340=DIRECTION('center_axis',(9.95799250102957E-17,0.,-1.));
#3341=DIRECTION('ref_axis',(0.892233725707544,-0.451573890642533,8.8848567497614E-17));
#3342=DIRECTION('center_axis',(-0.94859163079862,0.316502635026654,2.92727707252454E-15));
#3343=DIRECTION('ref_axis',(0.316502635026654,0.94859163079862,-3.87603938907095E-17));
#3344=DIRECTION('center_axis',(1.22464679914735E-16,0.,1.));
#3345=DIRECTION('ref_axis',(-0.999560959977884,0.029629162797689,1.22410913018957E-16));
#3346=DIRECTION('',(-9.95799250102957E-17,0.,1.));
#3347=DIRECTION('',(-9.95799250102957E-17,0.,1.));
#3348=DIRECTION('center_axis',(-9.95799250102957E-17,0.,1.));
#3349=DIRECTION('ref_axis',(-0.999560959977884,0.029629162797689,1.22410913018957E-16));
#3350=DIRECTION('',(-9.95799250102957E-17,0.,1.));
#3351=DIRECTION('center_axis',(-0.110214086238549,-0.993907870576847,-7.31934891842276E-18));
#3352=DIRECTION('ref_axis',(0.993907870576847,-0.110214086238549,-1.06963067724138E-17));
#3353=DIRECTION('',(-0.993907870576847,0.110214086238549,-9.89732712191852E-17));
#3354=DIRECTION('',(-9.95799250102957E-17,0.,1.));
#3355=DIRECTION('',(-9.95799250102957E-17,0.,1.));
#3356=DIRECTION('center_axis',(-1.22464679914735E-16,0.,-1.));
#3357=DIRECTION('ref_axis',(0.905996743398291,0.423284657118223,-1.10952601184064E-16));
#3358=DIRECTION('center_axis',(-2.72147303467181E-8,9.61167700985754E-8,
0.999999999999995));
#3359=DIRECTION('ref_axis',(0.423284657118221,-0.905996743398286,9.8601058498647E-8));
#3360=DIRECTION('',(1.22464679914735E-16,0.,1.));
#3361=DIRECTION('',(-1.22464679914735E-16,0.,-1.));
#3362=DIRECTION('center_axis',(1.,0.,-1.22464679914735E-16));
#3363=DIRECTION('ref_axis',(0.,-1.,0.));
#3364=DIRECTION('',(1.17709094845602E-23,-0.999999999999995,9.61167700985754E-8));
#3365=DIRECTION('',(-1.22464679914735E-16,-9.61167700985754E-8,-0.999999999999995));
#3366=DIRECTION('',(0.,1.,0.));
#3367=DIRECTION('center_axis',(-1.22464679914735E-16,-9.61167700985754E-8,
-0.999999999999995));
#3368=DIRECTION('ref_axis',(-0.707106781186552,-0.70710678118654,6.79648200090463E-8));
#3369=DIRECTION('center_axis',(9.95799250102957E-17,0.,-1.));
#3370=DIRECTION('ref_axis',(0.707106781186541,-0.707106781186554,7.04136402448273E-17));
#3371=DIRECTION('center_axis',(2.72147303467181E-8,-9.61167700985754E-8,
-0.999999999999995));
#3372=DIRECTION('ref_axis',(-0.707106781186543,0.707106781186547,-8.7208540298779E-8));
#3373=DIRECTION('',(1.22464679914735E-16,9.61167700985754E-8,0.999999999999995));
#3374=DIRECTION('center_axis',(-1.17709094845602E-23,0.999999999999995,
-9.61167700985754E-8));
#3375=DIRECTION('ref_axis',(1.,0.,-1.22464679914735E-16));
#3376=DIRECTION('',(1.,-7.88860905221012E-31,-1.2246468653218E-16));
#3377=DIRECTION('',(2.72147303467181E-8,-9.61167700985754E-8,-0.999999999999995));
#3378=DIRECTION('',(-1.,1.89431338538211E-23,-9.95799250102957E-17));
#3379=DIRECTION('center_axis',(-1.22464679914735E-16,0.,-1.));
#3380=DIRECTION('ref_axis',(-0.905996743398291,0.423284657118223,1.10952601184064E-16));
#3381=DIRECTION('center_axis',(-2.72147303467181E-8,9.61167700985754E-8,
0.999999999999995));
#3382=DIRECTION('ref_axis',(0.423284657118222,0.905996743398288,-7.55619028918962E-8));
#3383=DIRECTION('',(1.22464679914735E-16,0.,1.));
#3384=DIRECTION('',(-1.22464679914735E-16,0.,-1.));
#3385=DIRECTION('center_axis',(2.72147303467181E-8,-9.61167700985754E-8,
-0.999999999999995));
#3386=DIRECTION('ref_axis',(-1.,-3.54987407349455E-30,-2.72147303467183E-8));
#3387=DIRECTION('center_axis',(2.72147303467181E-8,-9.61167700985754E-8,
-0.999999999999995));
#3388=DIRECTION('ref_axis',(0.75384797886442,-0.657048875474284,8.36691851747034E-8));
#3389=DIRECTION('',(1.17709094845602E-23,-0.999999999999995,9.61167700985754E-8));
#3390=DIRECTION('center_axis',(2.72147303467181E-8,-9.61167700985754E-8,
-0.999999999999995));
#3391=DIRECTION('ref_axis',(0.707106781186552,0.707106781186541,-4.87210995461229E-8));
#3392=DIRECTION('',(1.,-7.88860905221012E-31,-1.2246468653218E-16));
#3393=DIRECTION('',(-7.88860903600205E-31,1.,1.32348898008484E-23));
#3394=DIRECTION('',(-1.,7.88860905221012E-31,1.2246468653218E-16));
#3395=DIRECTION('',(7.88860903600205E-31,-1.,-1.32348898008484E-23));
#3396=DIRECTION('center_axis',(-1.,0.,1.22464679914735E-16));
#3397=DIRECTION('ref_axis',(0.,1.,0.));
#3398=DIRECTION('',(0.,-1.,0.));
#3399=DIRECTION('',(1.22464679914735E-16,9.61167700985754E-8,0.999999999999995));
#3400=DIRECTION('center_axis',(1.22464679914735E-16,9.61167700985754E-8,
0.999999999999995));
#3401=DIRECTION('ref_axis',(0.707106781186543,-0.707106781186549,6.79648198358559E-8));
#3402=DIRECTION('center_axis',(9.95799250102957E-17,0.,-1.));
#3403=DIRECTION('ref_axis',(0.707106781186554,-0.707106781186541,7.04136402448287E-17));
#3404=DIRECTION('',(-1.22464679914735E-16,-9.61167700985754E-8,-0.999999999999995));
#3405=DIRECTION('center_axis',(-1.22464679914735E-16,0.,-1.));
#3406=DIRECTION('ref_axis',(0.657048875474286,0.753847978864423,-8.04652802232952E-17));
#3407=DIRECTION('center_axis',(-1.17709094845602E-23,0.999999999999995,
-9.61167700985754E-8));
#3408=DIRECTION('ref_axis',(1.,0.,-1.22464679914735E-16));
#3409=DIRECTION('',(-1.,1.89431342482516E-23,-9.95799250102957E-17));
#3410=DIRECTION('',(2.72147303467181E-8,-9.61167700985754E-8,-0.999999999999995));
#3411=DIRECTION('center_axis',(-1.,0.,-2.72147303467182E-8));
#3412=DIRECTION('ref_axis',(0.,1.,0.));
#3413=DIRECTION('',(0.,-1.,0.));
#3414=DIRECTION('',(2.72147303467181E-8,-9.61167700985754E-8,-0.999999999999995));
#3415=DIRECTION('center_axis',(1.17709094845602E-23,-0.999999999999995,
9.61167700985754E-8));
#3416=DIRECTION('ref_axis',(-1.,0.,1.22464679914735E-16));
#3417=DIRECTION('',(1.,-1.89431342482516E-23,9.95799250102957E-17));
#3418=DIRECTION('',(1.,-1.89431338538211E-23,9.95799250102957E-17));
#3419=DIRECTION('',(2.72147303467181E-8,-9.61167700985754E-8,-0.999999999999995));
#3420=DIRECTION('center_axis',(1.,0.,2.72147303467182E-8));
#3421=DIRECTION('ref_axis',(0.,-1.,0.));
#3422=DIRECTION('',(0.,1.,0.));
#3423=DIRECTION('center_axis',(2.0022225860311E-8,-8.53122905652978E-8,
0.999999999999996));
#3424=DIRECTION('ref_axis',(-0.707106781186543,0.707106781186549,7.4482750857554E-8));
#3425=DIRECTION('center_axis',(9.95799250102957E-17,0.,-1.));
#3426=DIRECTION('ref_axis',(-0.707106781186542,0.707106781186553,-7.04136402448275E-17));
#3427=DIRECTION('',(-2.0022225860311E-8,8.53122905652977E-8,-0.999999999999996));
#3428=DIRECTION('',(2.0022225860311E-8,-8.53122905652977E-8,0.999999999999996));
#3429=DIRECTION('center_axis',(9.95799250102957E-17,0.,-1.));
#3430=DIRECTION('ref_axis',(-1.,0.,-9.95799250102957E-17));
#3431=DIRECTION('',(5.91645680536566E-31,-1.,1.32348898008484E-23));
#3432=DIRECTION('center_axis',(9.95799250102957E-17,0.,-1.));
#3433=DIRECTION('ref_axis',(0.707106781186541,-0.707106781186554,7.04136402448273E-17));
#3434=DIRECTION('',(1.,-1.89431338538211E-23,9.95799250102957E-17));
#3435=DIRECTION('',(0.,-1.,0.));
#3436=DIRECTION('',(-1.,1.89431338538211E-23,-9.95799250102957E-17));
#3437=DIRECTION('center_axis',(9.95799250102957E-17,0.,-1.));
#3438=DIRECTION('ref_axis',(-0.707106781186551,0.707106781186544,-7.04136402448283E-17));
#3439=DIRECTION('',(5.91645680536566E-31,-1.,1.32348898008484E-23));
#3440=DIRECTION('center_axis',(9.95799250102957E-17,0.,-1.));
#3441=DIRECTION('ref_axis',(0.707106781186538,-0.707106781186557,7.0413640244827E-17));
#3442=DIRECTION('',(1.,-1.89431338538211E-23,9.95799250102957E-17));
#3443=DIRECTION('center_axis',(-9.95799250102957E-17,0.,1.));
#3444=DIRECTION('ref_axis',(-1.,0.,-9.95799250102957E-17));
#3445=DIRECTION('',(7.93016446160825E-16,1.,7.89685182406266E-32));
#3446=DIRECTION('center_axis',(9.95799250102957E-17,0.,-1.));
#3447=DIRECTION('ref_axis',(-0.707106781186546,0.707106781186549,-7.04136402448278E-17));
#3448=DIRECTION('',(-1.,1.89431338538211E-23,-9.95799250102957E-17));
#3449=DIRECTION('center_axis',(9.95799250102957E-17,0.,-1.));
#3450=DIRECTION('ref_axis',(-1.,0.,-9.95799250102957E-17));
#3451=DIRECTION('center_axis',(-1.,0.,2.00222258603111E-8));
#3452=DIRECTION('ref_axis',(0.,-1.,0.));
#3453=DIRECTION('',(-2.0022225860311E-8,8.53122905652977E-8,-0.999999999999996));
#3454=DIRECTION('center_axis',(2.0022225860311E-8,-8.53122905652978E-8,
0.999999999999996));
#3455=DIRECTION('ref_axis',(-0.707106781186553,-0.70710678118654,-4.61670474970041E-8));
#3456=DIRECTION('',(2.0022225860311E-8,-8.53122905652977E-8,0.999999999999996));
#3457=DIRECTION('center_axis',(2.0022225860311E-8,-8.53122905652978E-8,
0.999999999999996));
#3458=DIRECTION('ref_axis',(-0.707106781186552,0.707106781186539,7.44827508575534E-8));
#3459=DIRECTION('',(-2.0022225860311E-8,8.53122905652977E-8,-0.999999999999996));
#3460=DIRECTION('',(2.0022225860311E-8,-8.53122905652977E-8,0.999999999999996));
#3461=DIRECTION('center_axis',(1.04477423568721E-23,0.999999999999996,8.53122905652978E-8));
#3462=DIRECTION('ref_axis',(-1.,0.,1.22464679914735E-16));
#3463=DIRECTION('',(2.0022225860311E-8,-8.53122905652977E-8,0.999999999999996));
#3464=DIRECTION('center_axis',(2.0022225860311E-8,-8.53122905652978E-8,
0.999999999999996));
#3465=DIRECTION('ref_axis',(-0.707106781186556,-0.707106781186537,-4.61670474970038E-8));
#3466=DIRECTION('',(-2.0022225860311E-8,8.53122905652977E-8,-0.999999999999996));
#3467=DIRECTION('',(2.0022225860311E-8,-8.53122905652977E-8,0.999999999999996));
#3468=DIRECTION('center_axis',(-1.04477423568721E-23,-0.999999999999996,
-8.53122905652978E-8));
#3469=DIRECTION('ref_axis',(1.,0.,-1.22464679914735E-16));
#3470=DIRECTION('',(3.72333253442528E-8,8.53123008929536E-8,-0.999999999999996));
#3471=DIRECTION('center_axis',(2.0022225860311E-8,-8.53122905652978E-8,
0.999999999999996));
#3472=DIRECTION('ref_axis',(0.707106781186548,0.707106781186545,4.61670474970046E-8));
#3473=DIRECTION('',(-2.0022225860311E-8,8.53122905652977E-8,-0.999999999999996));
#3474=DIRECTION('',(2.0022225860311E-8,-8.53122905652977E-8,0.999999999999996));
#3475=DIRECTION('center_axis',(1.04477423568721E-23,0.999999999999996,8.53122905652978E-8));
#3476=DIRECTION('ref_axis',(-1.,0.,1.22464679914735E-16));
#3477=DIRECTION('',(2.00222330896703E-8,-2.27360456043497E-9,1.));
#3478=DIRECTION('',(-1.60177908338447E-8,1.81888406145422E-9,-1.));
#3479=DIRECTION('center_axis',(1.,-7.93016446160825E-16,-2.00222258603112E-8));
#3480=DIRECTION('ref_axis',(7.93016446160825E-16,1.,-9.71165052462064E-32));
#3481=DIRECTION('',(-2.97866500265299E-8,-6.82498378226194E-8,0.999999999999997));
#3482=DIRECTION('center_axis',(-1.,0.,2.00222258603111E-8));
#3483=DIRECTION('ref_axis',(0.,-1.,0.));
#3484=DIRECTION('',(2.0022225860311E-8,-8.53122905652977E-8,0.999999999999996));
#3485=DIRECTION('center_axis',(-1.04477423568721E-23,-0.999999999999996,
-8.53122905652978E-8));
#3486=DIRECTION('ref_axis',(1.,0.,-1.22464679914735E-16));
#3487=DIRECTION('center_axis',(-1.,0.,2.00222258603111E-8));
#3488=DIRECTION('ref_axis',(0.,-1.,0.));
#3489=DIRECTION('center_axis',(2.00222257776899E-8,-8.5312292341655E-8,
0.999999999999996));
#3490=DIRECTION('ref_axis',(0.707106781186555,-0.707106781186536,-7.44827520552055E-8));
#3491=DIRECTION('center_axis',(9.95799250102957E-17,0.,-1.));
#3492=DIRECTION('ref_axis',(0.707106781186554,-0.707106781186541,7.04136402448287E-17));
#3493=DIRECTION('',(-2.00222257776899E-8,8.53122923416549E-8,-0.999999999999996));
#3494=DIRECTION('',(2.00222257776898E-8,-8.53122923416549E-8,0.999999999999996));
#3495=DIRECTION('center_axis',(9.95799250102957E-17,0.,-1.));
#3496=DIRECTION('ref_axis',(-1.,0.,-9.95799250102957E-17));
#3497=DIRECTION('',(0.,-1.,0.));
#3498=DIRECTION('center_axis',(9.95799250102957E-17,0.,-1.));
#3499=DIRECTION('ref_axis',(-0.707106781186554,0.707106781186541,-7.04136402448287E-17));
#3500=DIRECTION('',(1.,-1.89431342482516E-23,9.95799250102957E-17));
#3501=DIRECTION('center_axis',(9.95799250102957E-17,0.,-1.));
#3502=DIRECTION('ref_axis',(-0.707106781186539,0.707106781186556,-7.04136402448272E-17));
#3503=DIRECTION('',(7.93016446160825E-16,1.,7.89685182406266E-32));
#3504=DIRECTION('center_axis',(-9.95799250102957E-17,0.,1.));
#3505=DIRECTION('ref_axis',(-1.,0.,-9.95799250102957E-17));
#3506=DIRECTION('center_axis',(-9.95799250102957E-17,0.,1.));
#3507=DIRECTION('ref_axis',(-1.47771701767772E-14,1.,-1.47150949806785E-30));
#3508=DIRECTION('center_axis',(-9.95799250102957E-17,0.,1.));
#3509=DIRECTION('ref_axis',(-1.,0.,-9.95799250102957E-17));
#3510=DIRECTION('',(0.,-1.,0.));
#3511=DIRECTION('',(1.,-1.89431342482516E-23,9.95799250102957E-17));
#3512=DIRECTION('',(0.,-1.,0.));
#3513=DIRECTION('',(-1.,1.89431342482516E-23,-9.95799250102957E-17));
#3514=DIRECTION('center_axis',(-9.95799250102957E-17,0.,1.));
#3515=DIRECTION('ref_axis',(-1.,0.,-9.95799250102957E-17));
#3516=DIRECTION('center_axis',(9.95799250102957E-17,0.,-1.));
#3517=DIRECTION('ref_axis',(-1.,0.,-9.95799250102957E-17));
#3518=DIRECTION('center_axis',(1.,0.,-2.00222257776899E-8));
#3519=DIRECTION('ref_axis',(0.,1.,0.));
#3520=DIRECTION('',(-2.00222257776898E-8,8.53122923416549E-8,-0.999999999999996));
#3521=DIRECTION('center_axis',(2.00222257776899E-8,-8.5312292341655E-8,
0.999999999999996));
#3522=DIRECTION('ref_axis',(0.70710678118654,0.707106781186553,4.61670488115016E-8));
#3523=DIRECTION('',(2.00222257776899E-8,-8.53122923416549E-8,0.999999999999996));
#3524=DIRECTION('center_axis',(2.00222257776899E-8,-8.5312292341655E-8,
0.999999999999996));
#3525=DIRECTION('ref_axis',(-0.707106781186539,0.707106781186552,7.44827520552065E-8));
#3526=DIRECTION('',(-2.00222257776899E-8,8.53122923416549E-8,-0.999999999999996));
#3527=DIRECTION('',(2.00222257776898E-8,-8.53122923416549E-8,0.999999999999996));
#3528=DIRECTION('center_axis',(-1.,7.93016446160825E-16,2.002222577769E-8));
#3529=DIRECTION('ref_axis',(-7.93016446160825E-16,-1.,9.71165052462064E-32));
#3530=DIRECTION('',(-2.00222093360614E-8,-8.92588535383617E-9,-1.));
#3531=DIRECTION('',(1.60177908338447E-8,7.14072108936243E-9,1.));
#3532=DIRECTION('',(2.00222098524442E-8,3.2126735380527E-9,1.));
#3533=DIRECTION('',(-1.60177903174619E-8,-2.57016113817922E-9,-1.));
#3534=DIRECTION('center_axis',(-9.95799250102957E-17,0.,1.));
#3535=DIRECTION('ref_axis',(0.976012892831191,-0.217712730512688,9.71912906772117E-17));
#3536=DIRECTION('',(-9.95799250102957E-17,0.,1.));
#3537=DIRECTION('center_axis',(1.04477425744131E-23,0.999999999999996,8.5312292341655E-8));
#3538=DIRECTION('ref_axis',(-1.,0.,1.22464679914735E-16));
#3539=DIRECTION('center_axis',(1.04477425744131E-23,0.999999999999996,8.5312292341655E-8));
#3540=DIRECTION('ref_axis',(-1.,0.,1.22464679914735E-16));
#3541=DIRECTION('',(2.00222257776898E-8,-8.53122923416549E-8,0.999999999999996));
#3542=DIRECTION('',(2.00222257776898E-8,-8.53122923416549E-8,0.999999999999996));
#3543=DIRECTION('center_axis',(-1.04477425744131E-23,-0.999999999999996,
-8.5312292341655E-8));
#3544=DIRECTION('ref_axis',(1.,0.,-1.22464679914735E-16));
#3545=DIRECTION('',(2.00222257776898E-8,-8.53122923416549E-8,0.999999999999996));
#3546=DIRECTION('center_axis',(1.,0.,-2.00222257776899E-8));
#3547=DIRECTION('ref_axis',(0.,1.,0.));
#3548=DIRECTION('center_axis',(1.,0.,-2.00222257776899E-8));
#3549=DIRECTION('ref_axis',(0.,1.,0.));
#3550=DIRECTION('center_axis',(-9.95799250102957E-17,0.,1.));
#3551=DIRECTION('ref_axis',(-1.,0.,-9.95799250102957E-17));
#3552=DIRECTION('',(9.95799250102957E-17,0.,-1.));
#3553=DIRECTION('center_axis',(9.95799250102957E-17,0.,-1.));
#3554=DIRECTION('ref_axis',(-1.,0.,-9.95799250102957E-17));
#3555=DIRECTION('',(-0.993907870576845,0.110214086238563,1.06963067724135E-17));
#3556=DIRECTION('',(-0.344614600311322,0.938744255509597,-1.33080345101873E-17));
#3557=DIRECTION('',(-4.66750696107248E-16,1.,-1.67952352657159E-32));
#3558=DIRECTION('',(0.344614600311314,0.9387442555096,1.33080345101883E-17));
#3559=DIRECTION('',(0.993907870576847,0.110214086238548,-1.06963067724137E-17));
#3560=DIRECTION('',(0.419941917634252,-0.907550982487302,4.08309870539899E-18));
#3561=DIRECTION('',(0.,-1.,0.));
#3562=DIRECTION('',(-0.419941917634248,-0.907550982487304,-4.08309870539948E-18));
#3563=DIRECTION('',(-1.,0.,-9.95799250102957E-17));
#3564=DIRECTION('center_axis',(9.95799250102957E-17,0.,-1.));
#3565=DIRECTION('ref_axis',(0.707106781186548,-0.707106781186548,7.0413640244828E-17));
#3566=DIRECTION('',(1.50538715203411E-16,-1.,6.21622771599537E-33));
#3567=DIRECTION('center_axis',(9.95799250102957E-17,0.,-1.));
#3568=DIRECTION('ref_axis',(0.707106781186548,0.707106781186548,7.0413640244828E-17));
#3569=DIRECTION('',(1.,0.,9.95799250102957E-17));
#3570=DIRECTION('center_axis',(9.95799250102957E-17,0.,-1.));
#3571=DIRECTION('ref_axis',(0.953369196064127,0.301806520797747,9.49364330511916E-17));
#3572=DIRECTION('center_axis',(9.95799250102957E-17,0.,-1.));
#3573=DIRECTION('ref_axis',(0.953369196064127,0.301806520797747,9.49364330511916E-17));
#3574=DIRECTION('',(1.,0.,9.95799250102957E-17));
#3575=DIRECTION('center_axis',(9.95799250102957E-17,0.,-1.));
#3576=DIRECTION('ref_axis',(-0.707106781186548,0.707106781186548,-7.0413640244828E-17));
#3577=DIRECTION('',(0.,1.,0.));
#3578=DIRECTION('center_axis',(9.95799250102957E-17,0.,-1.));
#3579=DIRECTION('ref_axis',(-0.707106781186548,-0.707106781186548,-7.0413640244828E-17));
#3580=DIRECTION('center_axis',(0.110214086238548,-0.993907870576847,7.31934891842288E-18));
#3581=DIRECTION('ref_axis',(-0.993907870576847,-0.110214086238548,1.06963067724138E-17));
#3582=DIRECTION('',(9.95799250102957E-17,0.,-1.));
#3583=DIRECTION('',(-0.993907870576847,-0.110214086238548,-9.89732712191852E-17));
#3584=DIRECTION('',(9.95799250102957E-17,0.,-1.));
#3585=DIRECTION('',(-0.993907870576847,-0.110214086238548,1.06963067724137E-17));
#3586=DIRECTION('center_axis',(-0.110214086238549,0.993907870576847,-7.31934891842276E-18));
#3587=DIRECTION('ref_axis',(-0.993907870576847,-0.110214086238549,1.06963067724138E-17));
#3588=DIRECTION('',(-9.91770085943907E-17,-3.63349015194405E-18,1.));
#3589=DIRECTION('',(0.993907870576847,0.110214086238549,-1.06963067724137E-17));
#3590=DIRECTION('',(0.993907870576847,0.110214086238549,9.89732712191852E-17));
#3591=DIRECTION('center_axis',(-9.95799250102957E-17,0.,1.));
#3592=DIRECTION('ref_axis',(-1.,0.,-9.95799250102957E-17));
#3593=DIRECTION('center_axis',(-9.95799250102957E-17,0.,1.));
#3594=DIRECTION('ref_axis',(0.953369196064127,0.301806520797747,9.49364330511917E-17));
#3595=DIRECTION('center_axis',(-9.95799250102957E-17,0.,1.));
#3596=DIRECTION('ref_axis',(0.953369196064127,0.301806520797747,9.49364330511917E-17));
#3597=DIRECTION('',(-9.95799250102957E-17,0.,1.));
#3598=DIRECTION('center_axis',(8.23283861335013E-15,3.68010309432137E-15,
1.));
#3599=DIRECTION('ref_axis',(0.938744255509599,0.344614600311317,-8.99674721177404E-15));
#3600=DIRECTION('center_axis',(9.95799250102957E-17,0.,-1.));
#3601=DIRECTION('ref_axis',(0.386191296682356,0.922418713148644,3.84569003632579E-17));
#3602=DIRECTION('center_axis',(-9.95799250102957E-17,0.,1.));
#3603=DIRECTION('ref_axis',(0.386191296682356,0.922418713148644,3.84569003632579E-17));
#3604=DIRECTION('',(-6.02374877866917E-17,1.44426750944277E-17,1.));
#3605=DIRECTION('center_axis',(-0.938744255509598,-0.344614600311319,-5.15704389209936E-17));
#3606=DIRECTION('ref_axis',(0.344614600311319,-0.938744255509598,1.33080345101877E-17));
#3607=DIRECTION('',(-0.344614600311319,0.938744255509598,-1.33080345101877E-17));
#3608=DIRECTION('',(-9.95799250102957E-17,0.,1.));
#3609=DIRECTION('',(-0.344614600311319,0.938744255509598,-3.43166960564542E-17));
#3610=DIRECTION('center_axis',(-0.344614600311319,0.938744255509598,-1.33080345101877E-17));
#3611=DIRECTION('ref_axis',(0.663792428870754,0.243679320776026,-0.707106781186547));
#3612=DIRECTION('center_axis',(1.52032417945795E-14,-8.38659501876954E-15,
1.));
#3613=DIRECTION('ref_axis',(0.486014227570275,0.873950897132824,-5.95195768133822E-17));
#3614=DIRECTION('center_axis',(-9.95799250102957E-17,0.,1.));
#3615=DIRECTION('ref_axis',(-0.30976498721261,0.950813153409844,-3.08463741974469E-17));
#3616=DIRECTION('center_axis',(-9.95799250102957E-17,0.,1.));
#3617=DIRECTION('ref_axis',(-0.30976498721261,0.950813153409844,-3.08463741974469E-17));
#3618=DIRECTION('',(1.18209955123035E-16,-8.62048603560066E-18,-1.));
#3619=DIRECTION('',(-9.95799250102957E-17,0.,1.));
#3620=DIRECTION('center_axis',(9.95799250102957E-17,0.,-1.));
#3621=DIRECTION('ref_axis',(0.839738732766715,-0.542990663539763,8.36211200371502E-17));
#3622=DIRECTION('center_axis',(9.95799250102957E-17,0.,-1.));
#3623=DIRECTION('ref_axis',(-1.,0.,-9.95799250102957E-17));
#3624=DIRECTION('center_axis',(0.907550982487304,-0.419941917634248,1.1090166434842E-16));
#3625=DIRECTION('ref_axis',(0.419941917634248,0.907550982487304,-5.14280525258583E-17));
#3626=DIRECTION('',(-0.419941917634248,-0.907550982487304,-4.18177846666983E-17));
#3627=DIRECTION('',(-9.95799250102957E-17,0.,1.));
#3628=DIRECTION('',(-0.419941917634248,-0.907550982487304,5.14280525258583E-17));
#3629=DIRECTION('center_axis',(-0.419941917634248,-0.907550982487304,5.14280525258583E-17));
#3630=DIRECTION('ref_axis',(-0.641735453989287,0.29694377766366,-0.707106781186547));
#3631=DIRECTION('center_axis',(-9.95799250102957E-17,0.,1.));
#3632=DIRECTION('ref_axis',(0.386191296682362,-0.922418713148642,3.84569003632584E-17));
#3633=DIRECTION('center_axis',(-1.22464679914735E-16,0.,-1.));
#3634=DIRECTION('ref_axis',(0.938744255509599,-0.344614600311316,-1.1496301477278E-16));
#3635=DIRECTION('',(-9.95799250102957E-17,0.,1.));
#3636=DIRECTION('center_axis',(-9.95799250102957E-17,0.,1.));
#3637=DIRECTION('ref_axis',(0.386191296682362,-0.922418713148642,3.84569003632584E-17));
#3638=DIRECTION('',(6.02374877866917E-17,1.44426750944277E-17,-1.));
#3639=DIRECTION('center_axis',(-0.971222052837855,0.238175825980354,-1.70511891977847E-14));
#3640=DIRECTION('ref_axis',(1.32002116155871E-14,-1.77635683940025E-14,
-1.));
#3641=DIRECTION('center_axis',(-9.95799250102957E-17,0.,1.));
#3642=DIRECTION('ref_axis',(-0.771209702210134,0.636581177240544,0.));
#3643=DIRECTION('center_axis',(0.417933486804288,-0.908477628017119,8.76816668936848E-16));
#3644=DIRECTION('ref_axis',(2.09798136933557E-15,-1.28189897098414E-30,
-1.));
#3645=DIRECTION('center_axis',(9.95799250102957E-17,0.,-1.));
#3646=DIRECTION('ref_axis',(-0.802657497935563,0.596440224169884,-7.99285734533749E-17));
#3647=DIRECTION('center_axis',(-1.39793942201955E-15,2.06545914487107E-15,
1.));
#3648=DIRECTION('ref_axis',(0.110214086238552,-0.993907870576846,2.20694871645701E-15));
#3649=DIRECTION('center_axis',(-9.95799250102957E-17,0.,1.));
#3650=DIRECTION('ref_axis',(0.915959772424652,-0.401270102673722,9.12112054504944E-17));
#3651=DIRECTION('center_axis',(-9.95799250102957E-17,0.,1.));
#3652=DIRECTION('ref_axis',(0.915959772424652,-0.401270102673722,9.12112054504944E-17));
#3653=DIRECTION('',(9.95799250102957E-17,0.,-1.));
#3654=DIRECTION('center_axis',(0.993907870576847,0.110214086238549,-1.06963067724137E-17));
#3655=DIRECTION('ref_axis',(0.0779331277615568,-0.702798995159569,-0.707106781186548));
#3656=DIRECTION('center_axis',(0.344614600311318,0.938744255509599,1.33080345101878E-17));
#3657=DIRECTION('ref_axis',(0.663792428870755,-0.243679320776025,-0.707106781186547));
#3658=DIRECTION('',(0.344614600311318,0.938744255509599,1.33080345101878E-17));
#3659=DIRECTION('center_axis',(-0.938744255509599,0.344614600311318,-5.15704389209935E-17));
#3660=DIRECTION('ref_axis',(-0.344614600311318,-0.938744255509599,-1.33080345101878E-17));
#3661=DIRECTION('',(0.344614600311318,0.938744255509599,3.43166960564543E-17));
#3662=DIRECTION('',(-9.95799250102957E-17,0.,1.));
#3663=DIRECTION('',(9.95799250102957E-17,0.,-1.));
#3664=DIRECTION('center_axis',(-0.907550982487304,0.419941917634248,-5.53905131171618E-17));
#3665=DIRECTION('ref_axis',(0.419941917634248,0.907550982487304,4.08309870539947E-18));
#3666=DIRECTION('',(9.95799250102957E-17,0.,-1.));
#3667=DIRECTION('',(0.419941917634248,0.907550982487304,4.18177846666983E-17));
#3668=DIRECTION('',(9.95799250102957E-17,0.,-1.));
#3669=DIRECTION('',(0.419941917634248,0.907550982487304,4.08309870539948E-18));
#3670=DIRECTION('',(9.95799250102957E-17,0.,-1.));
#3671=DIRECTION('center_axis',(-1.,0.,-9.95799250102957E-17));
#3672=DIRECTION('ref_axis',(0.,1.,0.));
#3673=DIRECTION('',(9.95799250102957E-17,0.,-1.));
#3674=DIRECTION('',(0.,1.,0.));
#3675=DIRECTION('',(0.,1.,0.));
#3676=DIRECTION('center_axis',(1.,0.,9.95799250102957E-17));
#3677=DIRECTION('ref_axis',(0.,1.,0.));
#3678=DIRECTION('center_axis',(9.95799250102957E-17,0.,-1.));
#3679=DIRECTION('ref_axis',(-1.,0.,-9.95799250102957E-17));
#3680=DIRECTION('',(-0.419941917634252,0.907550982487302,-4.18177846666986E-17));
#3681=DIRECTION('',(-0.344614600311314,-0.9387442555096,-3.43166960564537E-17));
#3682=DIRECTION('',(4.66750696107248E-16,-1.,4.6478999316863E-32));
#3683=DIRECTION('',(0.344614600311322,-0.938744255509597,3.43166960564545E-17));
#3684=DIRECTION('',(0.993907870576845,-0.110214086238563,9.89732712191855E-17));
#3685=DIRECTION('center_axis',(-9.95799250102957E-17,0.,1.));
#3686=DIRECTION('ref_axis',(-0.999564179757955,-0.029520341204114,1.22411307328293E-16));
#3687=DIRECTION('center_axis',(9.95799250102957E-17,0.,-1.));
#3688=DIRECTION('ref_axis',(-1.,0.,-9.95799250102957E-17));
#3689=DIRECTION('center_axis',(-9.95799250102957E-17,0.,1.));
#3690=DIRECTION('ref_axis',(-0.3884609479676,-0.921465187570379,-3.8682912068042E-17));
#3691=DIRECTION('',(0.419941917634248,-0.907550982487304,4.18177846666983E-17));
#3692=DIRECTION('',(0.,-1.,0.));
#3693=DIRECTION('',(0.,1.,0.));
#3694=DIRECTION('center_axis',(9.95799250102957E-17,0.,-1.));
#3695=DIRECTION('ref_axis',(-1.,0.,-9.95799250102957E-17));
#3696=DIRECTION('center_axis',(-9.95799250102957E-17,0.,1.));
#3697=DIRECTION('ref_axis',(-1.,0.,-9.95799250102957E-17));
#3698=DIRECTION('center_axis',(-9.95799250102957E-17,0.,1.));
#3699=DIRECTION('ref_axis',(-1.,0.,-9.95799250102957E-17));
#3700=DIRECTION('center_axis',(-9.95799250102957E-17,0.,1.));
#3701=DIRECTION('ref_axis',(-1.,0.,-9.95799250102957E-17));
#3702=DIRECTION('center_axis',(-9.95799250102957E-17,0.,1.));
#3703=DIRECTION('ref_axis',(-1.,0.,-9.95799250102957E-17));
#3704=DIRECTION('center_axis',(9.95799250102957E-17,0.,-1.));
#3705=DIRECTION('ref_axis',(-1.,0.,-9.95799250102957E-17));
#3706=DIRECTION('center_axis',(1.,0.,9.95799250102957E-17));
#3707=DIRECTION('ref_axis',(0.,1.,0.));
#3708=DIRECTION('',(1.,0.,9.95799250102957E-17));
#3709=DIRECTION('center_axis',(-1.,0.,-9.95799250102957E-17));
#3710=DIRECTION('ref_axis',(0.,1.,0.));
#3711=DIRECTION('',(-9.95799250102957E-17,0.,1.));
#3712=DIRECTION('center_axis',(1.,0.,9.95799250102957E-17));
#3713=DIRECTION('ref_axis',(0.,1.,0.));
#3714=DIRECTION('',(-9.95799250102957E-17,0.,1.));
#3715=DIRECTION('',(0.,-1.,0.));
#3716=DIRECTION('',(-9.95799250102957E-17,0.,1.));
#3717=DIRECTION('center_axis',(0.907550982487304,0.419941917634248,1.1090166434842E-16));
#3718=DIRECTION('ref_axis',(-0.419941917634248,0.907550982487304,5.14280525258583E-17));
#3719=DIRECTION('',(-9.95799250102957E-17,0.,1.));
#3720=DIRECTION('',(0.419941917634248,-0.907550982487304,-5.14280525258583E-17));
#3721=DIRECTION('center_axis',(9.95799250102957E-17,0.,-1.));
#3722=DIRECTION('ref_axis',(-0.3884609479676,-0.921465187570379,-3.8682912068042E-17));
#3723=DIRECTION('',(9.95799250102957E-17,0.,-1.));
#3724=DIRECTION('center_axis',(9.95799250102957E-17,0.,-1.));
#3725=DIRECTION('ref_axis',(0.333009492288598,-0.942923474119555,3.31610602698152E-17));
#3726=DIRECTION('center_axis',(9.95799250102957E-17,0.,-1.));
#3727=DIRECTION('ref_axis',(0.882342497631416,0.470607816417826,8.78635997475334E-17));
#3728=DIRECTION('',(-9.95799250102957E-17,0.,1.));
#3729=DIRECTION('',(1.22464679914735E-16,0.,1.));
#3730=DIRECTION('center_axis',(9.95799250102957E-17,0.,-1.));
#3731=DIRECTION('ref_axis',(0.904534133036466,0.426401222057311,9.00734411370241E-17));
#3732=DIRECTION('center_axis',(1.22464679914735E-16,0.,1.));
#3733=DIRECTION('ref_axis',(-0.999564179757955,-0.029520341204114,1.22411307328293E-16));
#3734=DIRECTION('',(9.95799250102957E-17,0.,-1.));
#3735=DIRECTION('',(9.95799250102957E-17,0.,-1.));
#3736=DIRECTION('center_axis',(0.110214086238563,0.993907870576845,3.80455014513847E-19));
#3737=DIRECTION('ref_axis',(0.993907870576845,-0.110214086238563,-1.06963067724135E-17));
#3738=DIRECTION('',(9.95799250102957E-17,0.,-1.));
#3739=DIRECTION('',(0.993907870576845,-0.110214086238563,-1.06963067724135E-17));
#3740=DIRECTION('',(9.95799250102957E-17,0.,-1.));
#3741=DIRECTION('center_axis',(0.938744255509597,0.344614600311322,-3.94071231026331E-18));
#3742=DIRECTION('ref_axis',(0.344614600311322,-0.938744255509597,1.33080345101873E-17));
#3743=DIRECTION('',(9.95799250102957E-17,0.,-1.));
#3744=DIRECTION('',(0.344614600311322,-0.938744255509597,1.33080345101873E-17));
#3745=DIRECTION('center_axis',(9.95799250102957E-17,0.,-1.));
#3746=DIRECTION('ref_axis',(0.882342497631417,0.470607816417825,1.05735526154777E-16));
#3747=DIRECTION('center_axis',(-9.95799250102957E-17,0.,1.));
#3748=DIRECTION('ref_axis',(0.904534133036466,0.426401222057311,9.00734411370241E-17));
#3749=DIRECTION('center_axis',(-0.942923474119555,-0.333009492288596,1.33672014852981E-15));
#3750=DIRECTION('ref_axis',(1.35835327298417E-16,-4.39868082194113E-15,
-1.));
#3751=DIRECTION('center_axis',(-0.801817621747627,-0.597568825705441,6.53305850709895E-16));
#3752=DIRECTION('ref_axis',(-0.597568825705441,0.801817621747627,-3.09023335915679E-17));
#3753=DIRECTION('center_axis',(0.946805083949712,-0.259455920412868,-0.190375309243848));
#3754=DIRECTION('ref_axis',(-0.321807602469207,-0.763357306113555,-0.560112033611204));
#3755=DIRECTION('center_axis',(-0.419941917634248,0.907550982487304,5.14280525258583E-17));
#3756=DIRECTION('ref_axis',(-0.641735453989284,-0.296943777663658,-0.70710678118655));
#3757=DIRECTION('center_axis',(4.88157983629101E-16,1.4310896663875E-17,
-1.));
#3758=DIRECTION('ref_axis',(-0.549117110768941,-0.835745414980406,-2.80016167840296E-16));
#3759=DIRECTION('center_axis',(-0.656805805464932,-0.0194333695513222,0.753809311467723));
#3760=DIRECTION('ref_axis',(-0.753479573677354,-0.0222937234762704,-0.657093236873244));
#3761=DIRECTION('center_axis',(0.83574541498024,-0.549117110769194,8.67300772675325E-18));
#3762=DIRECTION('ref_axis',(-1.52300367058014E-15,-2.33377601476861E-15,
-1.));
#3763=DIRECTION('center_axis',(0.419941917634248,-0.907550982487304,-5.14280525258583E-17));
#3764=DIRECTION('ref_axis',(-0.641735453989285,-0.296943777663659,-0.707106781186549));
#3765=DIRECTION('',(-0.419941917634248,0.907550982487304,5.14280525258583E-17));
#3766=DIRECTION('center_axis',(-9.95799250102957E-17,0.,1.));
#3767=DIRECTION('ref_axis',(-1.,0.,-9.95799250102957E-17));
#3768=DIRECTION('center_axis',(-9.95799250102957E-17,0.,1.));
#3769=DIRECTION('ref_axis',(-1.,0.,-9.95799250102957E-17));
#3770=DIRECTION('',(9.95799250102957E-17,0.,-1.));
#3771=DIRECTION('center_axis',(9.95799250102957E-17,0.,-1.));
#3772=DIRECTION('ref_axis',(-1.,0.,-9.95799250102957E-17));
#3773=DIRECTION('center_axis',(9.95799250102957E-17,0.,-1.));
#3774=DIRECTION('ref_axis',(-1.,0.,-9.95799250102957E-17));
#3775=DIRECTION('center_axis',(9.95799250102957E-17,0.,-1.));
#3776=DIRECTION('ref_axis',(-1.,0.,-9.95799250102957E-17));
#3777=DIRECTION('',(9.95799250102957E-17,0.,-1.));
#3778=DIRECTION('center_axis',(-9.95799250102957E-17,0.,1.));
#3779=DIRECTION('ref_axis',(-1.,0.,-9.95799250102957E-17));
#3780=DIRECTION('center_axis',(-9.95799250102957E-17,0.,1.));
#3781=DIRECTION('ref_axis',(-1.,0.,-9.95799250102957E-17));
#3782=DIRECTION('center_axis',(9.95799250102957E-17,0.,-1.));
#3783=DIRECTION('ref_axis',(-1.,0.,-9.95799250102957E-17));
#3784=DIRECTION('',(9.95799250102957E-17,0.,-1.));
#3785=DIRECTION('center_axis',(-9.95799250102957E-17,0.,1.));
#3786=DIRECTION('ref_axis',(-1.,0.,-9.95799250102957E-17));
#3787=DIRECTION('center_axis',(-9.95799250102957E-17,0.,1.));
#3788=DIRECTION('ref_axis',(-1.,0.,-9.95799250102957E-17));
#3789=DIRECTION('center_axis',(9.95799250102957E-17,0.,-1.));
#3790=DIRECTION('ref_axis',(-1.,0.,-9.95799250102957E-17));
#3791=DIRECTION('',(9.95799250102957E-17,0.,-1.));
#3792=DIRECTION('center_axis',(-9.95799250102957E-17,0.,1.));
#3793=DIRECTION('ref_axis',(-1.,0.,-9.95799250102957E-17));
#3794=DIRECTION('center_axis',(9.95799250102957E-17,0.,-1.));
#3795=DIRECTION('ref_axis',(-1.,0.,-9.95799250102957E-17));
#3796=DIRECTION('',(9.95799250102957E-17,0.,-1.));
#3797=DIRECTION('center_axis',(-9.95799250102957E-17,0.,1.));
#3798=DIRECTION('ref_axis',(-1.,0.,-9.95799250102957E-17));
#3799=DIRECTION('center_axis',(-0.419941917634248,-0.907550982487304,5.14280525258583E-17));
#3800=DIRECTION('ref_axis',(-0.641735453989287,0.29694377766366,-0.707106781186547));
#3801=DIRECTION('',(0.419941917634248,0.907550982487304,-5.14280525258583E-17));
#3802=DIRECTION('center_axis',(0.344614600311318,0.938744255509599,1.33080345101878E-17));
#3803=DIRECTION('ref_axis',(0.663792428870755,-0.243679320776025,-0.707106781186547));
#3804=DIRECTION('',(-0.344614600311318,-0.938744255509599,-1.33080345101878E-17));
#3805=DIRECTION('center_axis',(-1.22464679914735E-16,0.,-1.));
#3806=DIRECTION('ref_axis',(-0.761672941891263,0.647961672933444,9.32780330284284E-17));
#3807=DIRECTION('center_axis',(9.95799250102957E-17,0.,-1.));
#3808=DIRECTION('ref_axis',(-1.,0.,-9.95799250102957E-17));
#3809=DIRECTION('',(0.344614600311319,-0.938744255509598,1.33080345101877E-17));
#3810=DIRECTION('center_axis',(9.95799250102957E-17,0.,-1.));
#3811=DIRECTION('ref_axis',(-1.,0.,-9.95799250102957E-17));
#3812=DIRECTION('center_axis',(-1.22464679914735E-16,0.,-1.));
#3813=DIRECTION('ref_axis',(-0.760847334422188,-0.648930915970761,9.31769252739928E-17));
#3814=DIRECTION('center_axis',(9.95799250102957E-17,0.,-1.));
#3815=DIRECTION('ref_axis',(-1.,0.,-9.95799250102957E-17));
#3816=DIRECTION('',(-0.419941917634248,0.907550982487304,5.14280525258583E-17));
#3817=DIRECTION('center_axis',(9.95799250102957E-17,0.,-1.));
#3818=DIRECTION('ref_axis',(-1.,0.,-9.95799250102957E-17));
#3819=DIRECTION('center_axis',(0.,1.,0.));
#3820=DIRECTION('ref_axis',(0.707106781186548,0.,-0.707106781186547));
#3821=DIRECTION('',(0.,1.,0.));
#3822=DIRECTION('center_axis',(-0.344614600311319,0.938744255509598,-1.33080345101877E-17));
#3823=DIRECTION('ref_axis',(0.663792428870754,0.243679320776026,-0.707106781186547));
#3824=DIRECTION('center_axis',(0.,-1.,0.));
#3825=DIRECTION('ref_axis',(-0.707106781186548,0.,-0.707106781186547));
#3826=DIRECTION('center_axis',(0.419941917634248,-0.907550982487304,-5.14280525258583E-17));
#3827=DIRECTION('ref_axis',(-0.641735453989285,-0.296943777663659,-0.707106781186549));
#3828=DIRECTION('center_axis',(-0.344614600311314,-0.9387442555096,-1.33080345101883E-17));
#3829=DIRECTION('ref_axis',(0.663792428870756,-0.243679320776022,-0.707106781186547));
#3830=DIRECTION('',(-0.344614600311314,-0.9387442555096,-1.33080345101883E-17));
#3831=DIRECTION('center_axis',(-0.993907870576847,-0.110214086238548,1.06963067724137E-17));
#3832=DIRECTION('ref_axis',(0.0779331277615561,-0.702798995159569,-0.707106781186548));
#3833=DIRECTION('center_axis',(0.344614600311322,-0.938744255509597,1.33080345101873E-17));
#3834=DIRECTION('ref_axis',(0.663792428870754,0.243679320776028,-0.707106781186547));
#3835=DIRECTION('center_axis',(0.419941917634248,0.907550982487304,4.08309870539948E-18));
#3836=DIRECTION('ref_axis',(-0.641735453989287,0.29694377766366,-0.707106781186547));
#3837=DIRECTION('center_axis',(0.,1.,0.));
#3838=DIRECTION('ref_axis',(-0.707106781186548,0.,-0.707106781186547));
#3839=DIRECTION('center_axis',(0.993907870576845,-0.110214086238563,-1.06963067724135E-17));
#3840=DIRECTION('ref_axis',(0.0779331277615668,0.702798995159569,-0.707106781186548));
#3841=DIRECTION('center_axis',(-0.419941917634252,0.907550982487302,-4.08309870539899E-18));
#3842=DIRECTION('ref_axis',(-0.641735453989285,-0.296943777663662,-0.707106781186548));
#3843=DIRECTION('',(-0.419941917634252,0.907550982487302,-4.08309870539899E-18));
#3844=DIRECTION('center_axis',(4.66750696107248E-16,-1.,1.67952352657159E-32));
#3845=DIRECTION('ref_axis',(0.707106781186548,3.30042582340977E-16,-0.707106781186547));
#3846=DIRECTION('',(4.66750696107248E-16,-1.,1.67952352657159E-32));
#3847=DIRECTION('center_axis',(0.9387442555096,-0.344614600311314,-3.94071231026366E-18));
#3848=DIRECTION('ref_axis',(-0.344614600311314,-0.9387442555096,-1.33080345101883E-17));
#3849=DIRECTION('',(9.95799250102957E-17,0.,-1.));
#3850=DIRECTION('',(9.95799250102957E-17,0.,-1.));
#3851=DIRECTION('',(9.95799250102957E-17,0.,-1.));
#3852=DIRECTION('center_axis',(1.,4.66750696107248E-16,9.95799250102957E-17));
#3853=DIRECTION('ref_axis',(4.66750696107248E-16,-1.,1.67952352657159E-32));
#3854=DIRECTION('',(-9.95799250102957E-17,0.,1.));
#3855=DIRECTION('center_axis',(-9.95799250102957E-17,0.,1.));
#3856=DIRECTION('ref_axis',(1.,0.,6.34413156928661E-17));
#3857=DIRECTION('center_axis',(0.,-1.,0.));
#3858=DIRECTION('ref_axis',(-1.,0.,-7.93016446160826E-17));
#3859=DIRECTION('center_axis',(-1.,0.,-9.95799250102957E-17));
#3860=DIRECTION('ref_axis',(7.04136402448279E-17,-0.707106781186548,-0.707106781186547));
#3861=DIRECTION('center_axis',(-1.,0.,-9.95799250102957E-17));
#3862=DIRECTION('ref_axis',(9.95799250102957E-17,0.,-1.));
#3863=DIRECTION('center_axis',(-1.,0.,-9.95799250102957E-17));
#3864=DIRECTION('ref_axis',(9.95799250102957E-17,0.,-1.));
#3865=DIRECTION('',(-9.95799250102957E-17,0.,1.));
#3866=DIRECTION('center_axis',(-1.,0.,-9.95799250102957E-17));
#3867=DIRECTION('ref_axis',(0.,-1.,0.));
#3868=DIRECTION('',(-9.95799250102957E-17,0.,1.));
#3869=DIRECTION('center_axis',(-9.95799250102957E-17,0.,1.));
#3870=DIRECTION('ref_axis',(-1.47771701767772E-14,1.,-1.47150949806785E-30));
#3871=DIRECTION('center_axis',(9.95799250102957E-17,0.,-1.));
#3872=DIRECTION('ref_axis',(-1.,0.,-9.95799250102957E-17));
#3873=DIRECTION('center_axis',(9.95799250102957E-17,0.,-1.));
#3874=DIRECTION('ref_axis',(-1.,0.,-9.95799250102957E-17));
#3875=DIRECTION('center_axis',(9.95799250102957E-17,0.,-1.));
#3876=DIRECTION('ref_axis',(-1.,0.,-9.95799250102957E-17));
#3877=DIRECTION('center_axis',(9.95799250102957E-17,0.,-1.));
#3878=DIRECTION('ref_axis',(-1.,0.,-9.95799250102957E-17));
#3879=DIRECTION('center_axis',(9.95799250102957E-17,0.,-1.));
#3880=DIRECTION('ref_axis',(-1.,0.,-9.95799250102957E-17));
#3881=DIRECTION('center_axis',(9.95799250102957E-17,0.,-1.));
#3882=DIRECTION('ref_axis',(-1.,0.,-9.95799250102957E-17));
#3883=DIRECTION('center_axis',(9.95799250102957E-17,0.,-1.));
#3884=DIRECTION('ref_axis',(-1.,0.,-9.95799250102957E-17));
#3885=DIRECTION('center_axis',(9.95799250102957E-17,0.,-1.));
#3886=DIRECTION('ref_axis',(-1.,0.,-9.95799250102957E-17));
#3887=DIRECTION('center_axis',(9.95799250102957E-17,0.,-1.));
#3888=DIRECTION('ref_axis',(-1.,0.,-1.11022302462516E-16));
#3889=DIRECTION('center_axis',(-1.,0.,-9.95799250102957E-17));
#3890=DIRECTION('ref_axis',(0.,1.,0.));
#3891=DIRECTION('center_axis',(0.,-1.,0.));
#3892=DIRECTION('ref_axis',(6.25724908561237E-17,0.,-1.));
#3893=DIRECTION('center_axis',(0.,-1.,0.));
#3894=DIRECTION('ref_axis',(0.707106781186547,0.,-0.707106781186548));
#3895=DIRECTION('center_axis',(0.,-1.,0.));
#3896=DIRECTION('ref_axis',(6.25724908561237E-17,0.,-1.));
#3897=DIRECTION('center_axis',(9.95799250102957E-17,0.,-1.));
#3898=DIRECTION('ref_axis',(-1.,0.,-1.11022302462516E-16));
#3899=DIRECTION('center_axis',(9.95799250102957E-17,0.,-1.));
#3900=DIRECTION('ref_axis',(-1.,0.,-1.11022302462516E-16));
#3901=DIRECTION('center_axis',(0.,1.,0.));
#3902=DIRECTION('ref_axis',(6.25724908561237E-17,0.,-1.));
#3903=DIRECTION('center_axis',(-1.50538715203411E-16,1.,-6.21622771599537E-33));
#3904=DIRECTION('ref_axis',(-0.707106781186547,-1.06446946351442E-16,-0.707106781186548));
#3905=DIRECTION('center_axis',(0.,1.,0.));
#3906=DIRECTION('ref_axis',(6.25724908561237E-17,0.,-1.));
#3907=DIRECTION('center_axis',(9.95799250102957E-17,0.,-1.));
#3908=DIRECTION('ref_axis',(-1.,0.,-1.11022302462516E-16));
#3909=DIRECTION('center_axis',(1.,0.,9.95799250102957E-17));
#3910=DIRECTION('ref_axis',(9.95799250102957E-17,0.,-1.));
#3911=DIRECTION('center_axis',(1.,0.,9.95799250102957E-17));
#3912=DIRECTION('ref_axis',(7.04136402448279E-17,0.707106781186548,-0.707106781186547));
#3913=DIRECTION('center_axis',(-0.907550982487302,-0.419941917634252,1.20638114095007E-19));
#3914=DIRECTION('ref_axis',(-0.419941917634252,0.907550982487302,-4.083098705399E-18));
#3915=DIRECTION('center_axis',(-9.95799250102957E-17,0.,1.));
#3916=DIRECTION('ref_axis',(-1.,0.,-9.95799250102957E-17));
#3917=DIRECTION('',(-9.95799250102957E-17,0.,1.));
#3918=DIRECTION('center_axis',(9.95799250102957E-17,0.,-1.));
#3919=DIRECTION('ref_axis',(-1.,0.,-9.95799250102957E-17));
#3920=DIRECTION('center_axis',(9.95799250102957E-17,0.,-1.));
#3921=DIRECTION('ref_axis',(-1.,0.,-9.95799250102957E-17));
#3922=DIRECTION('center_axis',(-9.95799250102957E-17,0.,1.));
#3923=DIRECTION('ref_axis',(-1.,0.,-9.95799250102957E-17));
#3924=DIRECTION('',(-9.95799250102957E-17,0.,1.));
#3925=DIRECTION('center_axis',(9.95799250102957E-17,0.,-1.));
#3926=DIRECTION('ref_axis',(-1.,0.,-9.95799250102957E-17));
#3927=DIRECTION('center_axis',(-9.95799250102957E-17,0.,1.));
#3928=DIRECTION('ref_axis',(-1.,0.,-9.95799250102957E-17));
#3929=DIRECTION('center_axis',(-9.95799250102957E-17,0.,1.));
#3930=DIRECTION('ref_axis',(-1.,0.,-9.95799250102957E-17));
#3931=DIRECTION('',(9.95799250102957E-17,0.,-1.));
#3932=DIRECTION('center_axis',(9.95799250102957E-17,0.,-1.));
#3933=DIRECTION('ref_axis',(-1.,0.,-9.95799250102957E-17));
#3934=DIRECTION('center_axis',(-9.95799250102957E-17,0.,1.));
#3935=DIRECTION('ref_axis',(-1.,0.,-9.95799250102957E-17));
#3936=DIRECTION('',(-9.95799250102957E-17,0.,1.));
#3937=DIRECTION('center_axis',(-9.95799250102957E-17,0.,1.));
#3938=DIRECTION('ref_axis',(-1.,0.,-9.95799250102957E-17));
#3939=DIRECTION('',(-9.95799250102957E-17,0.,1.));
#3940=DIRECTION('center_axis',(-9.95799250102957E-17,0.,1.));
#3941=DIRECTION('ref_axis',(0.499572496529137,-0.866272082380383,4.97473917415777E-17));
#3942=CARTESIAN_POINT('',(0.,0.,0.));
#3943=CARTESIAN_POINT('Ctrl Pts',(-14.2407810498654,-56.9067359073669,5.84144347483459));
#3944=CARTESIAN_POINT('Ctrl Pts',(-14.2407810498654,-56.9067359073669,31.6414675989194));
#3945=CARTESIAN_POINT('Ctrl Pts',(-14.4871153864934,-56.9335842460451,5.84144347483459));
#3946=CARTESIAN_POINT('Ctrl Pts',(-14.4871153864934,-56.9335842460451,31.6414675989194));
#3947=CARTESIAN_POINT('Ctrl Pts',(-14.7334497231214,-56.9604325847234,5.84144347483459));
#3948=CARTESIAN_POINT('Ctrl Pts',(-14.7334497231214,-56.9604325847234,31.6414675989194));
#3949=CARTESIAN_POINT('Ctrl Pts',(-14.9797840597495,-56.9872809234017,5.84144347483459));
#3950=CARTESIAN_POINT('Ctrl Pts',(-14.9797840597495,-56.9872809234017,31.6414675989194));
#3951=CARTESIAN_POINT('Ctrl Pts',(-15.2261183963775,-57.0141292620799,5.84144347483459));
#3952=CARTESIAN_POINT('Ctrl Pts',(-15.2261183963775,-57.0141292620799,31.6414675989194));
#3953=CARTESIAN_POINT('Ctrl Pts',(-15.4724527330055,-57.0409776007582,5.84144347483459));
#3954=CARTESIAN_POINT('Ctrl Pts',(-15.4724527330055,-57.0409776007582,31.6414675989194));
#3955=CARTESIAN_POINT('Ctrl Pts',(-15.6250508813957,-57.057609495547,5.84144347483459));
#3956=CARTESIAN_POINT('Ctrl Pts',(-15.6250508813957,-57.057609495547,31.6414675989194));
#3957=CARTESIAN_POINT('Ctrl Pts',(-15.9288203146324,-57.0866930725247,5.84144347483459));
#3958=CARTESIAN_POINT('Ctrl Pts',(-15.9288203146324,-57.0866930725247,31.6414675989194));
#3959=CARTESIAN_POINT('Ctrl Pts',(-16.3801938892685,-57.1177778873005,5.84144347483459));
#3960=CARTESIAN_POINT('Ctrl Pts',(-16.3801938892685,-57.1177778873005,31.6414675989194));
#3961=CARTESIAN_POINT('Ctrl Pts',(-16.9734018270541,-57.1339601573819,5.84144347483459));
#3962=CARTESIAN_POINT('Ctrl Pts',(-16.9734018270541,-57.1339601573819,31.6414675989194));
#3963=CARTESIAN_POINT('Ctrl Pts',(-17.6998942318637,-57.1107048797156,5.84144347483459));
#3964=CARTESIAN_POINT('Ctrl Pts',(-17.6998942318637,-57.1107048797156,31.6414675989194));
#3965=CARTESIAN_POINT('Ctrl Pts',(-18.4100847935283,-57.0417485115257,5.84144347483459));
#3966=CARTESIAN_POINT('Ctrl Pts',(-18.4100847935283,-57.0417485115257,31.6414675989194));
#3967=CARTESIAN_POINT('Ctrl Pts',(-19.1019184542935,-56.9242035292453,5.84144347483459));
#3968=CARTESIAN_POINT('Ctrl Pts',(-19.1019184542935,-56.9242035292453,31.6414675989194));
#3969=CARTESIAN_POINT('Ctrl Pts',(-19.7724731700282,-56.754772520097,5.84144347483459));
#3970=CARTESIAN_POINT('Ctrl Pts',(-19.7724731700282,-56.754772520097,31.6414675989194));
#3971=CARTESIAN_POINT('Ctrl Pts',(-20.4178605576479,-56.5301477967479,5.84144347483459));
#3972=CARTESIAN_POINT('Ctrl Pts',(-20.4178605576479,-56.5301477967479,31.6414675989194));
#3973=CARTESIAN_POINT('Ctrl Pts',(-21.0336562523399,-56.247122980486,5.84144347483459));
#3974=CARTESIAN_POINT('Ctrl Pts',(-21.0336562523399,-56.247122980486,31.6414675989194));
#3975=CARTESIAN_POINT('Ctrl Pts',(-21.6154299142049,-55.9028234494043,5.84144347483459));
#3976=CARTESIAN_POINT('Ctrl Pts',(-21.6154299142049,-55.9028234494043,31.6414675989194));
#3977=CARTESIAN_POINT('Ctrl Pts',(-22.1593099085869,-55.4950729682445,5.84144347483459));
#3978=CARTESIAN_POINT('Ctrl Pts',(-22.1593099085869,-55.4950729682445,31.6414675989194));
#3979=CARTESIAN_POINT('Ctrl Pts',(-22.6627081197097,-55.0229851389572,5.84144347483459));
#3980=CARTESIAN_POINT('Ctrl Pts',(-22.6627081197097,-55.0229851389572,31.6414675989194));
#3981=CARTESIAN_POINT('Ctrl Pts',(-23.1250010412873,-54.4875653614012,5.84144347483459));
#3982=CARTESIAN_POINT('Ctrl Pts',(-23.1250010412873,-54.4875653614012,31.6414675989194));
#3983=CARTESIAN_POINT('Ctrl Pts',(-23.5466653953068,-53.8906803296133,5.84144347483459));
#3984=CARTESIAN_POINT('Ctrl Pts',(-23.5466653953068,-53.8906803296133,31.6414675989194));
#3985=CARTESIAN_POINT('Ctrl Pts',(-23.8522678640645,-53.3656112831689,5.84144347483459));
#3986=CARTESIAN_POINT('Ctrl Pts',(-23.8522678640645,-53.3656112831689,31.6414675989194));
#3987=CARTESIAN_POINT('Ctrl Pts',(-24.0640312263905,-52.9457528276225,5.84144347483459));
#3988=CARTESIAN_POINT('Ctrl Pts',(-24.0640312263905,-52.9457528276225,31.6414675989194));
#3989=CARTESIAN_POINT('Ctrl Pts',(-24.1975126328696,-52.6543504699177,5.84144347483459));
#3990=CARTESIAN_POINT('Ctrl Pts',(-24.1975126328696,-52.6543504699177,31.6414675989194));
#3991=CARTESIAN_POINT('Ctrl Pts',(-24.2623297743812,-52.5057750847293,5.84144347483459));
#3992=CARTESIAN_POINT('Ctrl Pts',(-24.2623297743812,-52.5057750847293,31.6414675989194));
#3993=CARTESIAN_POINT('',(-21.5640474502222,-55.9147569369783,14.8414434748346));
#3994=CARTESIAN_POINT('',(-21.5640449936005,-55.9147531979925,24.8414434748346));
#3995=CARTESIAN_POINT('',(-21.5640474502222,-55.9147569369783,14.8414434748346));
#3996=CARTESIAN_POINT('',(-15.4724527330055,-57.0409776007582,24.8414434748346));
#3997=CARTESIAN_POINT('Ctrl Pts',(-15.4724527330055,-57.0409776007582,24.8414434748346));
#3998=CARTESIAN_POINT('Ctrl Pts',(-15.6250508813957,-57.057609495547,24.8414434748346));
#3999=CARTESIAN_POINT('Ctrl Pts',(-15.9288203146324,-57.0866930725247,24.8414434748346));
#4000=CARTESIAN_POINT('Ctrl Pts',(-16.3801938892685,-57.1177778873005,24.8414434748346));
#4001=CARTESIAN_POINT('Ctrl Pts',(-16.9734018270541,-57.1339601573819,24.8414434748346));
#4002=CARTESIAN_POINT('Ctrl Pts',(-17.6998942318637,-57.1107048797156,24.8414434748346));
#4003=CARTESIAN_POINT('Ctrl Pts',(-18.4100847935283,-57.0417485115257,24.8414434748346));
#4004=CARTESIAN_POINT('Ctrl Pts',(-19.1019184542935,-56.9242035292453,24.8414434748346));
#4005=CARTESIAN_POINT('Ctrl Pts',(-19.7724731700282,-56.754772520097,24.8414434748346));
#4006=CARTESIAN_POINT('Ctrl Pts',(-20.4082660084881,-56.5334871445443,24.8414434748346));
#4007=CARTESIAN_POINT('Ctrl Pts',(-20.8921796804891,-56.3121268971376,24.8414434748346));
#4008=CARTESIAN_POINT('Ctrl Pts',(-21.2383105742048,-56.1209608935816,24.8414434748346));
#4009=CARTESIAN_POINT('Ctrl Pts',(-21.4593822358628,-55.9835260370856,24.8414434748346));
#4010=CARTESIAN_POINT('Ctrl Pts',(-21.5640474502211,-55.9147569369791,24.8414434748346));
#4011=CARTESIAN_POINT('',(-15.4724527330621,-57.0409776002386,5.8414434748346));
#4012=CARTESIAN_POINT('',(-15.4724527330055,-57.0409776007582,3.84144347483459));
#4013=CARTESIAN_POINT('',(-21.5640474502222,-55.9147569369783,5.8414434748346));
#4014=CARTESIAN_POINT('Ctrl Pts',(-21.5640474502312,-55.9147569369724,5.84144347483459));
#4015=CARTESIAN_POINT('Ctrl Pts',(-21.459382235871,-55.9835260370805,5.84144347483459));
#4016=CARTESIAN_POINT('Ctrl Pts',(-21.2383105742112,-56.1209608935781,5.84144347483459));
#4017=CARTESIAN_POINT('Ctrl Pts',(-20.8921796804935,-56.3121268971356,5.84144347483459));
#4018=CARTESIAN_POINT('Ctrl Pts',(-20.4082660084904,-56.5334871445435,5.84144347483459));
#4019=CARTESIAN_POINT('Ctrl Pts',(-19.7724731700282,-56.754772520097,5.84144347483459));
#4020=CARTESIAN_POINT('Ctrl Pts',(-19.1019184542935,-56.9242035292453,5.84144347483459));
#4021=CARTESIAN_POINT('Ctrl Pts',(-18.4100847935283,-57.0417485115257,5.84144347483459));
#4022=CARTESIAN_POINT('Ctrl Pts',(-17.6998942318637,-57.1107048797156,5.84144347483459));
#4023=CARTESIAN_POINT('Ctrl Pts',(-16.9734018270541,-57.1339601573819,5.84144347483459));
#4024=CARTESIAN_POINT('Ctrl Pts',(-16.3801938892685,-57.1177778873005,5.84144347483459));
#4025=CARTESIAN_POINT('Ctrl Pts',(-15.9288203146324,-57.0866930725247,5.84144347483459));
#4026=CARTESIAN_POINT('Ctrl Pts',(-15.6250508813957,-57.057609495547,5.84144347483459));
#4027=CARTESIAN_POINT('Ctrl Pts',(-15.4724527330055,-57.0409776007582,5.84144347483459));
#4028=CARTESIAN_POINT('',(-21.5640474502222,-55.9147569369783,14.8414434748346));
#4029=CARTESIAN_POINT('Ctrl Pts',(12.0226337422176,56.9796545990881,3.84144347998812));
#4030=CARTESIAN_POINT('Ctrl Pts',(12.145293201082,57.4143419887518,3.84141135081187));
#4031=CARTESIAN_POINT('Ctrl Pts',(12.3731722714014,58.1129255598066,4.09173229787831));
#4032=CARTESIAN_POINT('Ctrl Pts',(12.6278048786627,58.7700315187079,4.90679046095385));
#4033=CARTESIAN_POINT('Ctrl Pts',(12.6898538085194,58.918094414144,5.52857872006139));
#4034=CARTESIAN_POINT('Ctrl Pts',(12.6898438526424,58.9180706569692,5.84159409007828));
#4035=CARTESIAN_POINT('Ctrl Pts',(12.158540596859,56.9171346792868,3.84144685884103));
#4036=CARTESIAN_POINT('Ctrl Pts',(12.2845684541912,57.3431444045461,3.83088290164313));
#4037=CARTESIAN_POINT('Ctrl Pts',(12.5235327245001,58.0361967068145,4.05237405789529));
#4038=CARTESIAN_POINT('Ctrl Pts',(12.8118088809418,58.7292823648326,4.85609155608826));
#4039=CARTESIAN_POINT('Ctrl Pts',(12.8881558332818,58.8961080379281,5.51046395420825));
#4040=CARTESIAN_POINT('Ctrl Pts',(12.88814358335,58.8960812703782,5.84160281051912));
#4041=CARTESIAN_POINT('Ctrl Pts',(12.4299624371673,56.7922802414294,3.9098207874282));
#4042=CARTESIAN_POINT('Ctrl Pts',(12.5609831422947,57.1857541134053,3.88449562782636));
#4043=CARTESIAN_POINT('Ctrl Pts',(12.8182612831851,57.8357453663716,4.05619851024114));
#4044=CARTESIAN_POINT('Ctrl Pts',(13.1670319575366,58.5434956915609,4.81194753307066));
#4045=CARTESIAN_POINT('Ctrl Pts',(13.2697479600962,58.7301968426223,5.4937647988256));
#4046=CARTESIAN_POINT('Ctrl Pts',(13.2697314793721,58.7301668862575,5.84161084938554));
#4047=CARTESIAN_POINT('Ctrl Pts',(12.8119338412744,56.6165906228016,4.24445975135622));
#4048=CARTESIAN_POINT('Ctrl Pts',(12.9359294266842,56.9153249637399,4.21797338818682));
#4049=CARTESIAN_POINT('Ctrl Pts',(13.18710394511,57.4070032217331,4.34359654881091));
#4050=CARTESIAN_POINT('Ctrl Pts',(13.5493945337466,57.9595052725254,4.95709659254102));
#4051=CARTESIAN_POINT('Ctrl Pts',(13.6612630210601,58.1117845055741,5.54180329040055));
#4052=CARTESIAN_POINT('Ctrl Pts',(13.6612450718896,58.1117600723275,5.84158772326219));
#4053=CARTESIAN_POINT('Ctrl Pts',(12.9311211684469,56.5617898567386,4.61705509701201));
#4054=CARTESIAN_POINT('Ctrl Pts',(13.0310707974979,56.778582552348,4.60694369143584));
#4055=CARTESIAN_POINT('Ctrl Pts',(13.2283295941255,57.1282399524568,4.73171475559175));
#4056=CARTESIAN_POINT('Ctrl Pts',(13.489346371716,57.4829459142792,5.21624607325124));
#4057=CARTESIAN_POINT('Ctrl Pts',(13.5623907874174,57.5723647881689,5.63072973454742));
#4058=CARTESIAN_POINT('Ctrl Pts',(13.5623790674347,57.5723504407736,5.84154491371205));
#4059=CARTESIAN_POINT('Ctrl Pts',(12.9311250755704,56.5618048146794,4.84145530652226));
#4060=CARTESIAN_POINT('Ctrl Pts',(13.0110623031159,56.7355745001797,4.8414397741313));
#4061=CARTESIAN_POINT('Ctrl Pts',(13.1644347686388,57.0134661167587,4.96660026819224));
#4062=CARTESIAN_POINT('Ctrl Pts',(13.3413229752291,57.2730589803722,5.37412529039269));
#4063=CARTESIAN_POINT('Ctrl Pts',(13.3849649196928,57.3313428487637,5.68501395900487));
#4064=CARTESIAN_POINT('Ctrl Pts',(13.3849579172622,57.3313334969234,5.84151878107888));
#4065=CARTESIAN_POINT('',(13.3849672714785,57.331346204302,5.8414434748346));
#4066=CARTESIAN_POINT('',(12.6898438550376,58.9180706626849,5.8414434748346));
#4067=CARTESIAN_POINT('Origin',(12.5796297687991,57.924162792108,5.8414434748346));
#4068=CARTESIAN_POINT('',(12.0226730919756,56.9797940466984,3.8414434748346));
#4069=CARTESIAN_POINT('Ctrl Pts',(12.6898438550376,58.9180706626849,5.8414434748346));
#4070=CARTESIAN_POINT('Ctrl Pts',(12.6898438550376,58.9180706626849,5.52847898325581));
#4071=CARTESIAN_POINT('Ctrl Pts',(12.6277932089999,58.770001403928,4.90675310731729));
#4072=CARTESIAN_POINT('Ctrl Pts',(12.3731839410641,58.1129556745865,4.09176965151487));
#4073=CARTESIAN_POINT('Ctrl Pts',(12.1453224436755,57.4144316341616,3.8414434748346));
#4074=CARTESIAN_POINT('Ctrl Pts',(12.0226730919756,56.9797940466984,3.8414434748346));
#4075=CARTESIAN_POINT('',(12.9311507199927,56.5618605598941,4.8414434748346));
#4076=CARTESIAN_POINT('Origin',(12.0226730919756,56.9797940466984,4.8414434748346));
#4077=CARTESIAN_POINT('Ctrl Pts',(12.9311507199928,56.5618605598941,4.84144347483459));
#4078=CARTESIAN_POINT('Ctrl Pts',(12.9500141607496,56.6028647255234,4.84144347483459));
#4079=CARTESIAN_POINT('Ctrl Pts',(12.9694857732639,56.6435187437756,4.84562586469674));
#4080=CARTESIAN_POINT('Ctrl Pts',(12.98935094552,56.6834329171489,4.85378859691991));
#4081=CARTESIAN_POINT('Ctrl Pts',(13.0096302598572,56.7241792070836,4.86212150289579));
#4082=CARTESIAN_POINT('Ctrl Pts',(13.0303195670289,56.7641542445131,4.87460244272431));
#4083=CARTESIAN_POINT('Ctrl Pts',(13.0511428482917,56.8029704163079,4.8910164669849));
#4084=CARTESIAN_POINT('Ctrl Pts',(13.0724474031291,56.8426837184596,4.90780985682337));
#4085=CARTESIAN_POINT('Ctrl Pts',(13.0938918581036,56.8811838402202,4.92872023718249));
#4086=CARTESIAN_POINT('Ctrl Pts',(13.115134859723,56.9180865230843,4.95351740760873));
#4087=CARTESIAN_POINT('Ctrl Pts',(13.1375417310916,56.9570110443412,4.9796731749528));
#4088=CARTESIAN_POINT('Ctrl Pts',(13.1597240387194,56.9941581956457,5.01015330150311));
#4089=CARTESIAN_POINT('Ctrl Pts',(13.1812364582501,57.0291131345123,5.04468763898928));
#4090=CARTESIAN_POINT('Ctrl Pts',(13.1826124505688,57.0313489465887,5.04689654826812));
#4091=CARTESIAN_POINT('Ctrl Pts',(13.183985689374,57.0335758015282,5.04912204424132));
#4092=CARTESIAN_POINT('Ctrl Pts',(13.185356053116,57.035793595461,5.05136405621491));
#4093=CARTESIAN_POINT('Ctrl Pts',(13.2077962253361,57.0721107251938,5.0880777646005));
#4094=CARTESIAN_POINT('Ctrl Pts',(13.2294691493201,57.1059950677006,5.12922026756674));
#4095=CARTESIAN_POINT('Ctrl Pts',(13.2497360552126,57.1368809122826,5.17431166557318));
#4096=CARTESIAN_POINT('Ctrl Pts',(13.2790862118712,57.1816092187061,5.23961219059957));
#4097=CARTESIAN_POINT('Ctrl Pts',(13.3054834895787,57.2200492882775,5.3131944545602));
#4098=CARTESIAN_POINT('Ctrl Pts',(13.3269137937392,57.2505846207593,5.39360092158238));
#4099=CARTESIAN_POINT('Ctrl Pts',(13.341167171695,57.2708937881706,5.44707957293424));
#4100=CARTESIAN_POINT('Ctrl Pts',(13.3532179855351,57.287705556932,5.50357700018533));
#4101=CARTESIAN_POINT('Ctrl Pts',(13.3625702153947,57.3006430903057,5.56196951331346));
#4102=CARTESIAN_POINT('Ctrl Pts',(13.3705886568863,57.3117355095428,5.61203425264289));
#4103=CARTESIAN_POINT('Ctrl Pts',(13.3766231174794,57.3199804032571,5.6634920797423));
#4104=CARTESIAN_POINT('Ctrl Pts',(13.3803925378201,57.3251200155935,5.71563477018545));
#4105=CARTESIAN_POINT('Ctrl Pts',(13.3834012643764,57.3292224204006,5.75725472319546));
#4106=CARTESIAN_POINT('Ctrl Pts',(13.3849672714786,57.331346204302,5.79931101137652));
#4107=CARTESIAN_POINT('Ctrl Pts',(13.3849672714786,57.331346204302,5.8414434748346));
#4108=CARTESIAN_POINT('Ctrl Pts',(-21.2310993023201,58.599575789008,3.8414434748346));
#4109=CARTESIAN_POINT('Ctrl Pts',(-21.1815311397571,58.5406439961196,3.8414434748346));
#4110=CARTESIAN_POINT('Ctrl Pts',(-21.1251270039549,58.4874650057406,3.8414434748346));
#4111=CARTESIAN_POINT('Ctrl Pts',(-21.0633820543904,58.4414484852703,3.8414434748346));
#4112=CARTESIAN_POINT('Ctrl Pts',(-21.4600723601133,58.4069840962228,3.8414434748346));
#4113=CARTESIAN_POINT('Ctrl Pts',(-21.3956091795276,58.3303435549808,3.8414434748346));
#4114=CARTESIAN_POINT('Ctrl Pts',(-21.3224732682549,58.2613894992786,3.8414434748346));
#4115=CARTESIAN_POINT('Ctrl Pts',(-21.2421742289477,58.2015452138418,3.8414434748346));
#4116=CARTESIAN_POINT('Ctrl Pts',(-21.8563885420625,58.0736383083147,4.09268426645478));
#4117=CARTESIAN_POINT('Ctrl Pts',(-21.7663401052983,57.9665793504894,4.09268426645478));
#4118=CARTESIAN_POINT('Ctrl Pts',(-21.6638047348748,57.8699068742656,4.09268426645478));
#4119=CARTESIAN_POINT('Ctrl Pts',(-21.5516352313289,57.7863105592234,4.09268426645478));
#4120=CARTESIAN_POINT('Ctrl Pts',(-21.9963853759559,57.9558854709985,4.61704399957819));
#4121=CARTESIAN_POINT('Ctrl Pts',(-21.8972087645767,57.8379739887293,4.61704399957819));
#4122=CARTESIAN_POINT('Ctrl Pts',(-21.7844909620958,57.7317013041392,4.61704399957819));
#4123=CARTESIAN_POINT('Ctrl Pts',(-21.6609508800964,57.6396308635231,4.61704399957819));
#4124=CARTESIAN_POINT('Ctrl Pts',(-21.9963853759559,57.9558854709985,4.84144347483459));
#4125=CARTESIAN_POINT('Ctrl Pts',(-21.8972490508298,57.8380218852217,4.84144347483459));
#4126=CARTESIAN_POINT('Ctrl Pts',(-21.7844407792256,57.7316639044638,4.84144347483459));
#4127=CARTESIAN_POINT('Ctrl Pts',(-21.6609508800964,57.6396308635231,4.84144347483459));
#4128=CARTESIAN_POINT('',(-21.6609508801603,57.6396308635708,4.84144347483459));
#4129=CARTESIAN_POINT('',(-21.0633820543904,58.4414484852703,3.8414434748346));
#4130=CARTESIAN_POINT('Origin',(-21.0633820543904,58.4414484852703,4.84144347483459));
#4131=CARTESIAN_POINT('',(-21.2310993023201,58.599575789008,3.8414434748346));
#4132=CARTESIAN_POINT('Origin',(-20.4650453948308,59.2440805076789,3.8414434748346));
#4133=CARTESIAN_POINT('',(-21.996385375903,57.9558854709357,4.84144347483459));
#4134=CARTESIAN_POINT('Origin',(-21.2310993023201,58.599575789008,4.84144347483459));
#4135=CARTESIAN_POINT('Origin',(-20.464277560978,59.2448949083401,4.84144347483459));
#4136=CARTESIAN_POINT('Ctrl Pts',(-21.5640474502226,60.9147569369781,5.84144347483467));
#4137=CARTESIAN_POINT('Ctrl Pts',(-21.565696056687,60.9136737386712,5.83846299108621));
#4138=CARTESIAN_POINT('Ctrl Pts',(-21.5673404734383,60.9125844940024,5.83548297815724));
#4139=CARTESIAN_POINT('Ctrl Pts',(-21.6666161675465,60.8462289948679,5.65507181429359));
#4140=CARTESIAN_POINT('Ctrl Pts',(-21.8330834416914,60.669590862188,5.2988744955289));
#4141=CARTESIAN_POINT('Ctrl Pts',(-21.9655003392057,60.2853610012816,4.78634658082883));
#4142=CARTESIAN_POINT('Ctrl Pts',(-21.9438729975587,59.7917237303789,4.32028757308191));
#4143=CARTESIAN_POINT('Ctrl Pts',(-21.7236657901836,59.2094432842041,3.95105595038721));
#4144=CARTESIAN_POINT('Ctrl Pts',(-21.4122116807824,58.7915919917014,3.8414434748346));
#4145=CARTESIAN_POINT('Ctrl Pts',(-21.2310993023201,58.599575789008,3.8414434748346));
#4146=CARTESIAN_POINT('Ctrl Pts',(-21.5640474502226,60.9147569369781,5.84144347483467));
#4147=CARTESIAN_POINT('Ctrl Pts',(-21.5659113365362,60.9135322914712,5.83874590588697));
#4148=CARTESIAN_POINT('Ctrl Pts',(-21.567765244807,60.912305791337,5.83605171835659));
#4149=CARTESIAN_POINT('Ctrl Pts',(-21.680125300654,60.8375078278393,5.6727851362167));
#4150=CARTESIAN_POINT('Ctrl Pts',(-21.8761471457016,60.6506865325104,5.35062583025462));
#4151=CARTESIAN_POINT('Ctrl Pts',(-22.07142120499,60.2612977156647,4.87310230378418));
#4152=CARTESIAN_POINT('Ctrl Pts',(-22.1281780050022,59.7566085751132,4.4111949484431));
#4153=CARTESIAN_POINT('Ctrl Pts',(-21.9823475023511,59.126645760904,3.99777216432115));
#4154=CARTESIAN_POINT('Ctrl Pts',(-21.6664282736797,58.6324787331656,3.84547232693412));
#4155=CARTESIAN_POINT('Ctrl Pts',(-21.4600723601133,58.4069840962227,3.8414434748346));
#4156=CARTESIAN_POINT('Ctrl Pts',(-21.5640474502226,60.9147569369781,5.84144347483467));
#4157=CARTESIAN_POINT('Ctrl Pts',(-21.5662850984435,60.9132867154203,5.83924074976517));
#4158=CARTESIAN_POINT('Ctrl Pts',(-21.5685116992513,60.9118151765824,5.83704738294405));
#4159=CARTESIAN_POINT('Ctrl Pts',(-21.7035366206023,60.8222448456381,5.70374242462258));
#4160=CARTESIAN_POINT('Ctrl Pts',(-21.9465632409635,60.6101380703537,5.44118889145416));
#4161=CARTESIAN_POINT('Ctrl Pts',(-22.2298216332465,60.1861832926849,5.04516513625275));
#4162=CARTESIAN_POINT('Ctrl Pts',(-22.3950690143094,59.635457054168,4.64832197165792));
#4163=CARTESIAN_POINT('Ctrl Pts',(-22.3698899513481,58.9213489405244,4.26263603743241));
#4164=CARTESIAN_POINT('Ctrl Pts',(-22.0805671677684,58.3328659054719,4.09920856499927));
#4165=CARTESIAN_POINT('Ctrl Pts',(-21.8563869485416,58.0736396486421,4.09268600187141));
#4166=CARTESIAN_POINT('Ctrl Pts',(-21.5640474502226,60.9147569369781,5.84144347483467));
#4167=CARTESIAN_POINT('Ctrl Pts',(-21.5666572077625,60.9130422251838,5.83973885537539));
#4168=CARTESIAN_POINT('Ctrl Pts',(-21.5692599200604,60.9113231283438,5.83803921730993));
#4169=CARTESIAN_POINT('Ctrl Pts',(-21.7267191467375,60.8067838819478,5.73486849959933));
#4170=CARTESIAN_POINT('Ctrl Pts',(-22.0091046573937,60.5569419192591,5.53146241346078));
#4171=CARTESIAN_POINT('Ctrl Pts',(-22.3244611376829,60.0619289145989,5.2332288656987));
#4172=CARTESIAN_POINT('Ctrl Pts',(-22.4933517587145,59.4448418746182,4.95105543954681));
#4173=CARTESIAN_POINT('Ctrl Pts',(-22.4498446515605,58.7109125487202,4.70635299474732));
#4174=CARTESIAN_POINT('Ctrl Pts',(-22.1875159672646,58.1822681175396,4.61890646892042));
#4175=CARTESIAN_POINT('Ctrl Pts',(-21.9963853759559,57.9558854709985,4.61704399957819));
#4176=CARTESIAN_POINT('Ctrl Pts',(-21.5640474502226,60.9147569369781,5.84144347483467));
#4177=CARTESIAN_POINT('Ctrl Pts',(-21.5668164465049,60.9129375991619,5.83995323296061));
#4178=CARTESIAN_POINT('Ctrl Pts',(-21.5695806869458,60.9111118304035,5.8384632264959));
#4179=CARTESIAN_POINT('Ctrl Pts',(-21.7366307035786,60.8001337146772,5.74825764455992));
#4180=CARTESIAN_POINT('Ctrl Pts',(-22.0342701398337,60.5317084566356,5.57015898518096));
#4181=CARTESIAN_POINT('Ctrl Pts',(-22.3516863668972,60.0015100270838,5.3138950278297));
#4182=CARTESIAN_POINT('Ctrl Pts',(-22.4998229447653,59.3581491058566,5.08086552395777));
#4183=CARTESIAN_POINT('Ctrl Pts',(-22.4221716417446,58.6363861688789,4.89624971261053));
#4184=CARTESIAN_POINT('Ctrl Pts',(-22.1671224955264,58.1588755365692,4.84144347483459));
#4185=CARTESIAN_POINT('Ctrl Pts',(-21.9963853759559,57.9558854709985,4.84144347483459));
#4186=CARTESIAN_POINT('',(-21.5640474502225,60.9147569369782,5.84144347483463));
#4187=CARTESIAN_POINT('Ctrl Pts',(-21.2310993023201,58.599575789008,3.8414434748346));
#4188=CARTESIAN_POINT('Ctrl Pts',(-21.4122116807824,58.7915919917014,3.8414434748346));
#4189=CARTESIAN_POINT('Ctrl Pts',(-21.7236657901836,59.2094432842041,3.95105595038721));
#4190=CARTESIAN_POINT('Ctrl Pts',(-21.9438729975587,59.7917237303789,4.32028757308191));
#4191=CARTESIAN_POINT('Ctrl Pts',(-21.9655003392057,60.2853610012816,4.78634658082883));
#4192=CARTESIAN_POINT('Ctrl Pts',(-21.8330834416914,60.669590862188,5.2988744955289));
#4193=CARTESIAN_POINT('Ctrl Pts',(-21.6666161675465,60.8462289948679,5.65507181429359));
#4194=CARTESIAN_POINT('Ctrl Pts',(-21.5673404734383,60.9125844940024,5.83548297815724));
#4195=CARTESIAN_POINT('Ctrl Pts',(-21.565696056687,60.9136737386712,5.83846299108621));
#4196=CARTESIAN_POINT('Ctrl Pts',(-21.5640474502226,60.9147569369782,5.8414434748346));
#4197=CARTESIAN_POINT('Ctrl Pts',(-21.5640474502227,60.9147569369781,5.84144347483474));
#4198=CARTESIAN_POINT('Ctrl Pts',(-21.5668164465049,60.9129375991619,5.83995323296061));
#4199=CARTESIAN_POINT('Ctrl Pts',(-21.5695806869458,60.9111118304035,5.8384632264959));
#4200=CARTESIAN_POINT('Ctrl Pts',(-21.7366307035786,60.8001337146772,5.74825764455992));
#4201=CARTESIAN_POINT('Ctrl Pts',(-22.0342701398337,60.5317084566356,5.57015898518096));
#4202=CARTESIAN_POINT('Ctrl Pts',(-22.3516863668972,60.0015100270838,5.3138950278297));
#4203=CARTESIAN_POINT('Ctrl Pts',(-22.4998229447653,59.3581491058566,5.08086552395777));
#4204=CARTESIAN_POINT('Ctrl Pts',(-22.4221716417446,58.6363861688789,4.89624971261053));
#4205=CARTESIAN_POINT('Ctrl Pts',(-22.1671224955264,58.1588755365692,4.84144347483459));
#4206=CARTESIAN_POINT('Ctrl Pts',(-21.9963853759559,57.9558854709985,4.84144347483459));
#4207=CARTESIAN_POINT('Origin',(-6.56076599813877,59.0405049225444,5.8414434748346));
#4208=CARTESIAN_POINT('',(-15.47245273306,62.0409776002582,5.8414434748346));
#4209=CARTESIAN_POINT('',(-15.6910168265905,60.0529550956586,3.84144347483459));
#4210=CARTESIAN_POINT('Ctrl Pts',(-15.4724527330055,62.0409776007583,5.8414434748346));
#4211=CARTESIAN_POINT('Ctrl Pts',(-15.4724084865845,62.0409726942886,5.76687378886521));
#4212=CARTESIAN_POINT('Ctrl Pts',(-15.4728243642821,62.0368184000369,5.6923042973273));
#4213=CARTESIAN_POINT('Ctrl Pts',(-15.4745705929815,62.0202631275386,5.54409937991383));
#4214=CARTESIAN_POINT('Ctrl Pts',(-15.4759009088967,62.0078624657033,5.47046430955602));
#4215=CARTESIAN_POINT('Ctrl Pts',(-15.4794587538435,61.9749701089912,5.32504821546326));
#4216=CARTESIAN_POINT('Ctrl Pts',(-15.4816862458348,61.9544787481437,5.25326751397011));
#4217=CARTESIAN_POINT('Ctrl Pts',(-15.4870099824731,61.9056616481428,5.11245684257367));
#4218=CARTESIAN_POINT('Ctrl Pts',(-15.4901061884778,61.8773362574643,5.04342716206924));
#4219=CARTESIAN_POINT('Ctrl Pts',(-15.4971280497728,61.8132055336201,4.90898074165619));
#4220=CARTESIAN_POINT('Ctrl Pts',(-15.5010536651366,61.7774005605108,4.84356425900457));
#4221=CARTESIAN_POINT('Ctrl Pts',(-15.5096846912005,61.6987584488905,4.71716121969374));
#4222=CARTESIAN_POINT('Ctrl Pts',(-15.5143900609713,61.6559216794779,4.65617488905632));
#4223=CARTESIAN_POINT('Ctrl Pts',(-15.5245496790841,61.5634925113447,4.53906560064651));
#4224=CARTESIAN_POINT('Ctrl Pts',(-15.5300079497632,61.5138638392879,4.48297212396788));
#4225=CARTESIAN_POINT('Ctrl Pts',(-15.5415521791657,61.408948223774,4.37703077255926));
#4226=CARTESIAN_POINT('Ctrl Pts',(-15.5476345370815,61.353693752309,4.32715090434892));
#4227=CARTESIAN_POINT('Ctrl Pts',(-15.5603742282358,61.2379997221321,4.23391045806294));
#4228=CARTESIAN_POINT('Ctrl Pts',(-15.5670314912164,61.1775607970045,4.19054970610413));
#4229=CARTESIAN_POINT('Ctrl Pts',(-15.580837207525,61.0522534263584,4.11088774205388));
#4230=CARTESIAN_POINT('Ctrl Pts',(-15.5879855980013,60.9873855476359,4.07458635512485));
#4231=CARTESIAN_POINT('Ctrl Pts',(-15.60275539354,60.8533802340128,4.00917774582429));
#4232=CARTESIAN_POINT('Ctrl Pts',(-15.6103806826064,60.7842077732625,3.98014407176517));
#4233=CARTESIAN_POINT('Ctrl Pts',(-15.6258686216015,60.6437262375995,3.93034292314164));
#4234=CARTESIAN_POINT('Ctrl Pts',(-15.6337282598401,60.5724443220328,3.90949909803053));
#4235=CARTESIAN_POINT('Ctrl Pts',(-15.6497699443748,60.4269671728802,3.87570291714105));
#4236=CARTESIAN_POINT('Ctrl Pts',(-15.6579549709539,60.3527450631764,3.86286945760974));
#4237=CARTESIAN_POINT('Ctrl Pts',(-15.67443229468,60.2033334804728,3.84573971280862));
#4238=CARTESIAN_POINT('Ctrl Pts',(-15.6827245460847,60.1281444199757,3.84144347483459));
#4239=CARTESIAN_POINT('Ctrl Pts',(-15.6910168205086,60.0529551518923,3.84144347483459));
#4240=CARTESIAN_POINT('',(-6.56076599813877,59.0405049225444,3.84144347483459));
#4241=CARTESIAN_POINT('',(-6.34033782566169,61.0283206636981,5.8414434748346));
#4242=CARTESIAN_POINT('Ctrl Pts',(-22.6844217885994,59.9735676928625,5.84145211469618));
#4243=CARTESIAN_POINT('Ctrl Pts',(-22.4046990337358,60.2694329363497,5.84145211469618));
#4244=CARTESIAN_POINT('Ctrl Pts',(-21.4363956555635,61.1182453847178,5.84145211469618));
#4245=CARTESIAN_POINT('Ctrl Pts',(-19.5567109055234,61.9083453254602,5.84145211469618));
#4246=CARTESIAN_POINT('Ctrl Pts',(-17.7993612244521,62.1233012833211,5.84145211469618));
#4247=CARTESIAN_POINT('Ctrl Pts',(-16.6190308037951,62.1267749332813,5.84145211469618));
#4248=CARTESIAN_POINT('Ctrl Pts',(-16.0374233591256,62.0926167535938,5.84145211469618));
#4249=CARTESIAN_POINT('Ctrl Pts',(-15.7141762628418,62.0660105392326,5.84145211469618));
#4250=CARTESIAN_POINT('Ctrl Pts',(-15.5424819653864,62.0486101889274,5.84145211469618));
#4251=CARTESIAN_POINT('Ctrl Pts',(-15.4722390429493,62.0409543103473,5.84145211469618));
#4252=CARTESIAN_POINT('Ctrl Pts',(-22.6844237969477,59.9735695916352,5.24305057098394));
#4253=CARTESIAN_POINT('Ctrl Pts',(-22.4047009173204,60.2694349630373,5.24305057098394));
#4254=CARTESIAN_POINT('Ctrl Pts',(-21.4363971037491,61.1182477923264,5.24305057098394));
#4255=CARTESIAN_POINT('Ctrl Pts',(-19.5567115667507,61.9083480457431,5.24305057098394));
#4256=CARTESIAN_POINT('Ctrl Pts',(-17.7993614008582,62.1233040449302,5.24305057098394));
#4257=CARTESIAN_POINT('Ctrl Pts',(-16.6190307209101,62.1267776961261,5.24305057098394));
#4258=CARTESIAN_POINT('Ctrl Pts',(-16.0374231465731,62.0926195096434,5.24305057098394));
#4259=CARTESIAN_POINT('Ctrl Pts',(-15.7141760027896,62.0660132901515,5.24305057098394));
#4260=CARTESIAN_POINT('Ctrl Pts',(-15.5424816454428,62.0486129347275,5.24305057098394));
#4261=CARTESIAN_POINT('Ctrl Pts',(-15.472238743488,62.0409570579139,5.24305057098394));
#4262=CARTESIAN_POINT('Ctrl Pts',(-22.3192910711626,59.628358532285,4.20731381743719));
#4263=CARTESIAN_POINT('Ctrl Pts',(-22.0622511720635,59.9009680042419,4.20731381743719));
#4264=CARTESIAN_POINT('Ctrl Pts',(-21.173106148417,60.6805265608947,4.20731381743719));
#4265=CARTESIAN_POINT('Ctrl Pts',(-19.4364955039385,61.4137803124202,4.2073138174372));
#4266=CARTESIAN_POINT('Ctrl Pts',(-17.7672894651197,61.6212228880082,4.20731381743719));
#4267=CARTESIAN_POINT('Ctrl Pts',(-16.6340998261078,61.6244718735794,4.20731381743719));
#4268=CARTESIAN_POINT('Ctrl Pts',(-16.076066794989,61.5915491017111,4.2073138174372));
#4269=CARTESIAN_POINT('Ctrl Pts',(-15.7614554345873,61.5658757003055,4.2073138174372));
#4270=CARTESIAN_POINT('Ctrl Pts',(-15.6006497953314,61.5494059632307,4.2073138174372));
#4271=CARTESIAN_POINT('Ctrl Pts',(-15.5266830429412,61.5414289288301,4.2073138174372));
#4272=CARTESIAN_POINT('Ctrl Pts',(-21.5572345979275,58.9078793089289,3.84144146243053));
#4273=CARTESIAN_POINT('Ctrl Pts',(-21.3435539254871,59.1343883540886,3.84144146243054));
#4274=CARTESIAN_POINT('Ctrl Pts',(-20.6241939731396,59.7659619430516,3.84144146243053));
#4275=CARTESIAN_POINT('Ctrl Pts',(-19.1831491610969,60.3820976426064,3.84144146243053));
#4276=CARTESIAN_POINT('Ctrl Pts',(-17.6961022079218,60.5734799198751,3.84144146243053));
#4277=CARTESIAN_POINT('Ctrl Pts',(-16.6632379100598,60.5753270603928,3.84144146243053));
#4278=CARTESIAN_POINT('Ctrl Pts',(-16.1507506670051,60.5455941799474,3.84144146243053));
#4279=CARTESIAN_POINT('Ctrl Pts',(-15.8585734044516,60.5215579593333,3.84144146243053));
#4280=CARTESIAN_POINT('Ctrl Pts',(-15.7130702200535,60.5067525166905,3.84144146243053));
#4281=CARTESIAN_POINT('Ctrl Pts',(-15.6403120030181,60.4988797105087,3.84144146243053));
#4282=CARTESIAN_POINT('Ctrl Pts',(-21.2311120962505,58.5995496807795,3.84144347485397));
#4283=CARTESIAN_POINT('Ctrl Pts',(-21.0351011083451,58.8068720744534,3.84144347485397));
#4284=CARTESIAN_POINT('Ctrl Pts',(-20.3894187924643,59.3743485317894,3.84144347485397));
#4285=CARTESIAN_POINT('Ctrl Pts',(-19.0741849122051,59.9407026745626,3.84144347485397));
#4286=CARTESIAN_POINT('Ctrl Pts',(-17.6646917395344,60.1251275484204,3.84144347485397));
#4287=CARTESIAN_POINT('Ctrl Pts',(-16.6751931173498,60.1261671868451,3.84144347485397));
#4288=CARTESIAN_POINT('Ctrl Pts',(-16.1813837917177,60.0979354804277,3.84144347485397));
#4289=CARTESIAN_POINT('Ctrl Pts',(-15.8997885798824,60.0745309901055,3.84144347485397));
#4290=CARTESIAN_POINT('Ctrl Pts',(-15.7591824680565,60.060375935324,3.84144347485397));
#4291=CARTESIAN_POINT('Ctrl Pts',(-15.6889395940422,60.0527200609201,3.84144347485397));
#4292=CARTESIAN_POINT('Ctrl Pts',(-21.2310993023203,58.5995757890079,3.8414434748346));
#4293=CARTESIAN_POINT('Ctrl Pts',(-21.0350930848198,58.8068906499071,3.8414434748346));
#4294=CARTESIAN_POINT('Ctrl Pts',(-20.3894147803281,59.3743597445973,3.8414434748346));
#4295=CARTESIAN_POINT('Ctrl Pts',(-19.0741870098703,59.9407111718347,3.8414434748346));
#4296=CARTESIAN_POINT('Ctrl Pts',(-17.6646923442156,60.1251361796291,3.84144347483459));
#4297=CARTESIAN_POINT('Ctrl Pts',(-16.6751928872007,60.126175833599,3.84144347483459));
#4298=CARTESIAN_POINT('Ctrl Pts',(-16.1813832020008,60.0979440982825,3.84144347483459));
#4299=CARTESIAN_POINT('Ctrl Pts',(-15.9004820453503,60.0745972983864,3.84144347483459));
#4300=CARTESIAN_POINT('Ctrl Pts',(-15.7605682142564,60.0605240631984,3.84144347483459));
#4301=CARTESIAN_POINT('Ctrl Pts',(-15.6910168388683,60.0529549832038,3.84144347483459));
#4302=CARTESIAN_POINT('Ctrl Pts',(-15.4724527330055,62.0409776007583,5.8414434748346));
#4303=CARTESIAN_POINT('Ctrl Pts',(-15.6250508813957,62.057609495547,5.8414434748346));
#4304=CARTESIAN_POINT('Ctrl Pts',(-15.9288203146324,62.0866930725248,5.8414434748346));
#4305=CARTESIAN_POINT('Ctrl Pts',(-16.3801938892685,62.1177778873006,5.8414434748346));
#4306=CARTESIAN_POINT('Ctrl Pts',(-16.9734018270541,62.1339601573819,5.8414434748346));
#4307=CARTESIAN_POINT('Ctrl Pts',(-17.6998942318637,62.1107048797156,5.8414434748346));
#4308=CARTESIAN_POINT('Ctrl Pts',(-18.4100847935283,62.0417485115257,5.8414434748346));
#4309=CARTESIAN_POINT('Ctrl Pts',(-19.1019184542935,61.9242035292454,5.8414434748346));
#4310=CARTESIAN_POINT('Ctrl Pts',(-19.7724731700282,61.754772520097,5.8414434748346));
#4311=CARTESIAN_POINT('Ctrl Pts',(-20.4082660084884,61.5334871445443,5.8414434748346));
#4312=CARTESIAN_POINT('Ctrl Pts',(-20.8921796804897,61.3121268971374,5.84144347483459));
#4313=CARTESIAN_POINT('Ctrl Pts',(-21.2383105742057,61.1209608935812,5.8414434748346));
#4314=CARTESIAN_POINT('Ctrl Pts',(-21.459382235864,60.9835260370849,5.84144347483459));
#4315=CARTESIAN_POINT('Ctrl Pts',(-21.5640474502225,60.9147569369781,5.84144347483459));
#4316=CARTESIAN_POINT('Origin',(12.5796297687991,57.924162792108,14.8414434748346));
#4317=CARTESIAN_POINT('',(13.3849672714785,57.331346204302,24.8414434748346));
#4318=CARTESIAN_POINT('',(13.3849672714785,57.331346204302,14.8414434748346));
#4319=CARTESIAN_POINT('',(12.6898438550376,58.9180706626849,24.8414434748346));
#4320=CARTESIAN_POINT('Origin',(12.5796297687991,57.924162792108,24.8414434748346));
#4321=CARTESIAN_POINT('',(12.6898438550376,58.9180706626849,14.8414434748346));
#4322=CARTESIAN_POINT('Origin',(16.9284522832681,54.7229532179552,14.8414434748346));
#4323=CARTESIAN_POINT('',(17.9764259175852,50.4495761854695,4.8414434748346));
#4324=CARTESIAN_POINT('Origin',(16.9284522832681,54.7229532179552,4.8414434748346));
#4325=CARTESIAN_POINT('',(18.7465519364589,50.7161448058812,5.84144347483461));
#4326=CARTESIAN_POINT('Ctrl Pts',(18.7465519364589,50.7161448058812,5.84144347483461));
#4327=CARTESIAN_POINT('Ctrl Pts',(18.7465519364589,50.7161448058812,5.61685410244631));
#4328=CARTESIAN_POINT('Ctrl Pts',(18.6495717812271,50.6698731885202,5.24414730823313));
#4329=CARTESIAN_POINT('Ctrl Pts',(18.3289883090189,50.546932825806,4.90942951940115));
#4330=CARTESIAN_POINT('Ctrl Pts',(18.0949141973018,50.4786334374215,4.8414434748346));
#4331=CARTESIAN_POINT('Ctrl Pts',(17.9764259175852,50.4495761854695,4.8414434748346));
#4332=CARTESIAN_POINT('',(18.7465519364589,50.7161448058812,24.8414434748346));
#4333=CARTESIAN_POINT('',(18.7465519364589,50.7161448058812,14.8414434748346));
#4334=CARTESIAN_POINT('Origin',(16.9284522832681,54.7229532179552,24.8414434748346));
#4335=CARTESIAN_POINT('Origin',(16.9284522832681,54.7229532179552,4.8414434748346));
#4336=CARTESIAN_POINT('',(18.2146017435664,49.4783541326319,3.8414434748346));
#4337=CARTESIAN_POINT('Origin',(16.9284522832681,54.7229532179552,3.8414434748346));
#4338=CARTESIAN_POINT('Origin',(18.2146017435664,49.4783541326319,4.8414434748346));
#4339=CARTESIAN_POINT('Origin',(-3.58611417936183,2.5000000000015,3.84144347483459));
#4340=CARTESIAN_POINT('',(-25.9993679423467,48.9892385215229,3.8414434748346));
#4341=CARTESIAN_POINT('Origin',(-24.2902537132028,54.1116333278355,3.8414434748346));
#4342=CARTESIAN_POINT('',(-28.2618937454187,44.0996158635885,3.8414434748346));
#4343=CARTESIAN_POINT('',(-33.9992901744388,31.7003302780724,3.8414434748346));
#4344=CARTESIAN_POINT('',(-30.0703595194914,35.0258955047957,3.8414434748349));
#4345=CARTESIAN_POINT('Ctrl Pts',(-30.0703589606837,35.0258964776318,3.8414434748346));
#4346=CARTESIAN_POINT('Ctrl Pts',(-30.0705823457114,35.0345227040065,3.8414434748346));
#4347=CARTESIAN_POINT('Ctrl Pts',(-30.0708056720181,35.0431489093033,3.8414434748346));
#4348=CARTESIAN_POINT('Ctrl Pts',(-30.0750345168322,35.2063749624859,3.84144347483459));
#4349=CARTESIAN_POINT('Ctrl Pts',(-30.0809317382143,35.5155926168682,3.8414434748346));
#4350=CARTESIAN_POINT('Ctrl Pts',(-30.0839951039848,36.134088654879,3.84144347483459));
#4351=CARTESIAN_POINT('Ctrl Pts',(-30.064975159431,37.2162733196333,3.8414434748346));
#4352=CARTESIAN_POINT('Ctrl Pts',(-29.9811942388723,38.4514528867785,3.84144347483459));
#4353=CARTESIAN_POINT('Ctrl Pts',(-29.8092974094209,39.6771735213667,3.8414434748346));
#4354=CARTESIAN_POINT('Ctrl Pts',(-29.5671708458173,40.8910200927846,3.8414434748346));
#4355=CARTESIAN_POINT('Ctrl Pts',(-29.1119246536299,42.3730697261217,3.8414434748346));
#4356=CARTESIAN_POINT('Ctrl Pts',(-28.5903139164016,43.4982355069918,3.8414434748346));
#4357=CARTESIAN_POINT('Ctrl Pts',(-28.2832044942329,44.0606144227869,3.8414434748346));
#4358=CARTESIAN_POINT('Ctrl Pts',(-28.2725476066771,44.0801150542473,3.8414434748346));
#4359=CARTESIAN_POINT('Ctrl Pts',(-28.2618937454187,44.0996158635885,3.8414434748346));
#4360=CARTESIAN_POINT('',(-30.0703588483691,-30.0258921404969,3.8414434748346));
#4361=CARTESIAN_POINT('',(-30.0703588483691,-13.7500002235167,3.8414434748346));
#4362=CARTESIAN_POINT('',(-28.8771067235413,-37.8399993045788,3.8414434748346));
#4363=CARTESIAN_POINT('Ctrl Pts',(-28.8771189511723,-37.8399707234384,3.8414434748346));
#4364=CARTESIAN_POINT('Ctrl Pts',(-28.9453197183294,-37.6805562173904,3.8414434748346));
#4365=CARTESIAN_POINT('Ctrl Pts',(-29.2432277523786,-36.9464016876071,3.8414434748346));
#4366=CARTESIAN_POINT('Ctrl Pts',(-29.5670033148837,-35.8910364175916,3.8414434748346));
#4367=CARTESIAN_POINT('Ctrl Pts',(-29.8091872629478,-34.6771624710909,3.8414434748346));
#4368=CARTESIAN_POINT('Ctrl Pts',(-29.9383497313041,-33.7579754619657,3.8414434748346));
#4369=CARTESIAN_POINT('Ctrl Pts',(-30.0228739145734,-32.833784969015,3.8414434748346));
#4370=CARTESIAN_POINT('Ctrl Pts',(-30.070490287207,-31.9071109268199,3.8414434748346));
#4371=CARTESIAN_POINT('Ctrl Pts',(-30.0866485089709,-30.9794664443755,3.8414434748346));
#4372=CARTESIAN_POINT('Ctrl Pts',(-30.079036900783,-30.3609735236307,3.8414434748346));
#4373=CARTESIAN_POINT('Ctrl Pts',(-30.0708056794781,-30.0431474837652,3.8414434748346));
#4374=CARTESIAN_POINT('Ctrl Pts',(-30.0705822708501,-30.03451981259,3.8414434748346));
#4375=CARTESIAN_POINT('Ctrl Pts',(-30.0703588483691,-30.0258921404969,3.8414434748346));
#4376=CARTESIAN_POINT('',(-21.0490003526809,-39.,3.84144347483459));
#4377=CARTESIAN_POINT('Origin',(-25.0490003526809,-39.,3.8414434748346));
#4378=CARTESIAN_POINT('',(-23.6423620576968,-42.7445118115829,3.8414434748346));
#4379=CARTESIAN_POINT('Origin',(-25.0490003526809,-39.,3.8414434748346));
#4380=CARTESIAN_POINT('',(-20.4658132286917,-54.2432661070153,3.8414434748346));
#4381=CARTESIAN_POINT('Origin',(-24.2902537132028,-49.1116333278354,3.8414434748346));
#4382=CARTESIAN_POINT('',(-15.6910168266958,-55.0529550952545,3.84144347483459));
#4383=CARTESIAN_POINT('Ctrl Pts',(-15.6910168390634,-55.0529549819781,3.84144347483459));
#4384=CARTESIAN_POINT('Ctrl Pts',(-15.7487720463191,-55.0592402490392,3.84144347483459));
#4385=CARTESIAN_POINT('Ctrl Pts',(-15.8650491071094,-55.0710924296176,3.84144347483459));
#4386=CARTESIAN_POINT('Ctrl Pts',(-16.0986128966055,-55.0915291799295,3.84144347483459));
#4387=CARTESIAN_POINT('Ctrl Pts',(-16.5091212822712,-55.1186404553663,3.84144347483459));
#4388=CARTESIAN_POINT('Ctrl Pts',(-17.3331581719469,-55.13411273828,3.84144347483459));
#4389=CARTESIAN_POINT('Ctrl Pts',(-18.7420422061144,-55.0165506443153,3.8414434748346));
#4390=CARTESIAN_POINT('Ctrl Pts',(-19.875867461765,-54.6308833278071,3.8414434748346));
#4391=CARTESIAN_POINT('Ctrl Pts',(-20.4658132286904,-54.2432661070136,3.8414434748346));
#4392=CARTESIAN_POINT('',(12.0226730919756,-51.9797940466983,3.84144347483459));
#4393=CARTESIAN_POINT('',(7.15096031123304,-52.5200165244966,3.84144347483459));
#4394=CARTESIAN_POINT('',(18.214601743562,-44.4783541326308,3.84144347483459));
#4395=CARTESIAN_POINT('Origin',(16.9284522832681,-49.7229532179552,3.8414434748346));
#4396=CARTESIAN_POINT('',(19.1911965960724,-41.8180698413624,3.8414434748346));
#4397=CARTESIAN_POINT('',(26.2099959031098,-22.6985736734584,3.84144347483459));
#4398=CARTESIAN_POINT('',(20.4824277342872,-38.3007034487625,3.8414434748346));
#4399=CARTESIAN_POINT('Origin',(16.9509996473191,-39.,3.8414434748346));
#4400=CARTESIAN_POINT('',(21.5800125756135,-35.3108373084516,3.84144347483459));
#4401=CARTESIAN_POINT('',(26.2099959031098,-22.6985736734584,3.84144347483459));
#4402=CARTESIAN_POINT('',(22.9510007742796,-25.9708025706332,3.84144347483469));
#4403=CARTESIAN_POINT('Ctrl Pts',(22.9510011221307,-25.970802580848,3.8414434748346));
#4404=CARTESIAN_POINT('Ctrl Pts',(22.8979046841217,-27.7789239438537,3.8414434748346));
#4405=CARTESIAN_POINT('Ctrl Pts',(22.6880950515931,-30.9369968318278,3.8414434748346));
#4406=CARTESIAN_POINT('Ctrl Pts',(21.9816938021762,-34.0237797929209,3.8414434748346));
#4407=CARTESIAN_POINT('Ctrl Pts',(21.5800125176865,-35.310837290373,3.8414434748346));
#4408=CARTESIAN_POINT('',(22.9510007744455,30.9708025707402,3.84144347483469));
#4409=CARTESIAN_POINT('',(22.9510000794528,16.7500001937159,3.84144347483459));
#4410=CARTESIAN_POINT('',(21.5800125760251,40.3108373087611,3.8414434748346));
#4411=CARTESIAN_POINT('Ctrl Pts',(21.5800125185728,40.3108372908307,3.8414434748346));
#4412=CARTESIAN_POINT('Ctrl Pts',(21.981693853078,39.0237798230387,3.8414434748346));
#4413=CARTESIAN_POINT('Ctrl Pts',(22.6881002432966,35.9369999081442,3.8414434748346));
#4414=CARTESIAN_POINT('Ctrl Pts',(22.8979047155329,32.7789239624405,3.8414434748346));
#4415=CARTESIAN_POINT('Ctrl Pts',(22.9510011223798,30.9708025809574,3.8414434748346));
#4416=CARTESIAN_POINT('',(23.4484042373282,35.2212622361996,3.8414434748346));
#4417=CARTESIAN_POINT('',(-25.0490003526809,-27.,3.84144347483458));
#4418=CARTESIAN_POINT('',(16.9509996473191,-27.,3.8414434748346));
#4419=CARTESIAN_POINT('',(-27.0490003526809,-27.,3.8414434748346));
#4420=CARTESIAN_POINT('',(-27.0490003526809,-25.,3.8414434748346));
#4421=CARTESIAN_POINT('Origin',(-25.0490003526809,-25.,3.84144347483458));
#4422=CARTESIAN_POINT('',(-27.0490003526809,30.,3.8414434748346));
#4423=CARTESIAN_POINT('',(-27.0490003526809,32.,3.8414434748346));
#4424=CARTESIAN_POINT('',(-25.0490003526809,32.,3.84144347483458));
#4425=CARTESIAN_POINT('Origin',(-25.0490003526809,30.,3.84144347483458));
#4426=CARTESIAN_POINT('',(16.9509996473191,32.,3.8414434748346));
#4427=CARTESIAN_POINT('',(18.9509996473191,32.,3.8414434748346));
#4428=CARTESIAN_POINT('',(18.9509996473191,30.,3.8414434748346));
#4429=CARTESIAN_POINT('Origin',(16.9509996473191,30.,3.8414434748346));
#4430=CARTESIAN_POINT('',(18.9509996473191,-25.,3.84144347483459));
#4431=CARTESIAN_POINT('',(18.9509996473191,32.,3.8414434748346));
#4432=CARTESIAN_POINT('Origin',(16.9509996473191,-25.,3.8414434748346));
#4433=CARTESIAN_POINT('',(-19.7265190717583,47.9060019882753,3.8414434748346));
#4434=CARTESIAN_POINT('',(10.1568013244349,47.9060019882753,3.8414434748346));
#4435=CARTESIAN_POINT('Origin',(-4.78485887366169,30.0459419882577,3.84144347483459));
#4436=CARTESIAN_POINT('',(10.5151411263383,47.1390129465162,3.8414434748346));
#4437=CARTESIAN_POINT('Origin',(9.51514112633832,47.1390129465162,3.84144347483459));
#4438=CARTESIAN_POINT('',(10.5151411263383,47.1,3.8414434748346));
#4439=CARTESIAN_POINT('',(10.5151411263383,25.0500000000008,3.8414434748346));
#4440=CARTESIAN_POINT('',(11.0151411263383,47.6,3.8414434748346));
#4441=CARTESIAN_POINT('Origin',(11.0151411263383,47.1,3.8414434748346));
#4442=CARTESIAN_POINT('',(15.5151411263383,47.6,3.8414434748346));
#4443=CARTESIAN_POINT('',(6.46451347348822,47.6,3.8414434748346));
#4444=CARTESIAN_POINT('',(16.5151411263383,46.6,3.8414434748346));
#4445=CARTESIAN_POINT('Origin',(15.5151411263383,46.6,3.8414434748346));
#4446=CARTESIAN_POINT('',(16.5151411263383,43.9680725026564,3.8414434748346));
#4447=CARTESIAN_POINT('',(16.5151411263383,22.2500000000007,3.8414434748346));
#4448=CARTESIAN_POINT('',(17.4023128305344,42.9744580021251,3.8414434748346));
#4449=CARTESIAN_POINT('Ctrl Pts',(16.5151411263383,43.9680725026564,3.8414434748346));
#4450=CARTESIAN_POINT('Ctrl Pts',(16.5151411263383,43.7598257510998,3.8414434748346));
#4451=CARTESIAN_POINT('Ctrl Pts',(16.582252063412,43.5513230245394,3.8414434748346));
#4452=CARTESIAN_POINT('Ctrl Pts',(16.7041156959194,43.3830398548725,3.8414434748346));
#4453=CARTESIAN_POINT('Ctrl Pts',(16.8666005392625,43.1586622953167,3.8414434748346));
#4454=CARTESIAN_POINT('Ctrl Pts',(17.1264235078209,43.0057861702382,3.8414434748346));
#4455=CARTESIAN_POINT('Ctrl Pts',(17.4023128305344,42.9744580021251,3.8414434748346));
#4456=CARTESIAN_POINT('',(13.2849390913544,40.6,3.8414434748346));
#4457=CARTESIAN_POINT('Origin',(16.9509996473191,39.,3.8414434748346));
#4458=CARTESIAN_POINT('',(12.3684239523633,42.,3.8414434748346));
#4459=CARTESIAN_POINT('Ctrl Pts',(13.2849390913544,40.6,3.84144347483459));
#4460=CARTESIAN_POINT('Ctrl Pts',(13.3604557836539,40.7730304793476,3.84144347483459));
#4461=CARTESIAN_POINT('Ctrl Pts',(13.3853658689454,40.9674605480212,3.84144347483459));
#4462=CARTESIAN_POINT('Ctrl Pts',(13.3562388139877,41.1538938079114,3.84144347483459));
#4463=CARTESIAN_POINT('Ctrl Pts',(13.32711175903,41.3403270678017,3.84144347483459));
#4464=CARTESIAN_POINT('Ctrl Pts',(13.243947563823,41.5187635189085,3.84144347483459));
#4465=CARTESIAN_POINT('Ctrl Pts',(13.1192346910947,41.6599984782816,3.84144347483459));
#4466=CARTESIAN_POINT('Ctrl Pts',(12.9321653820022,41.8718509173413,3.84144347483459));
#4467=CARTESIAN_POINT('Ctrl Pts',(12.6516115484865,42.,3.84144347483459));
#4468=CARTESIAN_POINT('Ctrl Pts',(12.3684239523633,42.,3.84144347483459));
#4469=CARTESIAN_POINT('',(11.0151411263383,42.,3.8414434748346));
#4470=CARTESIAN_POINT('',(3.46451347348823,42.,3.8414434748346));
#4471=CARTESIAN_POINT('',(10.5151411263383,42.5,3.8414434748346));
#4472=CARTESIAN_POINT('Origin',(11.0151411263383,42.5,3.8414434748346));
#4473=CARTESIAN_POINT('',(10.5151411263383,43.5,3.8414434748346));
#4474=CARTESIAN_POINT('',(10.5151411263383,23.2500000000007,3.8414434748346));
#4475=CARTESIAN_POINT('',(11.0151411263383,44.,3.8414434748346));
#4476=CARTESIAN_POINT('Origin',(11.0151411263383,43.5,3.8414434748346));
#4477=CARTESIAN_POINT('',(-20.0848588736617,44.,3.84144347483461));
#4478=CARTESIAN_POINT('',(5.46451347348825,44.,3.8414434748346));
#4479=CARTESIAN_POINT('',(-20.0848588736617,43.9368517485864,3.8414434748346));
#4480=CARTESIAN_POINT('',(-20.0848588736617,22.2500000000007,3.8414434748346));
#4481=CARTESIAN_POINT('',(-18.9264297333522,42.9494813988691,3.8414434748346));
#4482=CARTESIAN_POINT('Ctrl Pts',(-20.0848588736617,43.9368517485864,3.84144347483459));
#4483=CARTESIAN_POINT('Ctrl Pts',(-20.0848588736617,43.6897237738596,3.84144347483459));
#4484=CARTESIAN_POINT('Ctrl Pts',(-19.9886630264834,43.4439082255358,3.84144347483459));
#4485=CARTESIAN_POINT('Ctrl Pts',(-19.822212375893,43.2616327624156,3.84144347483459));
#4486=CARTESIAN_POINT('Ctrl Pts',(-19.7112452754994,43.1401157870021,3.84144347483459));
#4487=CARTESIAN_POINT('Ctrl Pts',(-19.5690538180338,43.0468388494569,3.84144347483459));
#4488=CARTESIAN_POINT('Ctrl Pts',(-19.4135177383021,42.9926548736599,3.84144347483459));
#4489=CARTESIAN_POINT('Ctrl Pts',(-19.2579816585705,42.938470897863,3.84144347483459));
#4490=CARTESIAN_POINT('Ctrl Pts',(-19.0891009565728,42.9233798838142,3.84144347483459));
#4491=CARTESIAN_POINT('Ctrl Pts',(-18.9264297333522,42.9494813988691,3.84144347483459));
#4492=CARTESIAN_POINT('',(-20.5448088989696,35.6942376314868,3.8414434748346));
#4493=CARTESIAN_POINT('Origin',(-18.292713172114,39.0000000000001,3.8414434748346));
#4494=CARTESIAN_POINT('',(-22.7969046258252,35.6942376314868,3.8414434748346));
#4495=CARTESIAN_POINT('Origin',(-21.6708567623974,34.0413564472301,3.8414434748346));
#4496=CARTESIAN_POINT('',(-26.6776871694656,42.6534065271787,3.8414434748346));
#4497=CARTESIAN_POINT('Origin',(-25.0490003526809,39.,3.8414434748346));
#4498=CARTESIAN_POINT('',(-26.0848588736617,43.5667581589734,3.8414434748346));
#4499=CARTESIAN_POINT('Ctrl Pts',(-26.6776871694656,42.6534065271787,3.84144347483459));
#4500=CARTESIAN_POINT('Ctrl Pts',(-26.5024087467218,42.7315455610546,3.84144347483459));
#4501=CARTESIAN_POINT('Ctrl Pts',(-26.3504854387582,42.8615179579329,3.84144347483459));
#4502=CARTESIAN_POINT('Ctrl Pts',(-26.2460979704931,43.0223443981579,3.84144347483459));
#4503=CARTESIAN_POINT('Ctrl Pts',(-26.1417105022281,43.1831708383829,3.84144347483459));
#4504=CARTESIAN_POINT('Ctrl Pts',(-26.0848588736617,43.3748513219545,3.84144347483459));
#4505=CARTESIAN_POINT('Ctrl Pts',(-26.0848588736617,43.5667581589734,3.84144347483459));
#4506=CARTESIAN_POINT('',(-26.0848588736617,47.1,3.8414434748346));
#4507=CARTESIAN_POINT('',(-26.0848588736617,25.0500000000008,3.8414434748346));
#4508=CARTESIAN_POINT('',(-25.5848588736617,47.6,3.8414434748346));
#4509=CARTESIAN_POINT('Origin',(-25.5848588736617,47.1,3.8414434748346));
#4510=CARTESIAN_POINT('',(-20.5848588736617,47.6,3.8414434748346));
#4511=CARTESIAN_POINT('',(-11.8354865265118,47.6,3.84144347483459));
#4512=CARTESIAN_POINT('',(-20.0848588736617,47.1,3.8414434748346));
#4513=CARTESIAN_POINT('Origin',(-20.5848588736617,47.1,3.8414434748346));
#4514=CARTESIAN_POINT('',(-20.0848588736617,47.1390129465162,3.8414434748346));
#4515=CARTESIAN_POINT('',(-20.0848588736617,24.0500000000008,3.8414434748346));
#4516=CARTESIAN_POINT('Origin',(-19.0848588736617,47.1390129465162,3.8414434748346));
#4517=CARTESIAN_POINT('Origin',(-24.2902537132028,54.1116333278355,4.84144347483459));
#4518=CARTESIAN_POINT('',(-25.6828653073201,49.9378301523216,4.8414434748346));
#4519=CARTESIAN_POINT('Origin',(-24.2902537132028,54.1116333278355,4.84144347483459));
#4520=CARTESIAN_POINT('Origin',(-25.9993679423467,48.9892385215229,4.8414434748346));
#4521=CARTESIAN_POINT('Origin',(-20.4658286375052,59.2432684054774,-4.86393433441121));
#4522=CARTESIAN_POINT('',(-21.5640474502222,60.9147569369784,14.8414434748346));
#4523=CARTESIAN_POINT('',(-21.5640474502222,60.9147569369784,14.8414434748346));
#4524=CARTESIAN_POINT('',(-21.5640458221386,60.914754459036,24.8414434748346));
#4525=CARTESIAN_POINT('',(-21.5640474502222,60.9147569369784,14.8414434748346));
#4526=CARTESIAN_POINT('',(-21.660948206771,57.6396344507699,24.8414434748346));
#4527=CARTESIAN_POINT('Origin',(-20.4658286375052,59.2432684054774,24.8414434748346));
#4528=CARTESIAN_POINT('',(-21.6609508800963,57.6396308635232,14.8414434748346));
#4529=CARTESIAN_POINT('Origin',(-15.4724527330055,62.0409776007583,3.84144347483459));
#4530=CARTESIAN_POINT('',(-15.4724527330055,62.0409776007583,24.8414434748346));
#4531=CARTESIAN_POINT('',(-6.34033782566169,61.0283206636981,24.8414434748346));
#4532=CARTESIAN_POINT('',(-15.4724527330055,62.0409776007583,14.8414434748346));
#4533=CARTESIAN_POINT('',(-15.4724527330055,62.0409776007583,3.84144347483459));
#4534=CARTESIAN_POINT('',(-15.4724527330055,62.0409776007583,3.84144347483459));
#4535=CARTESIAN_POINT('Origin',(9.51514112633832,47.1390129465162,3.8414434748346));
#4536=CARTESIAN_POINT('',(10.5151411263383,47.1390129465162,2.24144426853931));
#4537=CARTESIAN_POINT('',(10.1568013244349,47.9060019882753,2.24144418506668));
#4538=CARTESIAN_POINT('Origin',(9.51514112633832,47.1390129465162,2.24144424132458));
#4539=CARTESIAN_POINT('',(10.5151411263383,47.1390129465162,3.8414434748346));
#4540=CARTESIAN_POINT('',(10.1568013244349,47.9060019882753,3.8414434748346));
#4541=CARTESIAN_POINT('Origin',(10.5151411263383,47.6,3.8414434748346));
#4542=CARTESIAN_POINT('',(10.5151411263383,46.0999998462133,2.24144436840589));
#4543=CARTESIAN_POINT('',(10.5151411263383,46.1999998462132,2.24144435879421));
#4544=CARTESIAN_POINT('',(10.5151411263383,46.1,3.8414434748346));
#4545=CARTESIAN_POINT('',(10.5151411263383,46.1,3.84144352289298));
#4546=CARTESIAN_POINT('',(10.5151411263383,25.0500000000008,3.8414434748346));
#4547=CARTESIAN_POINT('Origin',(11.0151411263383,46.1,3.84144352289298));
#4548=CARTESIAN_POINT('',(11.0151411263383,45.6,3.8414434748346));
#4549=CARTESIAN_POINT('Origin',(11.0151411263383,46.1,3.8414434748346));
#4550=CARTESIAN_POINT('',(11.0151411263383,45.5999998462132,2.24144395267085));
#4551=CARTESIAN_POINT('Origin',(11.0151411263383,46.0999998462133,2.24144438201326));
#4552=CARTESIAN_POINT('',(11.0151411263383,45.6,3.84144357095137));
#4553=CARTESIAN_POINT('Origin',(-24.0848588736617,45.6,3.84144347483461));
#4554=CARTESIAN_POINT('',(14.5151411698819,45.5999998462132,2.2414434753142));
#4555=CARTESIAN_POINT('',(-24.0848588301182,45.5999998462132,2.24144347483461));
#4556=CARTESIAN_POINT('',(14.5151411263383,45.6,3.8414434748346));
#4557=CARTESIAN_POINT('',(14.5151411263383,45.6,3.8414434748346));
#4558=CARTESIAN_POINT('',(3.46451347348823,45.6,3.8414434748346));
#4559=CARTESIAN_POINT('Origin',(-19.0848588736617,47.1390129465162,3.84144347483461));
#4560=CARTESIAN_POINT('',(-19.7265190717583,47.9060019882753,2.24144337180018));
#4561=CARTESIAN_POINT('',(-20.0848588736617,47.1390129465162,2.24144343576857));
#4562=CARTESIAN_POINT('Origin',(-19.0848588736617,47.1390129465162,2.24144346298329));
#4563=CARTESIAN_POINT('',(-19.7265190717583,47.9060019882753,3.84144347483461));
#4564=CARTESIAN_POINT('',(-20.0848588736617,47.1390129465162,3.84144347483461));
#4565=CARTESIAN_POINT('Origin',(-4.78485883011814,44.7999998462132,2.24144407697232));
#4566=CARTESIAN_POINT('Origin',(-4.78485887366169,30.0459419882577,2.24144549508471));
#4567=CARTESIAN_POINT('',(-20.0848588736617,46.0999998462132,2.24144353563514));
#4568=CARTESIAN_POINT('',(-20.0848588736617,45.1999998462132,2.24144362214024));
#4569=CARTESIAN_POINT('',(-20.5848588736617,45.5999998462132,2.24144352264958));
#4570=CARTESIAN_POINT('Origin',(-20.5848588736617,46.0999998462132,2.24144352202778));
#4571=CARTESIAN_POINT('',(-24.0848588301182,45.5999998462132,2.24144347483461));
#4572=CARTESIAN_POINT('',(-24.0848588301182,45.5999998462132,2.24144347483461));
#4573=CARTESIAN_POINT('',(-24.0848588301181,43.9999998462132,2.24144347546016));
#4574=CARTESIAN_POINT('',(-24.0848588301182,45.5999998462132,2.24144347483461));
#4575=CARTESIAN_POINT('',(14.5151411698819,43.9999998462132,2.24144347538441));
#4576=CARTESIAN_POINT('',(-24.0848588301182,43.9999998462132,2.24144347483461));
#4577=CARTESIAN_POINT('',(14.5151411698818,43.9999998462132,2.2414434748346));
#4578=CARTESIAN_POINT('Origin',(-20.0848588736617,45.6,3.84144347483461));
#4579=CARTESIAN_POINT('',(-20.0848588736617,46.1,3.8414434748346));
#4580=CARTESIAN_POINT('',(-20.0848588736617,24.0500000000008,3.8414434748346));
#4581=CARTESIAN_POINT('',(-20.0848588736617,46.1,3.84144342677621));
#4582=CARTESIAN_POINT('Origin',(-20.5848588736617,46.1,3.84144342677621));
#4583=CARTESIAN_POINT('',(-20.5848588736617,45.6,3.8414434748346));
#4584=CARTESIAN_POINT('Origin',(-20.5848588736617,46.1,3.8414434748346));
#4585=CARTESIAN_POINT('',(-20.5848588736617,45.6,3.84144347483461));
#4586=CARTESIAN_POINT('Origin',(-4.78485887366169,30.0459419882577,3.8414434748346));
#4587=CARTESIAN_POINT('Origin',(-24.0848588736617,45.6,3.84144347483461));
#4588=CARTESIAN_POINT('',(-24.0848588736617,45.6,3.84144347483461));
#4589=CARTESIAN_POINT('',(-13.8354865265118,45.6,3.84144347483459));
#4590=CARTESIAN_POINT('',(-24.0848588736617,45.6,3.84144347483461));
#4591=CARTESIAN_POINT('Origin',(-24.0848588736617,44.,3.84144347483461));
#4592=CARTESIAN_POINT('',(-24.0848588736617,44.,3.84144347483461));
#4593=CARTESIAN_POINT('',(-24.0848588736617,23.2500000000007,3.8414434748346));
#4594=CARTESIAN_POINT('',(-24.0848588736617,44.,3.84144347483461));
#4595=CARTESIAN_POINT('Origin',(14.5151411263383,44.,3.8414434748346));
#4596=CARTESIAN_POINT('',(-11.8354865265118,44.,3.84144347483459));
#4597=CARTESIAN_POINT('',(14.5151411263383,44.,3.8414434748346));
#4598=CARTESIAN_POINT('',(5.46451347348825,44.,3.8414434748346));
#4599=CARTESIAN_POINT('',(14.5151411263383,44.,3.8414434748346));
#4600=CARTESIAN_POINT('Origin',(14.5151411263383,45.6,3.8414434748346));
#4601=CARTESIAN_POINT('',(14.5151411263383,24.0500000000008,3.8414434748346));
#4602=CARTESIAN_POINT('Origin',(11.0151411263383,47.1,3.84144348223402));
#4603=CARTESIAN_POINT('',(10.5151412124338,47.0999996331571,8.1414434748346));
#4604=CARTESIAN_POINT('',(11.0151412124338,47.5999996331571,8.1414434748346));
#4605=CARTESIAN_POINT('Origin',(11.0151412124338,47.0999996331571,8.1414434748346));
#4606=CARTESIAN_POINT('',(11.0151411263383,47.6,3.84144352489016));
#4607=CARTESIAN_POINT('',(10.5151411263383,47.1,3.84144349224513));
#4608=CARTESIAN_POINT('Origin',(-3.58611417936181,2.5000000000015,8.1414434748346));
#4609=CARTESIAN_POINT('',(10.5151412124338,46.0999996331572,8.1414434748346));
#4610=CARTESIAN_POINT('',(10.5151412124338,45.5999996331572,8.1414434748346));
#4611=CARTESIAN_POINT('',(11.0151412124338,45.5999996331571,8.1414434748346));
#4612=CARTESIAN_POINT('Origin',(11.0151412124338,46.0999996331571,8.1414434748346));
#4613=CARTESIAN_POINT('',(14.5151412124338,45.5999996331571,8.1414434748346));
#4614=CARTESIAN_POINT('',(3.46451347348824,45.5999996331571,8.1414434748346));
#4615=CARTESIAN_POINT('',(14.5151412124338,43.9999996331571,8.1414434748346));
#4616=CARTESIAN_POINT('',(14.5151412124338,24.0500000000008,8.1414434748346));
#4617=CARTESIAN_POINT('',(11.0151412124338,43.9999996331571,8.1414434748346));
#4618=CARTESIAN_POINT('',(5.46451347348825,43.9999996331571,8.1414434748346));
#4619=CARTESIAN_POINT('',(10.5151412124338,43.4999996331572,8.1414434748346));
#4620=CARTESIAN_POINT('Origin',(11.0151412124338,43.4999996331571,8.1414434748346));
#4621=CARTESIAN_POINT('',(10.5151412124338,42.4999996331571,8.1414434748346));
#4622=CARTESIAN_POINT('',(10.5151412124338,41.9999996331572,8.1414434748346));
#4623=CARTESIAN_POINT('',(11.0151412124338,41.9999996331571,8.1414434748346));
#4624=CARTESIAN_POINT('Origin',(11.0151412124338,42.4999996331571,8.1414434748346));
#4625=CARTESIAN_POINT('',(12.3684237922599,41.9999996331571,8.1414434748346));
#4626=CARTESIAN_POINT('',(3.46451347348824,41.9999996331571,8.1414434748346));
#4627=CARTESIAN_POINT('',(13.2849389632718,40.5999997065257,8.1414434748346));
#4628=CARTESIAN_POINT('Ctrl Pts',(13.2849389632718,40.5999997065257,8.1414434748346));
#4629=CARTESIAN_POINT('Ctrl Pts',(13.3604556386703,40.7730301849311,8.1414434748346));
#4630=CARTESIAN_POINT('Ctrl Pts',(13.3853657095383,40.9674602468968,8.1414434748346));
#4631=CARTESIAN_POINT('Ctrl Pts',(13.3562386450976,41.1538934976089,8.1414434748346));
#4632=CARTESIAN_POINT('Ctrl Pts',(13.3271115806569,41.340326748321,8.1414434748346));
#4633=CARTESIAN_POINT('Ctrl Pts',(13.2439473809075,41.5187631877795,8.1414434748346));
#4634=CARTESIAN_POINT('Ctrl Pts',(13.1192345083641,41.659998137245,8.1414434748346));
#4635=CARTESIAN_POINT('Ctrl Pts',(12.9321651995489,41.8718505614432,8.1414434748346));
#4636=CARTESIAN_POINT('Ctrl Pts',(12.6516113769472,41.9999996331571,8.1414434748346));
#4637=CARTESIAN_POINT('Ctrl Pts',(12.3684237922599,41.9999996331571,8.1414434748346));
#4638=CARTESIAN_POINT('',(17.4023128994109,42.9744579943039,8.1414434748346));
#4639=CARTESIAN_POINT('Origin',(16.9509996473191,39.,8.1414434748346));
#4640=CARTESIAN_POINT('',(16.5151412124338,43.9680724928799,8.1414434748346));
#4641=CARTESIAN_POINT('Ctrl Pts',(16.5151412124339,43.9680724928799,8.1414434748346));
#4642=CARTESIAN_POINT('Ctrl Pts',(16.5151412124339,43.759825743799,8.1414434748346));
#4643=CARTESIAN_POINT('Ctrl Pts',(16.5822521478539,43.5513230197255,8.1414434748346));
#4644=CARTESIAN_POINT('Ctrl Pts',(16.7041157776645,43.3830398511281,8.1414434748346));
#4645=CARTESIAN_POINT('Ctrl Pts',(16.8666006174118,43.1586622929982,8.1414434748346));
#4646=CARTESIAN_POINT('Ctrl Pts',(17.1264235805201,43.0057861668257,8.1414434748346));
#4647=CARTESIAN_POINT('Ctrl Pts',(17.4023128994109,42.9744579943039,8.1414434748346));
#4648=CARTESIAN_POINT('',(16.5151412124338,46.5999996331571,8.1414434748346));
#4649=CARTESIAN_POINT('',(16.5151412124338,22.2500000000007,8.1414434748346));
#4650=CARTESIAN_POINT('',(15.5151412124338,47.5999996331571,8.1414434748346));
#4651=CARTESIAN_POINT('Origin',(15.5151412124338,46.5999996331572,8.1414434748346));
#4652=CARTESIAN_POINT('',(6.46451347348822,47.5999996331571,8.1414434748346));
#4653=CARTESIAN_POINT('',(18.3509996473191,39.,8.1414434748346));
#4654=CARTESIAN_POINT('Origin',(16.9509996473191,39.,8.1414434748346));
#4655=CARTESIAN_POINT('Origin',(10.5151411263383,47.6,3.8414434748346));
#4656=CARTESIAN_POINT('',(10.5151411263383,46.1,3.84144343217845));
#4657=CARTESIAN_POINT('Origin',(11.0151411263383,46.1,3.84144342216734));
#4658=CARTESIAN_POINT('',(11.0151411263383,45.6,3.84144337951119));
#4659=CARTESIAN_POINT('Origin',(11.0151411263383,43.5,3.84144330864967));
#4660=CARTESIAN_POINT('',(11.0151411263383,44.,3.84144335130581));
#4661=CARTESIAN_POINT('',(10.5151411263383,43.5,3.84144331866078));
#4662=CARTESIAN_POINT('Origin',(14.5151411263383,44.,3.8414434748346));
#4663=CARTESIAN_POINT('',(14.5151411263383,44.,3.8414434748346));
#4664=CARTESIAN_POINT('Origin',(11.0151411263383,42.5,3.84144326860522));
#4665=CARTESIAN_POINT('',(10.5151411263383,42.5,3.84144327861633));
#4666=CARTESIAN_POINT('',(11.0151411263383,42.,3.84144322594907));
#4667=CARTESIAN_POINT('Origin',(10.5151411263383,42.,3.8414434748346));
#4668=CARTESIAN_POINT('',(12.36842379226,41.9999996331571,8.1414434748346));
#4669=CARTESIAN_POINT('Origin',(15.5151411263383,46.6,3.84144364841895));
#4670=CARTESIAN_POINT('',(16.5151411263383,46.6,3.84144362839672));
#4671=CARTESIAN_POINT('',(15.5151411263383,47.6,3.84144373373124));
#4672=CARTESIAN_POINT('Origin',(16.5151411263383,47.6,3.8414434748346));
#4673=CARTESIAN_POINT('Ctrl Pts',(17.4023128305344,42.9744580021251,3.84144345481237));
#4674=CARTESIAN_POINT('Ctrl Pts',(17.4023128534933,42.974457999518,5.27477679481978));
#4675=CARTESIAN_POINT('Ctrl Pts',(17.4023128764521,42.974457996911,6.70811013482719));
#4676=CARTESIAN_POINT('Ctrl Pts',(17.4023128994109,42.9744579943039,8.1414434748346));
#4677=CARTESIAN_POINT('Ctrl Pts',(17.1264235078209,43.0057861702382,3.84144346040752));
#4678=CARTESIAN_POINT('Ctrl Pts',(17.1264235320625,43.0057861691419,5.27477680041493));
#4679=CARTESIAN_POINT('Ctrl Pts',(17.1264235562785,43.0057861679219,6.70811014042234));
#4680=CARTESIAN_POINT('Ctrl Pts',(17.1264235805201,43.0057861668257,8.14144348042974));
#4681=CARTESIAN_POINT('Ctrl Pts',(16.6717333128436,43.2733193891256,3.84144347011969));
#4682=CARTESIAN_POINT('Ctrl Pts',(16.6717333402527,43.2733193886155,5.2747768101271));
#4683=CARTESIAN_POINT('Ctrl Pts',(16.6717333676715,43.2733193881376,6.70811015013451));
#4684=CARTESIAN_POINT('Ctrl Pts',(16.6717333950806,43.2733193876276,8.14144349014192));
#4685=CARTESIAN_POINT('Ctrl Pts',(16.5151411263383,43.7598257510998,3.84144347436113));
#4686=CARTESIAN_POINT('Ctrl Pts',(16.5151411550478,43.7598257486604,5.27477681436854));
#4687=CARTESIAN_POINT('Ctrl Pts',(16.5151411837243,43.7598257462383,6.70811015437595));
#4688=CARTESIAN_POINT('Ctrl Pts',(16.5151412124339,43.759825743799,8.14144349438336));
#4689=CARTESIAN_POINT('Ctrl Pts',(16.5151411263383,43.9680725026564,3.8414434748346));
#4690=CARTESIAN_POINT('Ctrl Pts',(16.5151411550368,43.9680724993975,5.27477681484201));
#4691=CARTESIAN_POINT('Ctrl Pts',(16.5151411837353,43.9680724961387,6.70811015484942));
#4692=CARTESIAN_POINT('Ctrl Pts',(16.5151412124339,43.9680724928799,8.14144349485683));
#4693=CARTESIAN_POINT('',(16.5151411263383,43.9680725026564,3.8414434748346));
#4694=CARTESIAN_POINT('',(17.4023128994109,42.9744579943039,8.1414434748346));
#4695=CARTESIAN_POINT('Origin',(16.5151411263383,42.,3.8414434748346));
#4696=CARTESIAN_POINT('Ctrl Pts',(13.2849389632718,40.5999997065257,8.1414434748346));
#4697=CARTESIAN_POINT('Ctrl Pts',(13.284939005966,40.5999998043505,6.7081101103558));
#4698=CARTESIAN_POINT('Ctrl Pts',(13.2849390486602,40.5999999021752,5.27477674587699));
#4699=CARTESIAN_POINT('Ctrl Pts',(13.2849390913544,40.6,3.84144338139819));
#4700=CARTESIAN_POINT('Ctrl Pts',(13.3604556386703,40.7730301849311,8.14144349240796));
#4701=CARTESIAN_POINT('Ctrl Pts',(13.3604556870128,40.7730302830591,6.70811012792916));
#4702=CARTESIAN_POINT('Ctrl Pts',(13.3604557353114,40.7730303812195,5.27477676345036));
#4703=CARTESIAN_POINT('Ctrl Pts',(13.3604557836539,40.7730304793476,3.84144339897156));
#4704=CARTESIAN_POINT('Ctrl Pts',(13.4102757804063,41.1618903088626,8.14144352743748));
#4705=CARTESIAN_POINT('Ctrl Pts',(13.4102758383685,41.1618904115005,6.70811016295868));
#4706=CARTESIAN_POINT('Ctrl Pts',(13.4102758962746,41.1618905140568,5.27477679847988));
#4707=CARTESIAN_POINT('Ctrl Pts',(13.4102759542368,41.1618906166947,3.84144343400108));
#4708=CARTESIAN_POINT('Ctrl Pts',(13.1192010812834,41.7864178469672,8.14144356987967));
#4709=CARTESIAN_POINT('Ctrl Pts',(13.1192011445359,41.7864179631492,6.70811020540087));
#4710=CARTESIAN_POINT('Ctrl Pts',(13.1192012077601,41.7864180793869,5.27477684092207));
#4711=CARTESIAN_POINT('Ctrl Pts',(13.1192012710126,41.7864181955689,3.84144347644327));
#4712=CARTESIAN_POINT('Ctrl Pts',(12.6516113769472,41.9999996331571,8.14144357069091));
#4713=CARTESIAN_POINT('Ctrl Pts',(12.6516114341866,41.9999997555902,6.7081102062121));
#4714=CARTESIAN_POINT('Ctrl Pts',(12.6516114912471,41.9999998775668,5.2747768417333));
#4715=CARTESIAN_POINT('Ctrl Pts',(12.6516115484865,42.,3.8414434772545));
#4716=CARTESIAN_POINT('Ctrl Pts',(12.3684237922599,41.9999996331571,8.14144356014689));
#4717=CARTESIAN_POINT('Ctrl Pts',(12.3684238456277,41.999999755438,6.70811019566809));
#4718=CARTESIAN_POINT('Ctrl Pts',(12.3684238989955,41.999999877719,5.27477683118928));
#4719=CARTESIAN_POINT('Ctrl Pts',(12.3684239523633,42.,3.84144346671048));
#4720=CARTESIAN_POINT('',(13.2849390913544,40.6,3.8414434748346));
#4721=CARTESIAN_POINT('Origin',(14.5151411263383,45.6,3.8414434748346));
#4722=CARTESIAN_POINT('',(14.5151411263383,45.6,3.8414434748346));
#4723=CARTESIAN_POINT('Origin',(10.5151411263383,45.6,3.8414434748346));
#4724=CARTESIAN_POINT('Origin',(10.5151411263383,47.6,3.8414434748346));
#4725=CARTESIAN_POINT('Origin',(-20.5848588736617,46.1,3.84144348745741));
#4726=CARTESIAN_POINT('',(-20.0848587875662,46.0999996331571,8.1414434748346));
#4727=CARTESIAN_POINT('',(-20.5848587875662,45.5999996331571,8.1414434748346));
#4728=CARTESIAN_POINT('Origin',(-20.5848587875662,46.0999996331571,8.1414434748346));
#4729=CARTESIAN_POINT('',(-20.5848588736617,45.6,3.84144344480127));
#4730=CARTESIAN_POINT('',(-20.0848588736617,46.1,3.8414434774463));
#4731=CARTESIAN_POINT('Origin',(-3.58611417936181,2.5000000000015,8.1414434748346));
#4732=CARTESIAN_POINT('',(-20.0848587875662,47.0999996331571,8.1414434748346));
#4733=CARTESIAN_POINT('',(-20.0848587875662,24.0500000000008,8.1414434748346));
#4734=CARTESIAN_POINT('',(-20.5848587875662,47.5999996331571,8.1414434748346));
#4735=CARTESIAN_POINT('Origin',(-20.5848587875662,47.0999996331571,8.1414434748346));
#4736=CARTESIAN_POINT('',(-25.5848587875662,47.5999996331571,8.1414434748346));
#4737=CARTESIAN_POINT('',(-11.8354865265118,47.5999996331571,8.14144347483459));
#4738=CARTESIAN_POINT('',(-26.0848587875661,47.0999996331571,8.1414434748346));
#4739=CARTESIAN_POINT('Origin',(-25.5848587875662,47.0999996331571,8.1414434748346));
#4740=CARTESIAN_POINT('',(-26.0848587875662,43.5667581973547,8.1414434748346));
#4741=CARTESIAN_POINT('',(-26.0848587875662,25.0500000000008,8.1414434748346));
#4742=CARTESIAN_POINT('',(-26.6776871005891,42.6534065578838,8.1414434748346));
#4743=CARTESIAN_POINT('Ctrl Pts',(-26.6776871005891,42.6534065578838,8.14144347483459));
#4744=CARTESIAN_POINT('Ctrl Pts',(-26.5024086735024,42.7315455897346,8.14144347483459));
#4745=CARTESIAN_POINT('Ctrl Pts',(-26.350485361016,42.8615179867696,8.14144347483459));
#4746=CARTESIAN_POINT('Ctrl Pts',(-26.2460978895319,43.0223444286344,8.14144347483459));
#4747=CARTESIAN_POINT('Ctrl Pts',(-26.1417104180479,43.1831708704992,8.14144347483459));
#4748=CARTESIAN_POINT('Ctrl Pts',(-26.0848587875662,43.3748513571938,8.14144347483459));
#4749=CARTESIAN_POINT('Ctrl Pts',(-26.0848587875662,43.5667581973547,8.14144347483459));
#4750=CARTESIAN_POINT('',(-22.7969046258252,35.6942376314868,8.1414434748346));
#4751=CARTESIAN_POINT('Origin',(-25.0490003526809,39.,8.1414434748346));
#4752=CARTESIAN_POINT('',(-20.5448088989696,35.6942376314868,8.1414434748346));
#4753=CARTESIAN_POINT('Origin',(-21.6708567623974,34.0413564472301,8.1414434748346));
#4754=CARTESIAN_POINT('',(-18.9264296644757,42.9494814099208,8.1414434748346));
#4755=CARTESIAN_POINT('Origin',(-18.292713172114,39.0000000000001,8.1414434748346));
#4756=CARTESIAN_POINT('',(-20.0848587875662,43.9368517624009,8.1414434748346));
#4757=CARTESIAN_POINT('Ctrl Pts',(-20.0848587875662,43.9368517624009,8.14144347483459));
#4758=CARTESIAN_POINT('Ctrl Pts',(-20.0848587875662,43.6897237901655,8.14144347483459));
#4759=CARTESIAN_POINT('Ctrl Pts',(-19.9886629424155,43.4439082442678,8.14144347483459));
#4760=CARTESIAN_POINT('Ctrl Pts',(-19.8222122948508,43.261632781739,8.14144347483459));
#4761=CARTESIAN_POINT('Ctrl Pts',(-19.7112451964743,43.1401158067197,8.14144347483459));
#4762=CARTESIAN_POINT('Ctrl Pts',(-19.5690537414694,43.0468388687533,8.14144347483459));
#4763=CARTESIAN_POINT('Ctrl Pts',(-19.4135176639787,42.9926548915648,8.14144347483459));
#4764=CARTESIAN_POINT('Ctrl Pts',(-19.257981586488,42.9384709143764,8.14144347483459));
#4765=CARTESIAN_POINT('Ctrl Pts',(-19.0891008865116,42.9233798979658,8.14144347483459));
#4766=CARTESIAN_POINT('Ctrl Pts',(-18.9264296644757,42.9494814099208,8.14144347483459));
#4767=CARTESIAN_POINT('',(-20.0848587875661,43.9999996331571,8.14144347424407));
#4768=CARTESIAN_POINT('',(-20.0848587875662,24.0500000000008,8.1414434748346));
#4769=CARTESIAN_POINT('',(-24.0848587875661,43.9999996331571,8.14144347424407));
#4770=CARTESIAN_POINT('',(-11.8354865265118,43.9999996331571,8.14144347483459));
#4771=CARTESIAN_POINT('',(-24.0848587875661,45.5999996331571,8.14144347424407));
#4772=CARTESIAN_POINT('',(-24.0848587875662,23.2500000000007,8.1414434748346));
#4773=CARTESIAN_POINT('',(-13.8354865265118,45.5999996331571,8.14144347483459));
#4774=CARTESIAN_POINT('',(-15.292713172114,39.0000000000001,8.14144347483459));
#4775=CARTESIAN_POINT('Origin',(-18.292713172114,39.0000000000001,8.1414434748346));
#4776=CARTESIAN_POINT('',(-23.6490003526809,39.,8.1414434748346));
#4777=CARTESIAN_POINT('Origin',(-25.0490003526809,39.,8.1414434748346));
#4778=CARTESIAN_POINT('Origin',(-20.0848588736617,45.6,3.84144347483461));
#4779=CARTESIAN_POINT('',(-20.0848588736617,47.1,3.84144351749075));
#4780=CARTESIAN_POINT('Origin',(-20.5848588736617,47.1,3.84144352750186));
#4781=CARTESIAN_POINT('',(-20.5848588736617,47.6,3.84144357015801));
#4782=CARTESIAN_POINT('Origin',(-25.5848588736617,47.1,3.84144348223402));
#4783=CARTESIAN_POINT('',(-25.5848588736617,47.6,3.84144352489017));
#4784=CARTESIAN_POINT('',(-26.0848588736617,47.1,3.84144349224514));
#4785=CARTESIAN_POINT('Origin',(-26.0848588736617,47.6,3.84144347483461));
#4786=CARTESIAN_POINT('',(-26.0848587875662,43.5667581973547,8.1414434748346));
#4787=CARTESIAN_POINT('Ctrl Pts',(-26.6776871005891,42.6534065578838,8.14144349485683));
#4788=CARTESIAN_POINT('Ctrl Pts',(-26.6776871235479,42.6534065476488,6.70811015484942));
#4789=CARTESIAN_POINT('Ctrl Pts',(-26.6776871465067,42.6534065374137,5.27477681484201));
#4790=CARTESIAN_POINT('Ctrl Pts',(-26.6776871694656,42.6534065271787,3.8414434748346));
#4791=CARTESIAN_POINT('Ctrl Pts',(-26.5024086735024,42.7315455897346,8.14144349064989));
#4792=CARTESIAN_POINT('Ctrl Pts',(-26.5024086979135,42.7315455801876,6.70811015064248));
#4793=CARTESIAN_POINT('Ctrl Pts',(-26.5024087223107,42.7315455706016,5.27477681063509));
#4794=CARTESIAN_POINT('Ctrl Pts',(-26.5024087467218,42.7315455610546,3.84144347062767));
#4795=CARTESIAN_POINT('Ctrl Pts',(-26.1985620485295,42.9914903838047,8.14144348224596));
#4796=CARTESIAN_POINT('Ctrl Pts',(-26.1985620759453,42.991490374135,6.70811014223857));
#4797=CARTESIAN_POINT('Ctrl Pts',(-26.1985621033788,42.9914903644809,5.27477680223114));
#4798=CARTESIAN_POINT('Ctrl Pts',(-26.1985621307946,42.9914903548113,3.84144346222374));
#4799=CARTESIAN_POINT('Ctrl Pts',(-26.0848587875662,43.3748513571938,8.14144347654754));
#4800=CARTESIAN_POINT('Ctrl Pts',(-26.0848588162779,43.37485134545,6.70811013654013));
#4801=CARTESIAN_POINT('Ctrl Pts',(-26.08485884495,43.3748513336982,5.27477679653273));
#4802=CARTESIAN_POINT('Ctrl Pts',(-26.0848588736617,43.3748513219545,3.84144345652531));
#4803=CARTESIAN_POINT('Ctrl Pts',(-26.0848587875662,43.5667581973547,8.1414434748346));
#4804=CARTESIAN_POINT('Ctrl Pts',(-26.0848588162647,43.566758184561,6.70811013482719));
#4805=CARTESIAN_POINT('Ctrl Pts',(-26.0848588449632,43.5667581717672,5.27477679481978));
#4806=CARTESIAN_POINT('Ctrl Pts',(-26.0848588736617,43.5667581589734,3.84144345481237));
#4807=CARTESIAN_POINT('',(-26.6776871694656,42.6534065271787,3.8414434748346));
#4808=CARTESIAN_POINT('Ctrl Pts',(-18.9264297333522,42.9494813988691,3.84144345439404));
#4809=CARTESIAN_POINT('Ctrl Pts',(-18.9264297103934,42.949481402553,5.27477679454089));
#4810=CARTESIAN_POINT('Ctrl Pts',(-18.9264296874345,42.9494814062369,6.70811013468775));
#4811=CARTESIAN_POINT('Ctrl Pts',(-18.9264296644757,42.9494814099208,8.1414434748346));
#4812=CARTESIAN_POINT('Ctrl Pts',(-19.0891009565728,42.9233798838142,3.84144345773493));
#4813=CARTESIAN_POINT('Ctrl Pts',(-19.0891009332199,42.9233798885344,5.27477679788178));
#4814=CARTESIAN_POINT('Ctrl Pts',(-19.0891009098645,42.9233798932457,6.70811013802863));
#4815=CARTESIAN_POINT('Ctrl Pts',(-19.0891008865116,42.9233798979658,8.1414434781755));
#4816=CARTESIAN_POINT('Ctrl Pts',(-19.4268623605682,42.9535619119117,3.8414434644007));
#4817=CARTESIAN_POINT('Ctrl Pts',(-19.4268623358619,42.9535619182071,5.27477680454755));
#4818=CARTESIAN_POINT('Ctrl Pts',(-19.4268623111708,42.9535619244916,6.7081101446944));
#4819=CARTESIAN_POINT('Ctrl Pts',(-19.4268622864645,42.9535619307869,8.14144348484127));
#4820=CARTESIAN_POINT('Ctrl Pts',(-19.9245324616978,43.2800311933199,3.84144347331633));
#4821=CARTESIAN_POINT('Ctrl Pts',(-19.9245324341283,43.2800312001036,5.27477681346317));
#4822=CARTESIAN_POINT('Ctrl Pts',(-19.9245324065512,43.2800312068857,6.70811015361003));
#4823=CARTESIAN_POINT('Ctrl Pts',(-19.9245323789817,43.2800312136694,8.14144349375688));
#4824=CARTESIAN_POINT('Ctrl Pts',(-20.0848588736617,43.6897237738596,3.84144347521021));
#4825=CARTESIAN_POINT('Ctrl Pts',(-20.0848588449413,43.6897237793025,5.27477681535705));
#4826=CARTESIAN_POINT('Ctrl Pts',(-20.0848588162866,43.6897237847226,6.70811015550392));
#4827=CARTESIAN_POINT('Ctrl Pts',(-20.0848587875662,43.6897237901655,8.14144349565077));
#4828=CARTESIAN_POINT('Ctrl Pts',(-20.0848588736617,43.9368517485864,3.84144347441626));
#4829=CARTESIAN_POINT('Ctrl Pts',(-20.0848588449632,43.9368517531912,5.27477681456312));
#4830=CARTESIAN_POINT('Ctrl Pts',(-20.0848588162647,43.9368517577961,6.70811015470997));
#4831=CARTESIAN_POINT('Ctrl Pts',(-20.0848587875662,43.9368517624009,8.14144349485683));
#4832=CARTESIAN_POINT('',(-20.0848588736617,43.9368517485864,3.8414434748346));
#4833=CARTESIAN_POINT('',(-18.9264296644757,42.9494814099208,8.1414434748346));
#4834=CARTESIAN_POINT('Origin',(-18.292713172114,39.0000000000001,3.8414434748346));
#4835=CARTESIAN_POINT('',(-20.5448088989696,35.6942376314868,3.8414434748346));
#4836=CARTESIAN_POINT('Origin',(-20.0848588736617,47.6,3.84144347483461));
#4837=CARTESIAN_POINT('Origin',(-20.0848588736617,44.,3.84144347483461));
#4838=CARTESIAN_POINT('',(-20.0848588736617,44.,3.84144347483461));
#4839=CARTESIAN_POINT('',(-24.0848588736617,44.,3.84144347483461));
#4840=CARTESIAN_POINT('Origin',(-24.0848588736617,45.6,3.84144347483461));
#4841=CARTESIAN_POINT('',(-24.0848588736617,45.6,3.84144347483461));
#4842=CARTESIAN_POINT('Origin',(-24.0848588736617,44.,3.84144347483461));
#4843=CARTESIAN_POINT('Origin',(-20.0848588736617,45.6,3.84144347483461));
#4844=CARTESIAN_POINT('Origin',(-25.0490003526809,39.,3.8414434748346));
#4845=CARTESIAN_POINT('',(-22.7969046258252,35.6942376314868,3.8414434748346));
#4846=CARTESIAN_POINT('Origin',(-3.58611417936181,2.5000000000015,0.841443474834596));
#4847=CARTESIAN_POINT('',(-15.363170688272,63.0349888250857,0.841443474834594));
#4848=CARTESIAN_POINT('',(-25.1744050451162,57.9159394067679,0.841443474834596));
#4849=CARTESIAN_POINT('Ctrl Pts',(-15.363170688272,63.0349888250857,0.841443474834594));
#4850=CARTESIAN_POINT('Ctrl Pts',(-15.3634814332709,63.0350226936364,0.841443474834594));
#4851=CARTESIAN_POINT('Ctrl Pts',(-15.3637921790209,63.035056562269,0.841443474834594));
#4852=CARTESIAN_POINT('Ctrl Pts',(-15.9289877559077,63.0966580526477,0.841443474834643));
#4853=CARTESIAN_POINT('Ctrl Pts',(-17.0711223656059,63.1588245031315,0.841443474834612));
#4854=CARTESIAN_POINT('Ctrl Pts',(-18.4901529476843,63.0538515790504,0.841443474834618));
#4855=CARTESIAN_POINT('Ctrl Pts',(-19.6151886978735,62.8314506048454,0.841443474834618));
#4856=CARTESIAN_POINT('Ctrl Pts',(-20.711460347946,62.5078492266075,0.841443474834604));
#4857=CARTESIAN_POINT('Ctrl Pts',(-22.0101393225475,61.8977937716033,0.841443474834604));
#4858=CARTESIAN_POINT('Ctrl Pts',(-23.8091667145832,60.4466544450437,0.841443474834596));
#4859=CARTESIAN_POINT('Ctrl Pts',(-24.7190286956174,58.957159546096,0.841443474834596));
#4860=CARTESIAN_POINT('Ctrl Pts',(-25.1744050451164,57.9159394067676,0.841443474834596));
#4861=CARTESIAN_POINT('',(12.0725570992775,59.9926508285691,0.841443474834578));
#4862=CARTESIAN_POINT('',(-6.23152180426723,62.0223835651827,0.841443474834596));
#4863=CARTESIAN_POINT('',(18.8783956329265,56.3755294042934,0.841443474834599));
#4864=CARTESIAN_POINT('Ctrl Pts',(18.8783956329265,56.3755294042934,0.841443474834599));
#4865=CARTESIAN_POINT('Ctrl Pts',(18.8739446425957,56.3855591915489,0.841443474834599));
#4866=CARTESIAN_POINT('Ctrl Pts',(18.8694920321504,56.3955926295434,0.841443474834599));
#4867=CARTESIAN_POINT('Ctrl Pts',(18.7101720346954,56.7546016502946,0.84144347483455));
#4868=CARTESIAN_POINT('Ctrl Pts',(18.3098920994114,57.4166424150152,0.841443474834582));
#4869=CARTESIAN_POINT('Ctrl Pts',(17.4879466479736,58.2259665627346,0.841443474834582));
#4870=CARTESIAN_POINT('Ctrl Pts',(16.4984842654029,58.8381474827752,0.841443474834591));
#4871=CARTESIAN_POINT('Ctrl Pts',(15.4425166664067,59.269378372241,0.841443474834591));
#4872=CARTESIAN_POINT('Ctrl Pts',(13.9655977252312,59.6944066769972,0.841443474834591));
#4873=CARTESIAN_POINT('Ctrl Pts',(12.83907693696,59.8898955583691,0.8414434748346));
#4874=CARTESIAN_POINT('Ctrl Pts',(12.080096584401,59.9916401056871,0.841443474834551));
#4875=CARTESIAN_POINT('Ctrl Pts',(12.0763275659738,59.9921453586524,0.841443474834564));
#4876=CARTESIAN_POINT('Ctrl Pts',(12.0725585685174,59.9926506088064,0.841443474834573));
#4877=CARTESIAN_POINT('',(24.4211172804844,41.2769291075182,0.84144347483459));
#4878=CARTESIAN_POINT('',(26.2476141072659,36.301477103167,0.84144347483459));
#4879=CARTESIAN_POINT('',(25.9510001967649,31.0144783315407,0.841443474834594));
#4880=CARTESIAN_POINT('Ctrl Pts',(25.951000255421,31.0144783315392,0.841443474834599));
#4881=CARTESIAN_POINT('Ctrl Pts',(25.9508603693213,31.0193062998317,0.841443474834599));
#4882=CARTESIAN_POINT('Ctrl Pts',(25.9507204821579,31.0241343048337,0.841443474834599));
#4883=CARTESIAN_POINT('Ctrl Pts',(25.9076971350557,32.5090234825051,0.841443474834599));
#4884=CARTESIAN_POINT('Ctrl Pts',(25.7884024968145,34.4852297253835,0.841443474834621));
#4885=CARTESIAN_POINT('Ctrl Pts',(25.3236452709875,37.908546792612,0.841443474834608));
#4886=CARTESIAN_POINT('Ctrl Pts',(24.871919990397,39.8415359162339,0.841443474834648));
#4887=CARTESIAN_POINT('Ctrl Pts',(24.4258643918891,41.2618139113607,0.841443474834599));
#4888=CARTESIAN_POINT('Ctrl Pts',(24.4234908173174,41.2693715695211,0.841443474834599));
#4889=CARTESIAN_POINT('Ctrl Pts',(24.4211172804851,41.2769291075159,0.841443474834599));
#4890=CARTESIAN_POINT('',(25.9510000208214,-26.0144904783989,0.841443474834599));
#4891=CARTESIAN_POINT('',(25.9510000794528,16.7717262198154,0.84144347483459));
#4892=CARTESIAN_POINT('',(24.4211172804845,-36.2769291075175,0.841443474834599));
#4893=CARTESIAN_POINT('Ctrl Pts',(24.4211172804853,-36.2769291075152,0.841443474834599));
#4894=CARTESIAN_POINT('Ctrl Pts',(24.4234908173174,-36.2693715695207,0.841443474834599));
#4895=CARTESIAN_POINT('Ctrl Pts',(24.4258643918891,-36.2618139113606,0.841443474834599));
#4896=CARTESIAN_POINT('Ctrl Pts',(24.8719199903968,-34.8415359162338,0.841443474834599));
#4897=CARTESIAN_POINT('Ctrl Pts',(25.3236403292631,-32.9085449539961,0.841443474834599));
#4898=CARTESIAN_POINT('Ctrl Pts',(25.7883940392398,-29.4852281654521,0.841443474834599));
#4899=CARTESIAN_POINT('Ctrl Pts',(25.9076971350558,-27.509023482505,0.841443474834599));
#4900=CARTESIAN_POINT('Ctrl Pts',(25.9507203650651,-26.0241383461214,0.841443474834599));
#4901=CARTESIAN_POINT('Ctrl Pts',(25.9508601348541,-26.0193143921293,0.841443474834599));
#4902=CARTESIAN_POINT('Ctrl Pts',(25.9509999035586,-26.0144904755676,0.841443474834599));
#4903=CARTESIAN_POINT('',(18.878395632927,-51.3755294042925,0.84144347483459));
#4904=CARTESIAN_POINT('',(29.0385132470403,-23.6989537834838,0.8414434748346));
#4905=CARTESIAN_POINT('',(12.0725556211127,-54.9926510152696,0.841443474834627));
#4906=CARTESIAN_POINT('Ctrl Pts',(12.0725556196179,-54.9926510041189,0.841443474834645));
#4907=CARTESIAN_POINT('Ctrl Pts',(12.0763256000297,-54.9921456221955,0.841443474834645));
#4908=CARTESIAN_POINT('Ctrl Pts',(12.0800956014233,-54.9916402374594,0.841443474834653));
#4909=CARTESIAN_POINT('Ctrl Pts',(12.4614712804105,-54.9405152041357,0.8414434748346));
#4910=CARTESIAN_POINT('Ctrl Pts',(13.5868659573292,-54.764528661654,0.8414434748346));
#4911=CARTESIAN_POINT('Ctrl Pts',(15.0876660213731,-54.4121633323639,0.8414434748346));
#4912=CARTESIAN_POINT('Ctrl Pts',(16.4991377501966,-53.838039897967,0.841443474834609));
#4913=CARTESIAN_POINT('Ctrl Pts',(17.4876187630769,-53.2257507514356,0.841443474834609));
#4914=CARTESIAN_POINT('Ctrl Pts',(18.3101445365437,-52.4166058827759,0.841443474834631));
#4915=CARTESIAN_POINT('Ctrl Pts',(18.7101720346955,-51.7546016502946,0.841443474834639));
#4916=CARTESIAN_POINT('Ctrl Pts',(18.8694920321507,-51.3955926295429,0.841443474834599));
#4917=CARTESIAN_POINT('Ctrl Pts',(18.873944642596,-51.3855591915483,0.841443474834599));
#4918=CARTESIAN_POINT('Ctrl Pts',(18.8783956329269,-51.3755294042925,0.841443474834599));
#4919=CARTESIAN_POINT('',(-15.3631706917439,-58.0349888254672,0.841443474834594));
#4920=CARTESIAN_POINT('',(7.49861504830914,-55.4998536286214,0.841443474834599));
#4921=CARTESIAN_POINT('',(-25.1744050451169,-52.9159394067664,0.841443474834596));
#4922=CARTESIAN_POINT('Ctrl Pts',(-25.1744050451168,-52.9159394067666,0.841443474834596));
#4923=CARTESIAN_POINT('Ctrl Pts',(-24.9467168703671,-53.4365494764314,0.841443474834596));
#4924=CARTESIAN_POINT('Ctrl Pts',(-24.4119524130075,-54.4580775460195,0.841443474834604));
#4925=CARTESIAN_POINT('Ctrl Pts',(-23.3590505974803,-55.8090438780398,0.841443474834604));
#4926=CARTESIAN_POINT('Ctrl Pts',(-22.2345945732486,-56.7185550275068,0.841443474834618));
#4927=CARTESIAN_POINT('Ctrl Pts',(-21.2280096170873,-57.2658210349459,0.841443474834618));
#4928=CARTESIAN_POINT('Ctrl Pts',(-20.1746771325771,-57.6977617359153,0.841443474834618));
#4929=CARTESIAN_POINT('Ctrl Pts',(-18.2152887226851,-58.166797347743,0.841443474834618));
#4930=CARTESIAN_POINT('Ctrl Pts',(-16.4938725862908,-58.1582256743116,0.841443474834643));
#4931=CARTESIAN_POINT('Ctrl Pts',(-15.3637921801805,-58.0350565623953,0.841443474834594));
#4932=CARTESIAN_POINT('Ctrl Pts',(-15.363481435682,-58.0350226938992,0.841443474834603));
#4933=CARTESIAN_POINT('Ctrl Pts',(-15.3631706919379,-58.0349888254852,0.841443474834594));
#4934=CARTESIAN_POINT('',(-30.9427693097976,-40.4497281620126,0.841443474834599));
#4935=CARTESIAN_POINT('',(-33.8351324063944,-34.1989423752202,0.841443474834599));
#4936=CARTESIAN_POINT('',(-33.0703588483691,-29.9871432376855,0.841443474834599));
#4937=CARTESIAN_POINT('Ctrl Pts',(-33.0703588483691,-29.9871432376854,0.841443474834599));
#4938=CARTESIAN_POINT('Ctrl Pts',(-33.0966474739288,-31.0163072394304,0.841443474834599));
#4939=CARTESIAN_POINT('Ctrl Pts',(-33.0667496114301,-33.0757834186149,0.841443474834599));
#4940=CARTESIAN_POINT('Ctrl Pts',(-32.5964071364716,-36.6598781567009,0.841443474834599));
#4941=CARTESIAN_POINT('Ctrl Pts',(-31.6804207485662,-39.0930417342942,0.841443474834599));
#4942=CARTESIAN_POINT('Ctrl Pts',(-30.9427693097974,-40.4497281620128,0.841443474834599));
#4943=CARTESIAN_POINT('',(-33.0703588483691,34.987143237685,0.841443474834599));
#4944=CARTESIAN_POINT('',(-33.0703588483691,-13.7309700338087,0.841443474834599));
#4945=CARTESIAN_POINT('',(-30.942769309797,45.4497281620137,0.841443474834599));
#4946=CARTESIAN_POINT('Ctrl Pts',(-30.9427693097969,45.4497281620138,0.841443474834586));
#4947=CARTESIAN_POINT('Ctrl Pts',(-31.4345369356429,44.5452705435346,0.841443474834586));
#4948=CARTESIAN_POINT('Ctrl Pts',(-32.2605249989716,42.6475070736292,0.841443474834599));
#4949=CARTESIAN_POINT('Ctrl Pts',(-33.0352799984576,39.1137814485989,0.841443474834586));
#4950=CARTESIAN_POINT('Ctrl Pts',(-33.1097917867087,36.5308892403027,0.841443474834599));
#4951=CARTESIAN_POINT('Ctrl Pts',(-33.0703588483691,34.9871432376849,0.841443474834599));
#4952=CARTESIAN_POINT('',(-36.7018597195686,33.0035589654115,0.8414434748346));
#4953=CARTESIAN_POINT('',(16.9509996473191,-30.,0.841443474834591));
#4954=CARTESIAN_POINT('',(-25.0490003526809,-30.,0.841443474834596));
#4955=CARTESIAN_POINT('',(-15.3175572660214,-30.,0.841443474834594));
#4956=CARTESIAN_POINT('',(21.9509996473191,-25.,0.841443474834599));
#4957=CARTESIAN_POINT('Origin',(16.9509996473191,-25.,0.841443474834591));
#4958=CARTESIAN_POINT('',(21.9509996473191,30.,0.841443474834599));
#4959=CARTESIAN_POINT('',(21.9509996473191,-12.2499999999992,0.841443474834599));
#4960=CARTESIAN_POINT('',(16.9509996473191,35.,0.8414434748346));
#4961=CARTESIAN_POINT('Origin',(16.9509996473191,30.,0.8414434748346));
#4962=CARTESIAN_POINT('',(-15.2927131721141,35.,0.841443474834594));
#4963=CARTESIAN_POINT('',(7.68244273397864,35.,0.84144347483459));
#4964=CARTESIAN_POINT('',(-23.292713172114,39.0000000000001,0.841443474834595));
#4965=CARTESIAN_POINT('Origin',(-18.292713172114,39.0000000000001,0.841443474834596));
#4966=CARTESIAN_POINT('',(-21.2927131721139,35.,0.841443474834596));
#4967=CARTESIAN_POINT('Origin',(-18.292713172114,39.0000000000001,0.841443474834596));
#4968=CARTESIAN_POINT('',(-25.0490003526809,35.,0.841443474834596));
#4969=CARTESIAN_POINT('',(7.68244273397864,35.,0.84144347483459));
#4970=CARTESIAN_POINT('',(-30.0490003526809,30.,0.841443474834599));
#4971=CARTESIAN_POINT('Origin',(-25.0490003526809,30.,0.841443474834596));
#4972=CARTESIAN_POINT('',(-30.0490003526809,-25.,0.841443474834599));
#4973=CARTESIAN_POINT('',(-30.0490003526809,17.2500000000008,0.841443474834599));
#4974=CARTESIAN_POINT('Origin',(-25.0490003526809,-25.,0.841443474834596));
#4975=CARTESIAN_POINT('Origin',(12.3156671011743,-56.9779514011818,3.8414434748346));
#4976=CARTESIAN_POINT('',(12.3156671011743,-56.9779514011819,24.8414434748346));
#4977=CARTESIAN_POINT('',(12.3156671011743,-56.9779514011819,2.8414434748346));
#4978=CARTESIAN_POINT('',(12.3156671011743,-56.9779514011819,3.8414434748346));
#4979=CARTESIAN_POINT('',(-15.1446066041801,-60.0230112743264,24.8414434748346));
#4980=CARTESIAN_POINT('',(7.71904322078623,-57.4876693697751,24.8414434748346));
#4981=CARTESIAN_POINT('',(-15.1446066041801,-60.0230112743264,2.84144347483461));
#4982=CARTESIAN_POINT('',(-15.1446066041801,-60.0230112743264,3.84144347483459));
#4983=CARTESIAN_POINT('',(7.71904322078623,-57.4876693697751,2.84144347483459));
#4984=CARTESIAN_POINT('Origin',(11.9509998857377,-54.0000008046627,3.8414434748346));
#4985=CARTESIAN_POINT('',(12.6898438550376,-53.9180706626849,5.8414434748346));
#4986=CARTESIAN_POINT('',(12.6898438550376,-53.9180706626848,24.8414434748346));
#4987=CARTESIAN_POINT('',(12.6898438550376,-53.9180706626848,14.8414434748346));
#4988=CARTESIAN_POINT('',(7.37138848371012,-54.5078322656503,5.8414434748346));
#4989=CARTESIAN_POINT('',(7.37138848371014,-54.5078322656503,24.8414434748346));
#4990=CARTESIAN_POINT('Origin',(-18.292713172114,39.0000000000001,3.8414434748346));
#4991=CARTESIAN_POINT('',(-21.292713172114,39.0000000000001,2.84144347483459));
#4992=CARTESIAN_POINT('',(-15.292713172114,39.0000000000001,2.84144347483459));
#4993=CARTESIAN_POINT('Origin',(-18.292713172114,39.0000000000001,2.84144347483459));
#4994=CARTESIAN_POINT('Origin',(-18.292713172114,39.0000000000001,2.84144347483459));
#4995=CARTESIAN_POINT('',(-15.292713172114,39.0000000000001,3.8414434748346));
#4996=CARTESIAN_POINT('Ctrl Pts',(20.0985006586027,50.1501211307211,5.8414434748346));
#4997=CARTESIAN_POINT('Ctrl Pts',(20.0985006586027,50.1501211307211,5.392264730058));
#4998=CARTESIAN_POINT('Ctrl Pts',(19.8562221463572,50.0480852325113,4.64685114163167));
#4999=CARTESIAN_POINT('Ctrl Pts',(19.0672495996116,49.7520044435257,3.97741556396767));
#5000=CARTESIAN_POINT('Ctrl Pts',(18.499703517384,49.5652936622712,3.8414434748346));
#5001=CARTESIAN_POINT('Ctrl Pts',(18.2146017435664,49.4783541326319,3.8414434748346));
#5002=CARTESIAN_POINT('Ctrl Pts',(19.9905254666213,50.4442499665817,5.8414434748346));
#5003=CARTESIAN_POINT('Ctrl Pts',(19.9905254666213,50.4442499665817,5.3861534278666));
#5004=CARTESIAN_POINT('Ctrl Pts',(19.7434986085358,50.3322433050365,4.63653907343793));
#5005=CARTESIAN_POINT('Ctrl Pts',(18.9690759963689,50.0298281991708,3.98314339768114));
#5006=CARTESIAN_POINT('Ctrl Pts',(18.4215621091894,49.8509371967006,3.84654141185729));
#5007=CARTESIAN_POINT('Ctrl Pts',(18.1433397030745,49.7689430913175,3.8414434748346));
#5008=CARTESIAN_POINT('Ctrl Pts',(19.5439107383441,50.8567110786805,5.8414434748346));
#5009=CARTESIAN_POINT('Ctrl Pts',(19.5439107383441,50.8567110786805,5.440475408814));
#5010=CARTESIAN_POINT('Ctrl Pts',(19.334557675807,50.7451214355861,4.78148850675204));
#5011=CARTESIAN_POINT('Ctrl Pts',(18.6989892414349,50.4750054329849,4.22224274953414));
#5012=CARTESIAN_POINT('Ctrl Pts',(18.249882937868,50.3324327251702,4.10054181384953));
#5013=CARTESIAN_POINT('Ctrl Pts',(18.0199954227566,50.2719105299427,4.09268094684059));
#5014=CARTESIAN_POINT('Ctrl Pts',(18.9605439057432,50.8132442139709,5.84144347483461));
#5015=CARTESIAN_POINT('Ctrl Pts',(18.9605439057432,50.8132442139709,5.56405759893042));
#5016=CARTESIAN_POINT('Ctrl Pts',(18.8324231262812,50.7452503279544,5.10553742090669));
#5017=CARTESIAN_POINT('Ctrl Pts',(18.4231018850918,50.5756616018627,4.70353217804025));
#5018=CARTESIAN_POINT('Ctrl Pts',(18.1270652752859,50.4864740518079,4.61938542636785));
#5019=CARTESIAN_POINT('Ctrl Pts',(17.9764259175852,50.4495761854695,4.61704399957818));
#5020=CARTESIAN_POINT('Ctrl Pts',(18.7465519364589,50.7161448058812,5.84144347483461));
#5021=CARTESIAN_POINT('Ctrl Pts',(18.7465519364589,50.7161448058812,5.61685410244631));
#5022=CARTESIAN_POINT('Ctrl Pts',(18.6495717812271,50.6698731885202,5.24414730823313));
#5023=CARTESIAN_POINT('Ctrl Pts',(18.3289883090189,50.546932825806,4.90942951940115));
#5024=CARTESIAN_POINT('Ctrl Pts',(18.0949141973018,50.4786334374215,4.8414434748346));
#5025=CARTESIAN_POINT('Ctrl Pts',(17.9764259175852,50.4495761854695,4.8414434748346));
#5026=CARTESIAN_POINT('',(20.0985006586027,50.1501211307211,5.8414434748346));
#5027=CARTESIAN_POINT('Ctrl Pts',(18.2146017435664,49.4783541326319,3.8414434748346));
#5028=CARTESIAN_POINT('Ctrl Pts',(18.2858771870208,49.5000890150417,3.8414434748346));
#5029=CARTESIAN_POINT('Ctrl Pts',(18.3570829426349,49.5222297924906,3.84559968973117));
#5030=CARTESIAN_POINT('Ctrl Pts',(18.4277750208028,49.5446045152642,3.85390855340853));
#5031=CARTESIAN_POINT('Ctrl Pts',(18.496800429248,49.5664517210377,3.86202152340332));
#5032=CARTESIAN_POINT('Ctrl Pts',(18.5653356851408,49.5885218200921,3.8740934358374));
#5033=CARTESIAN_POINT('Ctrl Pts',(18.6329688455241,49.61065524603,3.89006844068246));
#5034=CARTESIAN_POINT('Ctrl Pts',(18.7030515851971,49.6335903139653,3.90662203805223));
#5035=CARTESIAN_POINT('Ctrl Pts',(18.7721651967341,49.6565931940704,3.927366859441));
#5036=CARTESIAN_POINT('Ctrl Pts',(18.8398598320339,49.679489465336,3.95218235669017));
#5037=CARTESIAN_POINT('Ctrl Pts',(18.9075544673336,49.7023857366017,3.97699785393934));
#5038=CARTESIAN_POINT('Ctrl Pts',(18.9738296572089,49.7251752267884,4.00588389786249));
#5039=CARTESIAN_POINT('Ctrl Pts',(19.0382512467368,49.7476892758789,4.0386619085426));
#5040=CARTESIAN_POINT('Ctrl Pts',(19.1019222672835,49.7699410162154,4.07105802616081));
#5041=CARTESIAN_POINT('Ctrl Pts',(19.1637962378535,49.7919286925122,4.10726331613038));
#5042=CARTESIAN_POINT('Ctrl Pts',(19.2234863465201,49.8134326204321,4.14704935839534));
#5043=CARTESIAN_POINT('Ctrl Pts',(19.2803372854216,49.8339137105092,4.18494297106355));
#5044=CARTESIAN_POINT('Ctrl Pts',(19.3352069779088,49.8539559052603,4.22608416951857));
#5045=CARTESIAN_POINT('Ctrl Pts',(19.3877865403692,49.8733786943523,4.27022953637147));
#5046=CARTESIAN_POINT('Ctrl Pts',(19.4403587108891,49.8927987528758,4.31436869701211));
#5047=CARTESIAN_POINT('Ctrl Pts',(19.4906410541286,49.9115994546587,4.36151089573168));
#5048=CARTESIAN_POINT('Ctrl Pts',(19.5383549827521,49.9296114394862,4.41137180657424));
#5049=CARTESIAN_POINT('Ctrl Pts',(19.5860865509058,49.9476300832278,4.46125115067244));
#5050=CARTESIAN_POINT('Ctrl Pts',(19.6312475026612,49.9648593157352,4.5138508856144));
#5051=CARTESIAN_POINT('Ctrl Pts',(19.6735939702658,49.9811424479753,4.56884995928809));
#5052=CARTESIAN_POINT('Ctrl Pts',(19.6799331953182,49.9835800170494,4.57708326717446));
#5053=CARTESIAN_POINT('Ctrl Pts',(19.6862094169971,49.9859964094084,4.58537028282194));
#5054=CARTESIAN_POINT('Ctrl Pts',(19.6924218909088,49.9883911264648,4.59370986646068));
#5055=CARTESIAN_POINT('Ctrl Pts',(19.7356815271854,50.0050663818166,4.65178131433089));
#5056=CARTESIAN_POINT('Ctrl Pts',(19.7758774114085,50.0207006489443,4.71244486933857));
#5057=CARTESIAN_POINT('Ctrl Pts',(19.8127718813918,50.0351572030302,4.77532446127775));
#5058=CARTESIAN_POINT('Ctrl Pts',(19.8496592232605,50.0496109640694,4.83819190470404));
#5059=CARTESIAN_POINT('Ctrl Pts',(19.8832462255025,50.0628873933292,4.90327419689769));
#5060=CARTESIAN_POINT('Ctrl Pts',(19.9133365037582,50.0748649478245,4.97016731974921));
#5061=CARTESIAN_POINT('Ctrl Pts',(19.9437499048269,50.0869711226359,5.03777877075462));
#5062=CARTESIAN_POINT('Ctrl Pts',(19.9705908277589,50.0977502845408,5.10723982721646));
#5063=CARTESIAN_POINT('Ctrl Pts',(19.993702069112,50.10709366372,5.17810943272151));
#5064=CARTESIAN_POINT('Ctrl Pts',(20.0165644442614,50.1163364316309,5.24821590095432));
#5065=CARTESIAN_POINT('Ctrl Pts',(20.035776985411,50.1241741558184,5.31970033678197));
#5066=CARTESIAN_POINT('Ctrl Pts',(20.0512338334728,50.1305185468409,5.39211815915108));
#5067=CARTESIAN_POINT('Ctrl Pts',(20.0669430626021,50.1369665297583,5.465718427466));
#5068=CARTESIAN_POINT('Ctrl Pts',(20.0787727261387,50.1418719323582,5.54028243819586));
#5069=CARTESIAN_POINT('Ctrl Pts',(20.0866621365198,50.1451605867768,5.61533098701894));
#5070=CARTESIAN_POINT('Ctrl Pts',(20.0945515469009,50.1484492411955,5.69037953584201));
#5071=CARTESIAN_POINT('Ctrl Pts',(20.0985006586027,50.1501211307211,5.7659121969499));
#5072=CARTESIAN_POINT('Ctrl Pts',(20.0985006586027,50.1501211307211,5.8414434748346));
#5073=CARTESIAN_POINT('Origin',(19.1597564030931,49.8055065304098,5.84144347483461));
#5074=CARTESIAN_POINT('Origin',(19.1597564030931,49.8055065304098,14.8414434748346));
#5075=CARTESIAN_POINT('',(20.0985006586027,50.1501211307211,24.8414434748346));
#5076=CARTESIAN_POINT('Origin',(19.1597564030931,49.8055065304098,24.8414434748346));
#5077=CARTESIAN_POINT('',(20.0985006586027,50.1501211307211,14.8414434748346));
#5078=CARTESIAN_POINT('Origin',(17.9509999751446,56.0000007599592,3.8414434748346));
#5079=CARTESIAN_POINT('',(23.4741833067067,40.9546236344795,5.8414434748346));
#5080=CARTESIAN_POINT('',(25.3258927483474,35.9104914368222,5.8414434748346));
#5081=CARTESIAN_POINT('',(23.4741833067067,40.9546236344795,24.8414434748346));
#5082=CARTESIAN_POINT('',(23.4741833067067,40.9546236344795,3.8414434748346));
#5083=CARTESIAN_POINT('',(25.3258927483474,35.9104914368222,24.8414434748346));
#5084=CARTESIAN_POINT('Origin',(23.4484042373282,35.2212622361996,5.8414434748346));
#5085=CARTESIAN_POINT('Ctrl Pts',(23.4741833067066,40.9546236344797,5.8414434748346));
#5086=CARTESIAN_POINT('Ctrl Pts',(23.4741833067066,40.9546236344797,5.76761657924067));
#5087=CARTESIAN_POINT('Ctrl Pts',(23.4703106178984,40.9533131804462,5.6939589479349));
#5088=CARTESIAN_POINT('Ctrl Pts',(23.4626163770762,40.950702697391,5.62078688804383));
#5089=CARTESIAN_POINT('Ctrl Pts',(23.4548065921775,40.9480530128265,5.54651600654401));
#5090=CARTESIAN_POINT('Ctrl Pts',(23.4430581366023,40.9440634293545,5.47274658974179));
#5091=CARTESIAN_POINT('Ctrl Pts',(23.4274298066369,40.9387500930949,5.39985210064943));
#5092=CARTESIAN_POINT('Ctrl Pts',(23.4118169786892,40.9334420272276,5.32702991689356));
#5093=CARTESIAN_POINT('Ctrl Pts',(23.3923314821843,40.9268126726946,5.25508250976567));
#5094=CARTESIAN_POINT('Ctrl Pts',(23.3690521211806,40.9188885573226,5.1844030321623));
#5095=CARTESIAN_POINT('Ctrl Pts',(23.3576280893493,40.9149999047849,5.14971803364254));
#5096=CARTESIAN_POINT('Ctrl Pts',(23.3452907709904,40.9107996216818,5.11533854556236));
#5097=CARTESIAN_POINT('Ctrl Pts',(23.3320513599178,40.9062917805611,5.08131110845627));
#5098=CARTESIAN_POINT('Ctrl Pts',(23.304989960813,40.8970777387129,5.01175891682225));
#5099=CARTESIAN_POINT('Ctrl Pts',(23.2743077845051,40.8866288908814,4.94405964128217));
#5100=CARTESIAN_POINT('Ctrl Pts',(23.2402232790864,40.8750230297238,4.87853022523981));
#5101=CARTESIAN_POINT('Ctrl Pts',(23.2064459626994,40.8635217672163,4.81359139772493));
#5102=CARTESIAN_POINT('Ctrl Pts',(23.1693292063597,40.8508849504556,4.75078348892574));
#5103=CARTESIAN_POINT('Ctrl Pts',(23.129063019041,40.8371827035017,4.69036517260087));
#5104=CARTESIAN_POINT('Ctrl Pts',(23.1071809169625,40.82973640708,4.65753167498736));
#5105=CARTESIAN_POINT('Ctrl Pts',(23.0843681670721,40.8219753083087,4.62540298743465));
#5106=CARTESIAN_POINT('Ctrl Pts',(23.0606492682899,40.8139087655714,4.59401500242089));
#5107=CARTESIAN_POINT('Ctrl Pts',(23.019325342435,40.7998549422029,4.53932971633923));
#5108=CARTESIAN_POINT('Ctrl Pts',(22.9752480893338,40.7848728805685,4.48688587633285));
#5109=CARTESIAN_POINT('Ctrl Pts',(22.9285236335476,40.7689937594875,4.43687605191005));
#5110=CARTESIAN_POINT('Ctrl Pts',(22.8792876601802,40.7522611091122,4.38417811585151));
#5111=CARTESIAN_POINT('Ctrl Pts',(22.8273764910354,40.734621941918,4.33446856895174));
#5112=CARTESIAN_POINT('Ctrl Pts',(22.773031059875,40.7161547102339,4.28794297710819));
#5113=CARTESIAN_POINT('Ctrl Pts',(22.7178932523723,40.6974182195306,4.24073902505105));
#5114=CARTESIAN_POINT('Ctrl Pts',(22.6602492949395,40.6778292439169,4.19681439921464));
#5115=CARTESIAN_POINT('Ctrl Pts',(22.6003829619515,40.6574834088259,4.15640089232887));
#5116=CARTESIAN_POINT('Ctrl Pts',(22.5405297313769,40.6371420266475,4.11599623038897));
#5117=CARTESIAN_POINT('Ctrl Pts',(22.4784556299985,40.6160443601126,4.07910261240911));
#5118=CARTESIAN_POINT('Ctrl Pts',(22.4144748023949,40.5942983595334,4.04595365025256));
#5119=CARTESIAN_POINT('Ctrl Pts',(22.3842279411275,40.5840179632448,4.03028251724189));
#5120=CARTESIAN_POINT('Ctrl Pts',(22.3535553352585,40.5735928263002,4.01544817058844));
#5121=CARTESIAN_POINT('Ctrl Pts',(22.3224917694732,40.5630349827199,4.00147427656724));
#5122=CARTESIAN_POINT('Ctrl Pts',(22.2565675028206,40.540628730319,3.97181835354816));
#5123=CARTESIAN_POINT('Ctrl Pts',(22.1892491743721,40.5177493070628,3.94620369503178));
#5124=CARTESIAN_POINT('Ctrl Pts',(22.1209100697175,40.4945267692071,3.92470584597605));
#5125=CARTESIAN_POINT('Ctrl Pts',(22.0529608676937,40.4714367254579,3.90333065096949));
#5126=CARTESIAN_POINT('Ctrl Pts',(21.9840037588191,40.4480079801573,3.88602419691503));
#5127=CARTESIAN_POINT('Ctrl Pts',(21.9143634632935,40.4243535160061,3.87284026846258));
#5128=CARTESIAN_POINT('Ctrl Pts',(21.8466824899548,40.4013645676469,3.86002726841206));
#5129=CARTESIAN_POINT('Ctrl Pts',(21.7783567634842,40.3781626603563,3.85110619247335));
#5130=CARTESIAN_POINT('Ctrl Pts',(21.7096315245254,40.3548320486135,3.84613027735771));
#5131=CARTESIAN_POINT('Ctrl Pts',(21.6690027066349,40.3410395148933,3.84318862808686));
#5132=CARTESIAN_POINT('Ctrl Pts',(21.6282331903628,40.3272016022529,3.84162595220104));
#5133=CARTESIAN_POINT('Ctrl Pts',(21.5873639031003,40.3133320426613,3.84145853192235));
#5134=CARTESIAN_POINT('Ctrl Pts',(21.5849135841944,40.3125004929486,3.84144849423632));
#5135=CARTESIAN_POINT('Ctrl Pts',(21.5824631407559,40.3116689094236,3.8414434747569));
#5136=CARTESIAN_POINT('Ctrl Pts',(21.5800125807734,40.3108372947692,3.8414434748346));
#5137=CARTESIAN_POINT('Ctrl Pts',(-25.999176549518,48.9891626239291,3.84144348592776));
#5138=CARTESIAN_POINT('Ctrl Pts',(-26.4148498022388,49.1539968392433,3.84139530072878));
#5139=CARTESIAN_POINT('Ctrl Pts',(-27.0986749748549,49.454269775726,4.10292837027605));
#5140=CARTESIAN_POINT('Ctrl Pts',(-27.700251008066,49.7497299184128,4.94435940084915));
#5141=CARTESIAN_POINT('Ctrl Pts',(-27.8223096290115,49.8122547974374,5.54212860091495));
#5142=CARTESIAN_POINT('Ctrl Pts',(-27.8222815148616,49.8122403959796,5.84165032720453));
#5143=CARTESIAN_POINT('Ctrl Pts',(-25.9044836401161,49.2729843682773,3.8414399635352));
#5144=CARTESIAN_POINT('Ctrl Pts',(-26.3104767427224,49.4295823508953,3.84904376532233));
#5145=CARTESIAN_POINT('Ctrl Pts',(-26.9684537300754,49.7208471671229,4.10211227625295));
#5146=CARTESIAN_POINT('Ctrl Pts',(-27.5670483676859,50.0291482765722,4.93330400418031));
#5147=CARTESIAN_POINT('Ctrl Pts',(-27.6907331370913,50.096611244552,5.53805600693164));
#5148=CARTESIAN_POINT('Ctrl Pts',(-27.6907046484688,50.0965957057755,5.84165314162634));
#5149=CARTESIAN_POINT('Ctrl Pts',(-25.7406061628967,49.7642559931788,4.09267703916564));
#5150=CARTESIAN_POINT('Ctrl Pts',(-26.0769508759591,49.8828381747728,4.10443344384617));
#5151=CARTESIAN_POINT('Ctrl Pts',(-26.6153435727754,50.1244046717672,4.32354559623774));
#5152=CARTESIAN_POINT('Ctrl Pts',(-27.1077386515437,50.4059901532735,5.04075582894255));
#5153=CARTESIAN_POINT('Ctrl Pts',(-27.2119935832538,50.4713243884672,5.57425463093786));
#5154=CARTESIAN_POINT('Ctrl Pts',(-27.2119695700466,50.4713093401315,5.84162812534061));
#5155=CARTESIAN_POINT('Ctrl Pts',(-25.6827624755348,49.937799863509,4.61705323532184));
#5156=CARTESIAN_POINT('Ctrl Pts',(-25.9034956836523,50.0113745932932,4.62053782457434));
#5157=CARTESIAN_POINT('Ctrl Pts',(-26.2584065540202,50.1650710468928,4.77792492622716));
#5158=CARTESIAN_POINT('Ctrl Pts',(-26.5700121298608,50.3407191996973,5.28743135049957));
#5159=CARTESIAN_POINT('Ctrl Pts',(-26.6340898735704,50.3804657130736,5.65660625573412));
#5160=CARTESIAN_POINT('Ctrl Pts',(-26.634075114372,50.3804565582863,5.84157121328298));
#5161=CARTESIAN_POINT('Ctrl Pts',(-25.6827853677809,49.937803480904,4.8414597266372));
#5162=CARTESIAN_POINT('Ctrl Pts',(-25.8564012037033,49.9957270713785,4.8414353800028));
#5163=CARTESIAN_POINT('Ctrl Pts',(-26.1374983913248,50.1126396664206,4.97219998740002));
#5164=CARTESIAN_POINT('Ctrl Pts',(-26.3799249543932,50.2387464576761,5.39290907406542));
#5165=CARTESIAN_POINT('Ctrl Pts',(-26.4287126796593,50.2662474439091,5.69178858495416));
#5166=CARTESIAN_POINT('Ctrl Pts',(-26.4287014422126,50.266241109591,5.84154689925929));
#5167=CARTESIAN_POINT('',(-26.428716314512,50.2662493804511,5.84144347483458));
#5168=CARTESIAN_POINT('',(-27.8222815245695,49.8122404009525,5.84144347483459));
#5169=CARTESIAN_POINT('Origin',(-26.9147305420822,49.3922984833182,5.84144347483458));
#5170=CARTESIAN_POINT('Ctrl Pts',(-27.8222815245695,49.8122404009525,5.8414434748346));
#5171=CARTESIAN_POINT('Ctrl Pts',(-27.8222815245695,49.8122404009525,5.76530798695508));
#5172=CARTESIAN_POINT('Ctrl Pts',(-27.8184065162606,49.8102519541318,5.68919522376854));
#5173=CARTESIAN_POINT('Ctrl Pts',(-27.8106740197076,49.8063175477098,5.61359031243521));
#5174=CARTESIAN_POINT('Ctrl Pts',(-27.80294050172,49.802382621567,5.5379754139682));
#5175=CARTESIAN_POINT('Ctrl Pts',(-27.791348522201,49.7965012429196,5.46286884438405));
#5176=CARTESIAN_POINT('Ctrl Pts',(-27.7759625309971,49.788737627958,5.38874899655155));
#5177=CARTESIAN_POINT('Ctrl Pts',(-27.7605754765365,49.780973476488,5.31462402662974));
#5178=CARTESIAN_POINT('Ctrl Pts',(-27.7413939591375,49.7713268623919,5.24148625149243));
#5179=CARTESIAN_POINT('Ctrl Pts',(-27.7185284742042,49.759883315188,5.16980213758355));
#5180=CARTESIAN_POINT('Ctrl Pts',(-27.6972033982373,49.7492107003641,5.10294726093491));
#5181=CARTESIAN_POINT('Ctrl Pts',(-27.6726745008114,49.736975341303,5.03735687979114));
#5182=CARTESIAN_POINT('Ctrl Pts',(-27.6450665052661,49.7232628563107,4.97339613418979));
#5183=CARTESIAN_POINT('Ctrl Pts',(-27.6159648198781,49.708808477561,4.90597488686972));
#5184=CARTESIAN_POINT('Ctrl Pts',(-27.5834369271272,49.6927105388747,4.84035609632312));
#5185=CARTESIAN_POINT('Ctrl Pts',(-27.5476585980215,49.6751358054035,4.7769677586607));
#5186=CARTESIAN_POINT('Ctrl Pts',(-27.513005831767,49.6581139615615,4.71557357667471));
#5187=CARTESIAN_POINT('Ctrl Pts',(-27.4753043613984,49.6397069810896,4.65627196353423));
#5188=CARTESIAN_POINT('Ctrl Pts',(-27.4347549678361,49.620085389776,4.59942431667973));
#5189=CARTESIAN_POINT('Ctrl Pts',(-27.3922299358484,49.5995077997073,4.53980695157181));
#5190=CARTESIAN_POINT('Ctrl Pts',(-27.3465726642412,49.5775943390735,4.48288920260817));
#5191=CARTESIAN_POINT('Ctrl Pts',(-27.2980583887533,49.554561892556,4.4290494592345));
#5192=CARTESIAN_POINT('Ctrl Pts',(-27.2495441132653,49.5315294460385,4.37520971586082));
#5193=CARTESIAN_POINT('Ctrl Pts',(-27.198173200114,49.5073781830933,4.32444835885969));
#5194=CARTESIAN_POINT('Ctrl Pts',(-27.1442605296496,49.4823433327532,4.27709839024476));
#5195=CARTESIAN_POINT('Ctrl Pts',(-27.0935625848896,49.4588012702161,4.23257182399324));
#5196=CARTESIAN_POINT('Ctrl Pts',(-27.0405783061884,49.4344599631815,4.19102763184948));
#5197=CARTESIAN_POINT('Ctrl Pts',(-26.985610558582,49.4094902281283,4.15271983405529));
#5198=CARTESIAN_POINT('Ctrl Pts',(-26.9306512405404,49.3845243223024,4.11441791094361));
#5199=CARTESIAN_POINT('Ctrl Pts',(-26.8737094109122,49.3589303426848,4.07935164072563));
#5200=CARTESIAN_POINT('Ctrl Pts',(-26.8151135781472,49.3328909573624,4.04773124895147));
#5201=CARTESIAN_POINT('Ctrl Pts',(-26.7565105590434,49.306848378505,4.01610697917374));
#5202=CARTESIAN_POINT('Ctrl Pts',(-26.6962535080435,49.2803604591151,3.98792962925115));
#5203=CARTESIAN_POINT('Ctrl Pts',(-26.6346913946594,49.2536193463031,3.96336244805952));
#5204=CARTESIAN_POINT('Ctrl Pts',(-26.5730714539003,49.2268531146596,3.93877219008382));
#5205=CARTESIAN_POINT('Ctrl Pts',(-26.510144395068,49.1998333975154,3.91779902850497));
#5206=CARTESIAN_POINT('Ctrl Pts',(-26.4462747341017,49.1727596221373,3.90055698010476));
#5207=CARTESIAN_POINT('Ctrl Pts',(-26.3823706562394,49.1456712577464,3.88330564062995));
#5208=CARTESIAN_POINT('Ctrl Pts',(-26.3175233723192,49.1185289675855,3.86978951165505));
#5209=CARTESIAN_POINT('Ctrl Pts',(-26.2521064728242,49.091536427644,3.86007144288548));
#5210=CARTESIAN_POINT('Ctrl Pts',(-26.1865997026341,49.0645068049556,3.85034002329062));
#5211=CARTESIAN_POINT('Ctrl Pts',(-26.1205221686298,49.037627537611,3.84441712379234));
#5212=CARTESIAN_POINT('Ctrl Pts',(-26.054251267805,49.0111041900969,3.84231367010029));
#5213=CARTESIAN_POINT('Ctrl Pts',(-26.0359689201553,49.0037871164785,3.84173338416507));
#5214=CARTESIAN_POINT('Ctrl Pts',(-26.0176718489028,48.9964971270944,3.8414434748346));
#5215=CARTESIAN_POINT('Ctrl Pts',(-25.9993679423467,48.9892385215229,3.8414434748346));
#5216=CARTESIAN_POINT('Ctrl Pts',(-25.6828653073201,49.9378301523216,4.84144347483459));
#5217=CARTESIAN_POINT('Ctrl Pts',(-25.7224920176428,49.9510518146548,4.84144347483459));
#5218=CARTESIAN_POINT('Ctrl Pts',(-25.7618983440556,49.9648317022221,4.84553213491018));
#5219=CARTESIAN_POINT('Ctrl Pts',(-25.8006427589128,49.9789919290931,4.85350283587272));
#5220=CARTESIAN_POINT('Ctrl Pts',(-25.8403270526971,49.9934956609284,4.86166689357834));
#5221=CARTESIAN_POINT('Ctrl Pts',(-25.8793166904615,50.0083983057511,4.87390362112689));
#5222=CARTESIAN_POINT('Ctrl Pts',(-25.9171585842253,50.0234576294777,4.8899909948361));
#5223=CARTESIAN_POINT('Ctrl Pts',(-25.9560431177395,50.0389318756084,4.90652161632284));
#5224=CARTESIAN_POINT('Ctrl Pts',(-25.9937156485239,50.054571211565,4.9271179972108));
#5225=CARTESIAN_POINT('Ctrl Pts',(-26.0297099505232,50.0700628411995,4.9515392515919));
#5226=CARTESIAN_POINT('Ctrl Pts',(-26.0682764756965,50.0866615329671,4.97770569654395));
#5227=CARTESIAN_POINT('Ctrl Pts',(-26.1049162146893,50.1030901993022,5.00826321376653));
#5228=CARTESIAN_POINT('Ctrl Pts',(-26.1390870418396,50.1189130367405,5.04291549643216));
#5229=CARTESIAN_POINT('Ctrl Pts',(-26.1444270583306,50.121385736991,5.04833075196783));
#5230=CARTESIAN_POINT('Ctrl Pts',(-26.1497068391884,50.1238435572497,5.05384600825016));
#5231=CARTESIAN_POINT('Ctrl Pts',(-26.1549243786539,50.1262847471708,5.05946013443443));
#5232=CARTESIAN_POINT('Ctrl Pts',(-26.2057633444931,50.150071356132,5.11416338511168));
#5233=CARTESIAN_POINT('Ctrl Pts',(-26.2506846406067,50.1722780371087,5.17825361882647));
#5234=CARTESIAN_POINT('Ctrl Pts',(-26.2885829614378,50.1915975862065,5.2491826652275));
#5235=CARTESIAN_POINT('Ctrl Pts',(-26.3151400971052,50.2051357028084,5.29888598365245));
#5236=CARTESIAN_POINT('Ctrl Pts',(-26.3382507359412,50.2172546058185,5.35194747640313));
#5237=CARTESIAN_POINT('Ctrl Pts',(-26.3575391516739,50.2275206986903,5.40749031983856));
#5238=CARTESIAN_POINT('Ctrl Pts',(-26.3755224092445,50.23709213239,5.459274835143));
#5239=CARTESIAN_POINT('Ctrl Pts',(-26.3901803003229,50.2450492308605,5.51321625913589));
#5240=CARTESIAN_POINT('Ctrl Pts',(-26.401424708441,50.2511985040281,5.56850329163771));
#5241=CARTESIAN_POINT('Ctrl Pts',(-26.4121751072077,50.2570776163819,5.6213613558228));
#5242=CARTESIAN_POINT('Ctrl Pts',(-26.419805576627,50.2613042097051,5.67544939044333));
#5243=CARTESIAN_POINT('Ctrl Pts',(-26.4242179489423,50.2637512297737,5.73005839670969));
#5244=CARTESIAN_POINT('Ctrl Pts',(-26.4272045325984,50.2654075338253,5.7670213621935));
#5245=CARTESIAN_POINT('Ctrl Pts',(-26.428716314512,50.2662493804511,5.80422300939435));
#5246=CARTESIAN_POINT('Ctrl Pts',(-26.428716314512,50.2662493804511,5.84144347483457));
#5247=CARTESIAN_POINT('Origin',(-26.9147305420822,49.3922984833182,14.8414434748346));
#5248=CARTESIAN_POINT('',(-26.428716314512,50.2662493804511,24.8414434748346));
#5249=CARTESIAN_POINT('',(-27.8222815245696,49.8122404009525,24.8414434748346));
#5250=CARTESIAN_POINT('Origin',(-26.9147305420823,49.3922984833182,24.8414434748346));
#5251=CARTESIAN_POINT('',(-27.8222815245696,49.8122404009525,14.8414434748346));
#5252=CARTESIAN_POINT('',(-26.428716314512,50.2662493804511,14.8414434748346));
#5253=CARTESIAN_POINT('Origin',(-24.2902537132028,54.1116333278355,14.8414434748346));
#5254=CARTESIAN_POINT('Origin',(-24.2902537132028,54.1116333278355,24.8414434748346));
#5255=CARTESIAN_POINT('Origin',(-30.0490007401111,45.0000005960465,3.8414434748346));
#5256=CARTESIAN_POINT('',(-30.0490007401111,45.0000005960465,24.8414434748346));
#5257=CARTESIAN_POINT('',(-35.8143921394134,32.5402141133409,24.8414434748346));
#5258=CARTESIAN_POINT('',(-30.0490099027522,44.9999816283294,5.84144347483459));
#5259=CARTESIAN_POINT('',(-30.0490007401111,45.0000005960465,3.8414434748346));
#5260=CARTESIAN_POINT('',(-35.8143921394134,32.5402141133409,5.8414434748346));
#5261=CARTESIAN_POINT('Origin',(-33.9992901744388,31.7003302780724,5.8414434748346));
#5262=CARTESIAN_POINT('Ctrl Pts',(-30.0490184596756,44.9999623016835,5.84144347483459));
#5263=CARTESIAN_POINT('Ctrl Pts',(-30.0490184596756,44.9999623016835,5.6980997293702));
#5264=CARTESIAN_POINT('Ctrl Pts',(-30.0389919714846,44.9850870674413,5.54380465145915));
#5265=CARTESIAN_POINT('Ctrl Pts',(-29.9763646908665,44.9450372145446,5.23133469621963));
#5266=CARTESIAN_POINT('Ctrl Pts',(-29.9284069551092,44.9232610871334,5.08613739545754));
#5267=CARTESIAN_POINT('Ctrl Pts',(-29.8113521523144,44.8766157274622,4.83418151060125));
#5268=CARTESIAN_POINT('Ctrl Pts',(-29.7080908591177,44.8540242603061,4.64239368495438));
#5269=CARTESIAN_POINT('Ctrl Pts',(-29.411196929556,44.6183352726213,4.27384820305375));
#5270=CARTESIAN_POINT('Ctrl Pts',(-29.2790151481601,44.48842639372,4.14920668793733));
#5271=CARTESIAN_POINT('Ctrl Pts',(-28.9795250239972,44.2716305524238,3.96654475939174));
#5272=CARTESIAN_POINT('Ctrl Pts',(-28.8501531574705,44.2119309496735,3.92450156350456));
#5273=CARTESIAN_POINT('Ctrl Pts',(-28.583380482186,44.1213400014896,3.85625047551413));
#5274=CARTESIAN_POINT('Ctrl Pts',(-28.4174758054574,44.1014278052019,3.84243889677671));
#5275=CARTESIAN_POINT('Ctrl Pts',(-28.2727259274638,44.0996654361648,3.84146162966793));
#5276=CARTESIAN_POINT('Ctrl Pts',(-28.2673102657498,44.0996270591641,3.8414434748346));
#5277=CARTESIAN_POINT('Ctrl Pts',(-28.2618937454188,44.0996158635882,3.8414434748346));
#5278=CARTESIAN_POINT('Origin',(19.1597564030931,-44.8055065304098,14.8414434748346));
#5279=CARTESIAN_POINT('',(20.0985006586028,-45.1501211307211,5.8414434748346));
#5280=CARTESIAN_POINT('',(18.7465519364589,-45.7161448058811,5.8414434748346));
#5281=CARTESIAN_POINT('Origin',(19.1597564030931,-44.8055065304098,5.8414434748346));
#5282=CARTESIAN_POINT('',(18.7465519364589,-45.7161448058811,24.8414434748346));
#5283=CARTESIAN_POINT('',(18.7465519364589,-45.7161448058811,14.8414434748346));
#5284=CARTESIAN_POINT('',(20.0985006586027,-45.1501211307211,24.8414434748346));
#5285=CARTESIAN_POINT('Origin',(19.1597564030931,-44.8055065304098,24.8414434748346));
#5286=CARTESIAN_POINT('',(20.0985006586027,-45.1501211307211,14.8414434748346));
#5287=CARTESIAN_POINT('Ctrl Pts',(18.2144048296014,-44.4782940864756,3.84144348592526));
#5288=CARTESIAN_POINT('Ctrl Pts',(18.6421189772652,-44.6087169224767,3.84139530594015));
#5289=CARTESIAN_POINT('Ctrl Pts',(19.348113291628,-44.8522783045037,4.10293074028111));
#5290=CARTESIAN_POINT('Ctrl Pts',(19.9717695635631,-45.0977535470297,4.94432755773934));
#5291=CARTESIAN_POINT('Ctrl Pts',(20.0985298421879,-45.1501331898144,5.54213238039433));
#5292=CARTESIAN_POINT('Ctrl Pts',(20.0985006485232,-45.1501211265561,5.84165030033));
#5293=CARTESIAN_POINT('Ctrl Pts',(18.143147540147,-44.7688864610924,3.84143996399031));
#5294=CARTESIAN_POINT('Ctrl Pts',(18.5605428950938,-44.8918891041337,3.84904367328818));
#5295=CARTESIAN_POINT('Ctrl Pts',(19.2400417332738,-45.1285780569801,4.10211642875314));
#5296=CARTESIAN_POINT('Ctrl Pts',(19.8617715784986,-45.3870938309438,4.93327297612283));
#5297=CARTESIAN_POINT('Ctrl Pts',(19.9905551159245,-45.4442631283011,5.5380598375764));
#5298=CARTESIAN_POINT('Ctrl Pts',(19.990525456381,-45.4442499620359,5.84165311438625));
#5299=CARTESIAN_POINT('Ctrl Pts',(18.0198334097196,-45.2718819190191,4.09267127016423));
#5300=CARTESIAN_POINT('Ctrl Pts',(18.3647159054272,-45.3626692676171,4.10442752833428));
#5301=CARTESIAN_POINT('Ctrl Pts',(18.9209862669289,-45.5595699663331,4.32354727034364));
#5302=CARTESIAN_POINT('Ctrl Pts',(19.4346911514744,-45.8001091950384,5.04072633615666));
#5303=CARTESIAN_POINT('Ctrl Pts',(19.5439350504401,-45.8567405559149,5.57425800495841));
#5304=CARTESIAN_POINT('Ctrl Pts',(19.5439098910845,-45.8567275136558,5.84162810135053));
#5305=CARTESIAN_POINT('Ctrl Pts',(17.976320973827,-45.4495543769775,4.61705323424073));
#5306=CARTESIAN_POINT('Ctrl Pts',(18.2023112883265,-45.504902340323,4.62053778195675));
#5307=CARTESIAN_POINT('Ctrl Pts',(18.568553237296,-45.6291718376119,4.77792667357428));
#5308=CARTESIAN_POINT('Ctrl Pts',(18.8934373900181,-45.7788530268323,5.28741184446051));
#5309=CARTESIAN_POINT('Ctrl Pts',(18.9605472905852,-45.8132512338986,5.65660858943391));
#5310=CARTESIAN_POINT('Ctrl Pts',(18.9605318348062,-45.81324331193,5.84157119668722));
#5311=CARTESIAN_POINT('Ctrl Pts',(17.9763440816355,-45.4495561173976,4.84145972452547));
#5312=CARTESIAN_POINT('Ctrl Pts',(18.1540992500288,-45.493143418787,4.84143538053419));
#5313=CARTESIAN_POINT('Ctrl Pts',(18.4437784354085,-45.5867654308889,4.97220117053469));
#5314=CARTESIAN_POINT('Ctrl Pts',(18.6956767143265,-45.6927053539838,5.39289315177801));
#5315=CARTESIAN_POINT('Ctrl Pts',(18.7465481578511,-45.7161431727634,5.69179047433085));
#5316=CARTESIAN_POINT('Ctrl Pts',(18.7465364418354,-45.7161377749619,5.84154688582252));
#5317=CARTESIAN_POINT('Ctrl Pts',(20.0985006586028,-45.1501211307211,5.84144347483457));
#5318=CARTESIAN_POINT('Ctrl Pts',(20.0985006586028,-45.1501211307211,5.76540644572151));
#5319=CARTESIAN_POINT('Ctrl Pts',(20.0944869443177,-45.1484592399375,5.68939059782164));
#5320=CARTESIAN_POINT('Ctrl Pts',(20.0864799753042,-45.1451760899843,5.61387980924924));
#5321=CARTESIAN_POINT('Ctrl Pts',(20.0784721299264,-45.1418925806897,5.53836075600658));
#5322=CARTESIAN_POINT('Ctrl Pts',(20.0664702027065,-45.1369874745874,5.46334721840952));
#5323=CARTESIAN_POINT('Ctrl Pts',(20.0505432024721,-45.1305192366869,5.38931638809104));
#5324=CARTESIAN_POINT('Ctrl Pts',(20.0346151083585,-45.1240505545426,5.3152804732755));
#5325=CARTESIAN_POINT('Ctrl Pts',(20.0147614779569,-45.1160185537414,5.24222774024844));
#5326=CARTESIAN_POINT('Ctrl Pts',(19.9910989576718,-45.1064991939548,5.17062349102206));
#5327=CARTESIAN_POINT('Ctrl Pts',(19.9689096382427,-45.0975724983823,5.10347723866114));
#5328=CARTESIAN_POINT('Ctrl Pts',(19.9433714314936,-45.087338061795,5.03760483807761));
#5329=CARTESIAN_POINT('Ctrl Pts',(19.9146175152486,-45.0758721004231,4.97337645934118));
#5330=CARTESIAN_POINT('Ctrl Pts',(19.8844337109232,-45.0638359544074,4.90595410200393));
#5331=CARTESIAN_POINT('Ctrl Pts',(19.8507013578225,-45.050440896021,4.840334971989));
#5332=CARTESIAN_POINT('Ctrl Pts',(19.8136093204161,-45.0358388460876,4.77694679849095));
#5333=CARTESIAN_POINT('Ctrl Pts',(19.7776700858838,-45.0216906209184,4.71552869926503));
#5334=CARTESIAN_POINT('Ctrl Pts',(19.7385772044388,-45.0064094281793,4.65620528377808));
#5335=CARTESIAN_POINT('Ctrl Pts',(19.6965449426523,-44.9901490502737,4.59933813900278));
#5336=CARTESIAN_POINT('Ctrl Pts',(19.6524903125756,-44.9731063096955,4.5397348504784));
#5337=CARTESIAN_POINT('Ctrl Pts',(19.6052066012193,-44.9549878755094,4.48283058011595));
#5338=CARTESIAN_POINT('Ctrl Pts',(19.5549855621841,-44.935987349664,4.42900326909215));
#5339=CARTESIAN_POINT('Ctrl Pts',(19.5047645231488,-44.9169868238186,4.37517595806835));
#5340=CARTESIAN_POINT('Ctrl Pts',(19.4516065337154,-44.8971043448143,4.32442598538195));
#5341=CARTESIAN_POINT('Ctrl Pts',(19.3958442500594,-44.8765485300041,4.27708600194828));
#5342=CARTESIAN_POINT('Ctrl Pts',(19.3433933157067,-44.8572133876376,4.23255722370364));
#5343=CARTESIAN_POINT('Ctrl Pts',(19.2885983472363,-44.8372678723931,4.1910112765072));
#5344=CARTESIAN_POINT('Ctrl Pts',(19.2317751719426,-44.8168575855035,4.1527021829828));
#5345=CARTESIAN_POINT('Ctrl Pts',(19.1749606529406,-44.7964504078628,4.11439892536406));
#5346=CARTESIAN_POINT('Ctrl Pts',(19.116118905987,-44.7755787326849,4.0793317863113));
#5347=CARTESIAN_POINT('Ctrl Pts',(19.0555922785727,-44.7543978832582,4.04771099133705));
#5348=CARTESIAN_POINT('Ctrl Pts',(18.9950581798207,-44.7332144192917,4.016086293128));
#5349=CARTESIAN_POINT('Ctrl Pts',(18.9328391744931,-44.7117218478654,3.98790898593603));
#5350=CARTESIAN_POINT('Ctrl Pts',(18.8692987724799,-44.6900832720002,3.96334231714766));
#5351=CARTESIAN_POINT('Ctrl Pts',(18.805698650108,-44.6684243584685,3.93875255863647));
#5352=CARTESIAN_POINT('Ctrl Pts',(18.7407750568017,-44.6466193167309,3.91778037096983));
#5353=CARTESIAN_POINT('Ctrl Pts',(18.674907588235,-44.6248372386303,3.90053976871527));
#5354=CARTESIAN_POINT('Ctrl Pts',(18.6090046070352,-44.6030434166602,3.88328987114098));
#5355=CARTESIAN_POINT('Ctrl Pts',(18.5421571588203,-44.5812727395931,3.86977565895165));
#5356=CARTESIAN_POINT('Ctrl Pts',(18.4747542284809,-44.5596977942006,3.86005997940831));
#5357=CARTESIAN_POINT('Ctrl Pts',(18.407258715992,-44.5380932142683,3.85033095477018));
#5358=CARTESIAN_POINT('Ctrl Pts',(18.3392066265637,-44.5166850627451,3.84441092203914));
#5359=CARTESIAN_POINT('Ctrl Pts',(18.2709908921616,-44.4956474983037,3.84231080448112));
#5360=CARTESIAN_POINT('Ctrl Pts',(18.2522042048188,-44.4898537302078,3.84173242982472));
#5361=CARTESIAN_POINT('Ctrl Pts',(18.2334050982158,-44.4840880668231,3.84144347483454));
#5362=CARTESIAN_POINT('Ctrl Pts',(18.2146017435621,-44.4783541326306,3.84144347483459));
#5363=CARTESIAN_POINT('',(17.9764259175816,-45.4495761854686,4.84144347483459));
#5364=CARTESIAN_POINT('Origin',(18.214601743562,-44.4783541326308,4.84144347483459));
#5365=CARTESIAN_POINT('Ctrl Pts',(17.9764259175816,-45.4495761854686,4.84144347483459));
#5366=CARTESIAN_POINT('Ctrl Pts',(18.0169994746558,-45.4595261659503,4.84144347483436));
#5367=CARTESIAN_POINT('Ctrl Pts',(18.0573987060643,-45.4700504775557,4.84553257309642));
#5368=CARTESIAN_POINT('Ctrl Pts',(18.0971690752593,-45.4810077845346,4.85350405422279));
#5369=CARTESIAN_POINT('Ctrl Pts',(18.1379043385826,-45.4922309336815,4.86166893650403));
#5370=CARTESIAN_POINT('Ctrl Pts',(18.1779796064167,-45.503908260366,4.87390687282608));
#5371=CARTESIAN_POINT('Ctrl Pts',(18.2169235757443,-45.5158352342917,4.88999573404434));
#5372=CARTESIAN_POINT('Ctrl Pts',(18.2569406321616,-45.5280908517009,4.90652791805583));
#5373=CARTESIAN_POINT('Ctrl Pts',(18.2957630177703,-45.5406097345339,4.92712617251521));
#5374=CARTESIAN_POINT('Ctrl Pts',(18.3329005857893,-45.5531180934514,4.95154949560414));
#5375=CARTESIAN_POINT('Ctrl Pts',(18.37269202346,-45.5665203061104,4.97771812188324));
#5376=CARTESIAN_POINT('Ctrl Pts',(18.4105490794776,-45.5799099948288,5.0082780326369));
#5377=CARTESIAN_POINT('Ctrl Pts',(18.4458959448201,-45.5928969551404,5.04293277965656));
#5378=CARTESIAN_POINT('Ctrl Pts',(18.4514125804763,-45.5949238485474,5.04834139541965));
#5379=CARTESIAN_POINT('Ctrl Pts',(18.4568681241128,-45.596940843196,5.05384975439126));
#5380=CARTESIAN_POINT('Ctrl Pts',(18.4622604424265,-45.5989463640691,5.05945672958409));
#5381=CARTESIAN_POINT('Ctrl Pts',(18.5148770463,-45.6185156274549,5.11416789006955));
#5382=CARTESIAN_POINT('Ctrl Pts',(18.5614654421637,-45.6369921289997,5.17826856082799));
#5383=CARTESIAN_POINT('Ctrl Pts',(18.6008166809895,-45.6531623976262,5.24921107875389));
#5384=CARTESIAN_POINT('Ctrl Pts',(18.6283802964891,-45.664488878831,5.29890283802322));
#5385=CARTESIAN_POINT('Ctrl Pts',(18.6523951144108,-45.6746821854563,5.35195142396087));
#5386=CARTESIAN_POINT('Ctrl Pts',(18.6724515766436,-45.6833410503448,5.40748129792201));
#5387=CARTESIAN_POINT('Ctrl Pts',(18.691156402187,-45.6914163806431,5.45926892591143));
#5388=CARTESIAN_POINT('Ctrl Pts',(18.7064152088703,-45.698153581477,5.51321467516115));
#5389=CARTESIAN_POINT('Ctrl Pts',(18.7181241924778,-45.7033668639399,5.56850613231227));
#5390=CARTESIAN_POINT('Ctrl Pts',(18.7293180289254,-45.7083507833989,5.62136499257301));
#5391=CARTESIAN_POINT('Ctrl Pts',(18.7372677292536,-45.7119418565895,5.67545375430425));
#5392=CARTESIAN_POINT('Ctrl Pts',(18.7418649314174,-45.7140213692538,5.73006258426425));
#5393=CARTESIAN_POINT('Ctrl Pts',(18.7449765551587,-45.7154288907737,5.76702465939883));
#5394=CARTESIAN_POINT('Ctrl Pts',(18.7465519364589,-45.7161448058811,5.80422499241239));
#5395=CARTESIAN_POINT('Ctrl Pts',(18.7465519364589,-45.7161448058811,5.8414434748346));
#5396=CARTESIAN_POINT('Origin',(16.9284522832681,-49.7229532179552,4.8414434748346));
#5397=CARTESIAN_POINT('',(12.9311507199927,-51.5618605598941,4.8414434748346));
#5398=CARTESIAN_POINT('Origin',(12.0226730919756,-51.9797940466983,4.8414434748346));
#5399=CARTESIAN_POINT('Origin',(16.9284522832681,-49.7229532179552,4.8414434748346));
#5400=CARTESIAN_POINT('Ctrl Pts',(12.6897830821304,-53.9180773105442,5.84202687737374));
#5401=CARTESIAN_POINT('Ctrl Pts',(12.6898211050474,-53.9181689576478,5.52887031388515));
#5402=CARTESIAN_POINT('Ctrl Pts',(12.6439615981235,-53.8076357774617,5.06318185093302));
#5403=CARTESIAN_POINT('Ctrl Pts',(12.4240524376489,-53.2488416283703,4.17773022519177));
#5404=CARTESIAN_POINT('Ctrl Pts',(12.1860442101213,-52.5589904597448,3.84128054990664));
#5405=CARTESIAN_POINT('Ctrl Pts',(12.0224790499966,-51.9792730350436,3.84144354983795));
#5406=CARTESIAN_POINT('Ctrl Pts',(12.8881045831798,-53.8960981202362,5.84206066471841));
#5407=CARTESIAN_POINT('Ctrl Pts',(12.8881509748976,-53.8962004994753,5.51076690266127));
#5408=CARTESIAN_POINT('Ctrl Pts',(12.8321964816613,-53.7727211423227,5.0204188095408));
#5409=CARTESIAN_POINT('Ctrl Pts',(12.5792161143285,-53.1758403999793,4.1298762960658));
#5410=CARTESIAN_POINT('Ctrl Pts',(12.3264510744971,-52.4848942453237,3.82724522312257));
#5411=CARTESIAN_POINT('Ctrl Pts',(12.1583967157808,-51.916754714429,3.84144965625024));
#5412=CARTESIAN_POINT('Ctrl Pts',(13.269726096223,-53.7301852675832,5.84209181130879));
#5413=CARTESIAN_POINT('Ctrl Pts',(13.2697879084646,-53.7302987063229,5.49407777158163));
#5414=CARTESIAN_POINT('Ctrl Pts',(13.1952320931372,-53.5934768710147,4.98255980329474));
#5415=CARTESIAN_POINT('Ctrl Pts',(12.8823660992708,-52.9731269040571,4.11769080958598));
#5416=CARTESIAN_POINT('Ctrl Pts',(12.6045394170642,-52.3166627803304,3.87595493306778));
#5417=CARTESIAN_POINT('Ctrl Pts',(12.4298322333327,-51.7919218640611,3.90983320881394));
#5418=CARTESIAN_POINT('Ctrl Pts',(13.6612542216885,-53.1117634161506,5.84200223005797));
#5419=CARTESIAN_POINT('Ctrl Pts',(13.661321299434,-53.1118555908693,5.54207289336388));
#5420=CARTESIAN_POINT('Ctrl Pts',(13.5804134061859,-53.0006795406537,5.10296590239225));
#5421=CARTESIAN_POINT('Ctrl Pts',(13.2522358972979,-52.5121855557584,4.38843146416867));
#5422=CARTESIAN_POINT('Ctrl Pts',(12.9771548544185,-52.0147085640858,4.20907555249719));
#5423=CARTESIAN_POINT('Ctrl Pts',(12.8118201025914,-51.6163149864857,4.2444799509801));
#5424=CARTESIAN_POINT('Ctrl Pts',(13.5623811138383,-52.5723617671981,5.84183640649816));
#5425=CARTESIAN_POINT('Ctrl Pts',(13.5624251865382,-52.5724164643372,5.63091892491113));
#5426=CARTESIAN_POINT('Ctrl Pts',(13.5092670225009,-52.5064453783606,5.32001808379254));
#5427=CARTESIAN_POINT('Ctrl Pts',(13.2769342280065,-52.198780387126,4.77515528870662));
#5428=CARTESIAN_POINT('Ctrl Pts',(13.0643028408639,-51.8507137944541,4.60350201977203));
#5429=CARTESIAN_POINT('Ctrl Pts',(12.9310265249678,-51.5615911639478,4.61705658580117));
#5430=CARTESIAN_POINT('Ctrl Pts',(13.3849672466035,-52.3313461706799,5.84173518127773));
#5431=CARTESIAN_POINT('Ctrl Pts',(13.384993951928,-52.331382266271,5.68515412234712));
#5432=CARTESIAN_POINT('Ctrl Pts',(13.3527844991109,-52.2878483627137,5.4523061149756));
#5433=CARTESIAN_POINT('Ctrl Pts',(13.1996180067102,-52.0672359615192,5.00957952282042));
#5434=CARTESIAN_POINT('Ctrl Pts',(13.0376466089333,-51.7933935351056,4.84135986374897));
#5435=CARTESIAN_POINT('Ctrl Pts',(12.9310513899201,-51.5616446242823,4.84144351380577));
#5436=CARTESIAN_POINT('Ctrl Pts',(12.0226730919756,-51.9797940466983,3.8414434748346));
#5437=CARTESIAN_POINT('Ctrl Pts',(12.0481236441021,-52.06998422237,3.8414434748346));
#5438=CARTESIAN_POINT('Ctrl Pts',(12.0742328586877,-52.1595832851829,3.84785538970426));
#5439=CARTESIAN_POINT('Ctrl Pts',(12.1006962939233,-52.2479212343032,3.86045285056002));
#5440=CARTESIAN_POINT('Ctrl Pts',(12.1292518136348,-52.343242798753,3.87404621206347));
#5441=CARTESIAN_POINT('Ctrl Pts',(12.1582198517009,-52.4370966712253,3.89484170893501));
#5442=CARTESIAN_POINT('Ctrl Pts',(12.1872240402347,-52.5286963898644,3.9225248057602));
#5443=CARTESIAN_POINT('Ctrl Pts',(12.2188826302413,-52.6286791193839,3.95274140056264));
#5444=CARTESIAN_POINT('Ctrl Pts',(12.2505844356568,-52.7259775352824,3.99116460952507));
#5445=CARTESIAN_POINT('Ctrl Pts',(12.2818452626977,-52.8196162535134,4.03734692930103));
#5446=CARTESIAN_POINT('Ctrl Pts',(12.3119026921574,-52.9096503132088,4.08175144288401));
#5447=CARTESIAN_POINT('Ctrl Pts',(12.3415526404177,-52.9963028130213,4.13332975908384));
#5448=CARTESIAN_POINT('Ctrl Pts',(12.3703665550822,-53.0787234028148,4.19164202659793));
#5449=CARTESIAN_POINT('Ctrl Pts',(12.3962700686472,-53.1528189531979,4.24406435900745));
#5450=CARTESIAN_POINT('Ctrl Pts',(12.4214979958727,-53.2234951026587,4.30192924138131));
#5451=CARTESIAN_POINT('Ctrl Pts',(12.4457386290343,-53.2901309550918,4.36487728799533));
#5452=CARTESIAN_POINT('Ctrl Pts',(12.4699792621958,-53.3567668075249,4.42782533460935));
#5453=CARTESIAN_POINT('Ctrl Pts',(12.4932326486323,-53.419362789832,4.495857705271));
#5454=CARTESIAN_POINT('Ctrl Pts',(12.5151857682499,-53.4772861709937,4.56856179949863));
#5455=CARTESIAN_POINT('Ctrl Pts',(12.5333324298333,-53.5251661996195,4.62865970889224));
#5456=CARTESIAN_POINT('Ctrl Pts',(12.5505926425058,-53.5698715711912,4.69197373333208));
#5457=CARTESIAN_POINT('Ctrl Pts',(12.5666603743758,-53.6110254900822,4.75820648951916));
#5458=CARTESIAN_POINT('Ctrl Pts',(12.5812629558656,-53.6484267523818,4.81839975309467));
#5459=CARTESIAN_POINT('Ctrl Pts',(12.5948806015657,-53.6828945860372,4.88100335627572));
#5460=CARTESIAN_POINT('Ctrl Pts',(12.6072842243915,-53.7141518319643,4.94575709803357));
#5461=CARTESIAN_POINT('Ctrl Pts',(12.6182635534872,-53.741819844325,5.00307524217009));
#5462=CARTESIAN_POINT('Ctrl Pts',(12.6282906860904,-53.7669634733117,5.06206627957301));
#5463=CARTESIAN_POINT('Ctrl Pts',(12.6372740011319,-53.7893693783881,5.12244002728809));
#5464=CARTESIAN_POINT('Ctrl Pts',(12.6462311733438,-53.8117100788316,5.18263807810388));
#5465=CARTESIAN_POINT('Ctrl Pts',(12.654150556907,-53.8313286276209,5.24421038264611));
#5466=CARTESIAN_POINT('Ctrl Pts',(12.6609458295915,-53.8480541337105,5.3068374501859));
#5467=CARTESIAN_POINT('Ctrl Pts',(12.6677297850836,-53.8647517842925,5.36936021542599));
#5468=CARTESIAN_POINT('Ctrl Pts',(12.6733933405639,-53.8785657471848,5.43293376433276));
#5469=CARTESIAN_POINT('Ctrl Pts',(12.6778556076057,-53.8893711027101,5.49721508284135));
#5470=CARTESIAN_POINT('Ctrl Pts',(12.6823116056185,-53.9001612778154,5.5614060926682));
#5471=CARTESIAN_POINT('Ctrl Pts',(12.6855696667914,-53.9079511001556,5.62630237507345));
#5472=CARTESIAN_POINT('Ctrl Pts',(12.6875546248003,-53.9126647074979,5.69154463225575));
#5473=CARTESIAN_POINT('Ctrl Pts',(12.6890703593571,-53.9162640670329,5.7413642976254));
#5474=CARTESIAN_POINT('Ctrl Pts',(12.6898438550376,-53.9180706626849,5.79138527554988));
#5475=CARTESIAN_POINT('Ctrl Pts',(12.6898438550376,-53.9180706626849,5.8414434748346));
#5476=CARTESIAN_POINT('',(13.3849672714785,-52.3313462043019,5.8414434748346));
#5477=CARTESIAN_POINT('Origin',(12.5796297687991,-52.924162792108,5.8414434748346));
#5478=CARTESIAN_POINT('Ctrl Pts',(13.3849672714785,-52.3313462043019,5.8414434748346));
#5479=CARTESIAN_POINT('Ctrl Pts',(13.3849672714785,-52.3313462043019,5.68496129334975));
#5480=CARTESIAN_POINT('Ctrl Pts',(13.3527573160012,-52.2878092096914,5.45222754240195));
#5481=CARTESIAN_POINT('Ctrl Pts',(13.1996451898198,-52.0672751145415,5.00965809539407));
#5482=CARTESIAN_POINT('Ctrl Pts',(13.0377271023687,-51.793529622366,4.84144347483459));
#5483=CARTESIAN_POINT('Ctrl Pts',(12.9311507199927,-51.5618605598941,4.84144347483459));
#5484=CARTESIAN_POINT('Origin',(12.5796297687991,-52.924162792108,14.8414434748346));
#5485=CARTESIAN_POINT('',(13.3849672714785,-52.3313462043019,24.8414434748346));
#5486=CARTESIAN_POINT('Origin',(12.5796297687991,-52.924162792108,24.8414434748346));
#5487=CARTESIAN_POINT('',(13.3849672714785,-52.3313462043019,14.8414434748346));
#5488=CARTESIAN_POINT('Origin',(7.15096031123304,-52.5200165244966,5.8414434748346));
#5489=CARTESIAN_POINT('Ctrl Pts',(-15.6910168205694,-55.0529551518991,3.84144347483459));
#5490=CARTESIAN_POINT('Ctrl Pts',(-15.6828424371887,-55.1270754561601,3.84144347483459));
#5491=CARTESIAN_POINT('Ctrl Pts',(-15.6746680752372,-55.2011955671741,3.84561829616838));
#5492=CARTESIAN_POINT('Ctrl Pts',(-15.6584222970628,-55.3485074138262,3.86226517080447));
#5493=CARTESIAN_POINT('Ctrl Pts',(-15.6503509200231,-55.4216987961124,3.87473690575597));
#5494=CARTESIAN_POINT('Ctrl Pts',(-15.6344125066416,-55.5662388090036,3.9078210026037));
#5495=CARTESIAN_POINT('Ctrl Pts',(-15.6265455058155,-55.6375871193299,3.92843302842333));
#5496=CARTESIAN_POINT('Ctrl Pts',(-15.6111146722837,-55.777549766067,3.97753947910191));
#5497=CARTESIAN_POINT('Ctrl Pts',(-15.6035508714739,-55.8461638148421,4.0060335533501));
#5498=CARTESIAN_POINT('Ctrl Pts',(-15.5888214656608,-55.9798009821718,4.07054749255093));
#5499=CARTESIAN_POINT('Ctrl Pts',(-15.5816558890108,-56.0448238450366,4.10656699524035));
#5500=CARTESIAN_POINT('Ctrl Pts',(-15.5678129749245,-56.1704666323419,4.1856812695895));
#5501=CARTESIAN_POINT('Ctrl Pts',(-15.5611356623989,-56.2310863321375,4.22877566988844));
#5502=CARTESIAN_POINT('Ctrl Pts',(-15.5483172972312,-56.3474920146266,4.32176148059376));
#5503=CARTESIAN_POINT('Ctrl Pts',(-15.5421794938208,-56.4032486958289,4.37168938667263));
#5504=CARTESIAN_POINT('Ctrl Pts',(-15.5305919989161,-56.5085544785321,4.47723817937327));
#5505=CARTESIAN_POINT('Ctrl Pts',(-15.5251387812896,-56.5581353786048,4.53282639496669));
#5506=CARTESIAN_POINT('Ctrl Pts',(-15.5149508608134,-56.6508176046612,4.64921969555784));
#5507=CARTESIAN_POINT('Ctrl Pts',(-15.5102161387994,-56.6939191034687,4.71002414308758));
#5508=CARTESIAN_POINT('Ctrl Pts',(-15.5015247531118,-56.7731055685813,4.83608970942192));
#5509=CARTESIAN_POINT('Ctrl Pts',(-15.4975680701687,-56.8091907086588,4.90135025795628));
#5510=CARTESIAN_POINT('Ctrl Pts',(-15.4904480322343,-56.8742106996848,5.03616703338461));
#5511=CARTESIAN_POINT('Ctrl Pts',(-15.4872927833031,-56.9030724503868,5.10575850081822));
#5512=CARTESIAN_POINT('Ctrl Pts',(-15.4818929098317,-56.9525800636775,5.24709119382853));
#5513=CARTESIAN_POINT('Ctrl Pts',(-15.4796398703858,-56.9733018116754,5.31880509358669));
#5514=CARTESIAN_POINT('Ctrl Pts',(-15.476004183425,-57.0069019852548,5.46516399672123));
#5515=CARTESIAN_POINT('Ctrl Pts',(-15.4746346399513,-57.0196622389204,5.5398360409519));
#5516=CARTESIAN_POINT('Ctrl Pts',(-15.4728364698643,-57.0366975815606,5.69015342213443));
#5517=CARTESIAN_POINT('Ctrl Pts',(-15.4724078484636,-57.0409726235275,5.7657983440552));
#5518=CARTESIAN_POINT('Ctrl Pts',(-15.4724527330055,-57.0409776007582,5.84144347483459));
#5519=CARTESIAN_POINT('Origin',(26.2099959031098,-22.6985736734584,5.84144347483459));
#5520=CARTESIAN_POINT('',(23.4741833067067,-35.9546236344795,5.8414434748346));
#5521=CARTESIAN_POINT('',(28.087484414129,-23.387802874081,5.8414434748346));
#5522=CARTESIAN_POINT('Ctrl Pts',(23.4741833067068,-35.9546236344796,5.8414434748346));
#5523=CARTESIAN_POINT('Ctrl Pts',(23.4741833067068,-35.9546236344796,5.7676155602207));
#5524=CARTESIAN_POINT('Ctrl Pts',(23.4703105093576,-35.95331313235,5.69395664645316));
#5525=CARTESIAN_POINT('Ctrl Pts',(23.4626160008995,-35.9507025377562,5.62078321127888));
#5526=CARTESIAN_POINT('Ctrl Pts',(23.4548059801974,-35.9480527521418,5.54651127478522));
#5527=CARTESIAN_POINT('Ctrl Pts',(23.4430571618719,-35.9440630148497,5.47274070446705));
#5528=CARTESIAN_POINT('Ctrl Pts',(23.4274283477578,-35.9387494774911,5.39984511404381));
#5529=CARTESIAN_POINT('Ctrl Pts',(23.4118152758676,-35.9334412922273,5.32702294817396));
#5530=CARTESIAN_POINT('Ctrl Pts',(23.3923295347232,-35.9268118122524,5.25507558537827));
#5531=CARTESIAN_POINT('Ctrl Pts',(23.3690499711269,-35.9188875846836,5.18439626577535));
#5532=CARTESIAN_POINT('Ctrl Pts',(23.3576261585329,-35.9149989855557,5.14971231226926));
#5533=CARTESIAN_POINT('Ctrl Pts',(23.3452891209551,-35.9107987766089,5.11533387871803));
#5534=CARTESIAN_POINT('Ctrl Pts',(23.3320500579822,-35.9062910329353,5.08130750704052));
#5535=CARTESIAN_POINT('Ctrl Pts',(23.3049883305293,-35.8970768362075,5.01175482053779));
#5536=CARTESIAN_POINT('Ctrl Pts',(23.2743058211568,-35.8866278335709,4.94405521704353));
#5537=CARTESIAN_POINT('Ctrl Pts',(23.240221035246,-35.8750218422216,4.87852564567651));
#5538=CARTESIAN_POINT('Ctrl Pts',(23.2064440192807,-35.863520647638,4.81358777621028));
#5539=CARTESIAN_POINT('Ctrl Pts',(23.16932773085,-35.8508839624104,4.75078092087614));
#5540=CARTESIAN_POINT('Ctrl Pts',(23.1290621969914,-35.8371819206544,4.69036369278725));
#5541=CARTESIAN_POINT('Ctrl Pts',(23.1071798367273,-35.8297355270436,4.65752986632319));
#5542=CARTESIAN_POINT('Ctrl Pts',(23.084366830708,-35.8219743349788,4.6254008989252));
#5543=CARTESIAN_POINT('Ctrl Pts',(23.0606476772903,-35.813907703217,4.59401267187665));
#5544=CARTESIAN_POINT('Ctrl Pts',(23.0193239406155,-35.7998539399605,4.53932780153573));
#5545=CARTESIAN_POINT('Ctrl Pts',(22.9752469655503,-35.7848719798225,4.48688441948695));
#5546=CARTESIAN_POINT('Ctrl Pts',(22.9285228298019,-35.7689929825665,4.43687501566731));
#5547=CARTESIAN_POINT('Ctrl Pts',(22.8792879588789,-35.7522607227234,4.38417834182715));
#5548=CARTESIAN_POINT('Ctrl Pts',(22.8273780188724,-35.7346219978566,4.33446991989459));
#5549=CARTESIAN_POINT('Ctrl Pts',(22.773033868392,-35.7161552308304,4.28794526030252));
#5550=CARTESIAN_POINT('Ctrl Pts',(22.7178969752383,-35.697419080731,4.24074192448322));
#5551=CARTESIAN_POINT('Ctrl Pts',(22.6602539490177,-35.6778304563639,4.19681776269316));
#5552=CARTESIAN_POINT('Ctrl Pts',(22.60038850161,-35.6574849580796,4.15640455849478));
#5553=CARTESIAN_POINT('Ctrl Pts',(22.5405354171931,-35.6371436614043,4.1159997001468));
#5554=CARTESIAN_POINT('Ctrl Pts',(22.4784613605054,-35.6160460468935,4.07910581217961));
#5555=CARTESIAN_POINT('Ctrl Pts',(22.4144804522432,-35.5943000536867,4.04595653925542));
#5556=CARTESIAN_POINT('Ctrl Pts',(22.3842323786085,-35.584019261781,4.03028465094401));
#5557=CARTESIAN_POINT('Ctrl Pts',(22.3535584997908,-35.5735937081818,4.01544960523904));
#5558=CARTESIAN_POINT('Ctrl Pts',(22.3224936049668,-35.5630354282176,4.00147507607692));
#5559=CARTESIAN_POINT('Ctrl Pts',(22.2565694261641,-35.5406292382029,3.97181911347392));
#5560=CARTESIAN_POINT('Ctrl Pts',(22.1892510784545,-35.5177498376208,3.94620435906556));
#5561=CARTESIAN_POINT('Ctrl Pts',(22.1209118793219,-35.4945272921444,3.92470640579035));
#5562=CARTESIAN_POINT('Ctrl Pts',(22.0529620814438,-35.4714370702605,3.9033309492678));
#5563=CARTESIAN_POINT('Ctrl Pts',(21.9840042880025,-35.4480081120738,3.88602428685493));
#5564=CARTESIAN_POINT('Ctrl Pts',(21.9143632950841,-35.4243534257252,3.87284023456989));
#5565=CARTESIAN_POINT('Ctrl Pts',(21.8466811466414,-35.4013640924931,3.86002702001856));
#5566=CARTESIAN_POINT('Ctrl Pts',(21.7783542243705,-35.378161788739,3.85110586731476));
#5567=CARTESIAN_POINT('Ctrl Pts',(21.7096278678962,-35.3548308028348,3.84613001250554));
#5568=CARTESIAN_POINT('Ctrl Pts',(21.6690087459471,-35.3410415637386,3.84318914871375));
#5569=CARTESIAN_POINT('Ctrl Pts',(21.6282490247426,-35.3272069766593,3.8416266028889));
#5570=CARTESIAN_POINT('Ctrl Pts',(21.5873896237433,-35.3133407711211,3.84145863747055));
#5571=CARTESIAN_POINT('Ctrl Pts',(21.5849307318457,-35.3125063119852,3.84144852942206));
#5572=CARTESIAN_POINT('Ctrl Pts',(21.5824717146939,-35.3116718188398,3.84144347475598));
#5573=CARTESIAN_POINT('Ctrl Pts',(21.5800125803774,-35.3108372944136,3.84144347483459));
#5574=CARTESIAN_POINT('',(20.5509996473191,-39.,3.86489200739705));
#5575=CARTESIAN_POINT('Ctrl Pts',(20.4824277342873,-38.3007034487625,3.84144347483459));
#5576=CARTESIAN_POINT('Ctrl Pts',(20.5218579845035,-38.4998251130171,3.84144347483458));
#5577=CARTESIAN_POINT('Ctrl Pts',(20.5447651501235,-38.7048070042849,3.8497821700644));
#5578=CARTESIAN_POINT('Ctrl Pts',(20.5506276314689,-38.9402463355694,3.86173907287486));
#5579=CARTESIAN_POINT('Ctrl Pts',(20.5509996473191,-38.970123301814,3.86330137697563));
#5580=CARTESIAN_POINT('Ctrl Pts',(20.5509996473191,-39.,3.86489200739705));
#5581=CARTESIAN_POINT('Ctrl Pts',(20.5509996473191,-39.,3.86489200739705));
#5582=CARTESIAN_POINT('Ctrl Pts',(20.5509996473191,-39.4293468829811,3.88775036373743));
#5583=CARTESIAN_POINT('Ctrl Pts',(20.4706080116507,-39.8588953168927,3.91181909273898));
#5584=CARTESIAN_POINT('Ctrl Pts',(20.3304789671537,-40.2406125611208,3.91181909273898));
#5585=CARTESIAN_POINT('Ctrl Pts',(20.180598848792,-40.6488921290788,3.91181909273898));
#5586=CARTESIAN_POINT('Ctrl Pts',(19.9427849129098,-41.0542686042683,3.88353247881274));
#5587=CARTESIAN_POINT('Ctrl Pts',(19.5001867481935,-41.5502812626456,3.8497821700644));
#5588=CARTESIAN_POINT('Ctrl Pts',(19.3500951331454,-41.6917550095979,3.84144347483458));
#5589=CARTESIAN_POINT('Ctrl Pts',(19.1911965960724,-41.8180698413624,3.84144347483459));
#5590=CARTESIAN_POINT('Origin',(23.4741833067067,-35.9546236344794,3.8414434748346));
#5591=CARTESIAN_POINT('',(23.4741833067067,-35.9546236344794,24.8414434748346));
#5592=CARTESIAN_POINT('',(28.0874844141289,-23.387802874081,24.8414434748346));
#5593=CARTESIAN_POINT('',(23.4741833067067,-35.9546236344794,3.8414434748346));
#5594=CARTESIAN_POINT('Ctrl Pts',(-15.1446066042002,-60.0230112743285,29.3414434748346));
#5595=CARTESIAN_POINT('Ctrl Pts',(-15.1446066042002,-60.0230112743285,-2.45855652516542));
#5596=CARTESIAN_POINT('Ctrl Pts',(-15.1455388396547,-60.0231128800306,29.3414434748346));
#5597=CARTESIAN_POINT('Ctrl Pts',(-15.1455388396547,-60.0231128800306,-2.45855652516542));
#5598=CARTESIAN_POINT('Ctrl Pts',(-15.1464710751032,-60.023214485732,29.3414434748346));
#5599=CARTESIAN_POINT('Ctrl Pts',(-15.1464710751032,-60.023214485732,-2.45855652516542));
#5600=CARTESIAN_POINT('Ctrl Pts',(-15.1474033105577,-60.023316091434,29.3414434748346));
#5601=CARTESIAN_POINT('Ctrl Pts',(-15.1474033105577,-60.023316091434,-2.45855652516542));
#5602=CARTESIAN_POINT('Ctrl Pts',(-16.9707868335924,-60.2220493213886,29.3414434748346));
#5603=CARTESIAN_POINT('Ctrl Pts',(-16.9707868335924,-60.2220493213886,-2.45855652516542));
#5604=CARTESIAN_POINT('Ctrl Pts',(-18.7824349732276,-60.1605456965056,29.3414434748346));
#5605=CARTESIAN_POINT('Ctrl Pts',(-18.7824349732276,-60.1605456965056,-2.45855652516542));
#5606=CARTESIAN_POINT('Ctrl Pts',(-20.5880663952607,-59.6264161376025,29.3414434748346));
#5607=CARTESIAN_POINT('Ctrl Pts',(-20.5880663952607,-59.6264161376025,-2.45855652516542));
#5608=CARTESIAN_POINT('Ctrl Pts',(-21.958135086855,-59.2211317717133,29.3414434748346));
#5609=CARTESIAN_POINT('Ctrl Pts',(-21.958135086855,-59.2211317717133,-2.45855652516542));
#5610=CARTESIAN_POINT('Ctrl Pts',(-23.3229556688209,-58.4979591290979,29.3414434748346));
#5611=CARTESIAN_POINT('Ctrl Pts',(-23.3229556688209,-58.4979591290979,-2.45855652516542));
#5612=CARTESIAN_POINT('Ctrl Pts',(-24.4393146631074,-57.4568855247952,29.3414434748346));
#5613=CARTESIAN_POINT('Ctrl Pts',(-24.4393146631074,-57.4568855247952,-2.45855652516542));
#5614=CARTESIAN_POINT('Ctrl Pts',(-25.5487329964012,-56.4222845148757,29.3414434748346));
#5615=CARTESIAN_POINT('Ctrl Pts',(-25.5487329964012,-56.4222845148757,-2.45855652516542));
#5616=CARTESIAN_POINT('Ctrl Pts',(-26.38054833147,-55.1433867373089,29.3414434748346));
#5617=CARTESIAN_POINT('Ctrl Pts',(-26.38054833147,-55.1433867373089,-2.45855652516542));
#5618=CARTESIAN_POINT('Ctrl Pts',(-26.9980322565591,-53.7373990374418,29.3414434748346));
#5619=CARTESIAN_POINT('Ctrl Pts',(-26.9980322565591,-53.7373990374418,-2.45855652516542));
#5620=CARTESIAN_POINT('',(-26.9980322565592,-53.7373990374417,24.8414434748346));
#5621=CARTESIAN_POINT('Ctrl Pts',(-15.1446066042002,-60.0230112743285,24.8414434748346));
#5622=CARTESIAN_POINT('Ctrl Pts',(-15.1455388396547,-60.0231128800306,24.8414434748346));
#5623=CARTESIAN_POINT('Ctrl Pts',(-15.1464710751032,-60.023214485732,24.8414434748346));
#5624=CARTESIAN_POINT('Ctrl Pts',(-15.1474033105577,-60.023316091434,24.8414434748346));
#5625=CARTESIAN_POINT('Ctrl Pts',(-16.9707868335924,-60.2220493213886,24.8414434748346));
#5626=CARTESIAN_POINT('Ctrl Pts',(-18.7824349732276,-60.1605456965056,24.8414434748346));
#5627=CARTESIAN_POINT('Ctrl Pts',(-21.958135086855,-59.2211317717133,24.8414434748346));
#5628=CARTESIAN_POINT('Ctrl Pts',(-23.3229556688209,-58.4979591290979,24.8414434748346));
#5629=CARTESIAN_POINT('Ctrl Pts',(-25.5487329964012,-56.4222845148757,24.8414434748346));
#5630=CARTESIAN_POINT('Ctrl Pts',(-26.38054833147,-55.1433867373089,24.8414434748346));
#5631=CARTESIAN_POINT('Ctrl Pts',(-26.9980322565591,-53.7373990374418,24.8414434748346));
#5632=CARTESIAN_POINT('',(-26.9980322558608,-53.7373990389511,2.84144347483459));
#5633=CARTESIAN_POINT('',(-26.9980322565592,-53.7373990374417,3.8414434748346));
#5634=CARTESIAN_POINT('Ctrl Pts',(-15.1446066042002,-60.0230112743285,2.8414434748346));
#5635=CARTESIAN_POINT('Ctrl Pts',(-15.1455388396547,-60.0231128800306,2.8414434748346));
#5636=CARTESIAN_POINT('Ctrl Pts',(-15.1464710751032,-60.023214485732,2.8414434748346));
#5637=CARTESIAN_POINT('Ctrl Pts',(-15.1474033105577,-60.023316091434,2.8414434748346));
#5638=CARTESIAN_POINT('Ctrl Pts',(-16.9707868335924,-60.2220493213886,2.8414434748346));
#5639=CARTESIAN_POINT('Ctrl Pts',(-18.7824349732276,-60.1605456965056,2.8414434748346));
#5640=CARTESIAN_POINT('Ctrl Pts',(-20.5880663952607,-59.6264161376025,2.8414434748346));
#5641=CARTESIAN_POINT('Ctrl Pts',(-21.958135086855,-59.2211317717133,2.8414434748346));
#5642=CARTESIAN_POINT('Ctrl Pts',(-23.3229556688209,-58.4979591290979,2.8414434748346));
#5643=CARTESIAN_POINT('Ctrl Pts',(-24.4393146631074,-57.4568855247952,2.8414434748346));
#5644=CARTESIAN_POINT('Ctrl Pts',(-25.5487329964012,-56.4222845148757,2.8414434748346));
#5645=CARTESIAN_POINT('Ctrl Pts',(-26.38054833147,-55.1433867373089,2.8414434748346));
#5646=CARTESIAN_POINT('Ctrl Pts',(-26.9980322565591,-53.7373990374418,2.8414434748346));
#5647=CARTESIAN_POINT('Origin',(-32.7314868829088,46.346632217822,3.8414434748346));
#5648=CARTESIAN_POINT('',(-32.7314868829088,46.346632217822,24.8414434748346));
#5649=CARTESIAN_POINT('',(-32.7314884396867,46.3466289837048,2.84144347483459));
#5650=CARTESIAN_POINT('',(-32.7314868829088,46.346632217822,3.8414434748346));
#5651=CARTESIAN_POINT('',(-26.9980322565569,58.7373990374469,24.8414434748346));
#5652=CARTESIAN_POINT('',(-38.5169616845432,33.84344280068,24.8414434748346));
#5653=CARTESIAN_POINT('',(-26.9980324080654,58.7373991033186,2.84144347483459));
#5654=CARTESIAN_POINT('',(-26.9980322565569,58.7373990374469,3.84144347483461));
#5655=CARTESIAN_POINT('',(-38.5169616845432,33.84344280068,2.84144347483459));
#5656=CARTESIAN_POINT('Ctrl Pts',(-35.0703588483691,34.9619400676191,29.3414434748346));
#5657=CARTESIAN_POINT('Ctrl Pts',(-35.0703588483691,34.9619400676191,-2.45855652516543));
#5658=CARTESIAN_POINT('Ctrl Pts',(-35.1240906252013,37.1216419501351,29.3414434748346));
#5659=CARTESIAN_POINT('Ctrl Pts',(-35.1240906252013,37.1216419501351,-2.45855652516543));
#5660=CARTESIAN_POINT('Ctrl Pts',(-35.0104891247317,39.1959503340062,29.3414434748346));
#5661=CARTESIAN_POINT('Ctrl Pts',(-35.0104891247317,39.1959503340062,-2.45855652516543));
#5662=CARTESIAN_POINT('Ctrl Pts',(-34.6055017335139,41.1781765940059,29.3414434748346));
#5663=CARTESIAN_POINT('Ctrl Pts',(-34.6055017335139,41.1781765940059,-2.45855652516543));
#5664=CARTESIAN_POINT('Ctrl Pts',(-34.2191886296593,43.069000841002,29.3414434748346));
#5665=CARTESIAN_POINT('Ctrl Pts',(-34.2191886296593,43.069000841002,-2.45855652516543));
#5666=CARTESIAN_POINT('Ctrl Pts',(-33.5700623271426,44.7912603394264,29.3414434748346));
#5667=CARTESIAN_POINT('Ctrl Pts',(-33.5700623271426,44.7912603394264,-2.45855652516543));
#5668=CARTESIAN_POINT('Ctrl Pts',(-32.7314868829088,46.3466322178221,29.3414434748346));
#5669=CARTESIAN_POINT('Ctrl Pts',(-32.7314868829088,46.3466322178221,-2.45855652516543));
#5670=CARTESIAN_POINT('',(-35.0703588483691,34.961940067619,24.8414434748346));
#5671=CARTESIAN_POINT('',(-35.0703588490473,34.9619401776257,2.8414434748346));
#5672=CARTESIAN_POINT('',(-35.0703588483691,34.961940067619,3.8414434748346));
#5673=CARTESIAN_POINT('Ctrl Pts',(-35.0703588483691,34.9619400676191,24.8414434748346));
#5674=CARTESIAN_POINT('Ctrl Pts',(-35.1240906252013,37.1216419501351,24.8414434748346));
#5675=CARTESIAN_POINT('Ctrl Pts',(-35.0104891247317,39.1959503340062,24.8414434748346));
#5676=CARTESIAN_POINT('Ctrl Pts',(-34.2191886296593,43.069000841002,24.8414434748346));
#5677=CARTESIAN_POINT('Ctrl Pts',(-33.5700623271426,44.7912603394264,24.8414434748346));
#5678=CARTESIAN_POINT('Ctrl Pts',(-32.7314868829088,46.3466322178221,24.8414434748346));
#5679=CARTESIAN_POINT('Ctrl Pts',(-35.0703588511047,34.9619401775745,2.8414434748346));
#5680=CARTESIAN_POINT('Ctrl Pts',(-35.1240906213455,37.1216420205403,2.8414434748346));
#5681=CARTESIAN_POINT('Ctrl Pts',(-35.0104891178587,39.1959503676461,2.8414434748346));
#5682=CARTESIAN_POINT('Ctrl Pts',(-34.6055017335139,41.1781765940059,2.8414434748346));
#5683=CARTESIAN_POINT('Ctrl Pts',(-34.2191888909522,43.0689995620937,2.8414434748346));
#5684=CARTESIAN_POINT('Ctrl Pts',(-33.5700632052495,44.791258009636,2.8414434748346));
#5685=CARTESIAN_POINT('Ctrl Pts',(-32.7314885844857,46.3466290617727,2.8414434748346));
#5686=CARTESIAN_POINT('Origin',(-35.0703588483691,-29.961940067619,3.8414434748346));
#5687=CARTESIAN_POINT('',(-35.0703588483691,-29.961940067619,24.8414434748346));
#5688=CARTESIAN_POINT('',(-35.0703589995891,-29.9619397004126,2.8414434748346));
#5689=CARTESIAN_POINT('',(-35.0703588483691,-29.961940067619,3.8414434748346));
#5690=CARTESIAN_POINT('',(-35.0703588483691,-13.7309700338087,24.8414434748346));
#5691=CARTESIAN_POINT('',(-35.0703588483691,-13.7309700338087,2.8414434748346));
#5692=CARTESIAN_POINT('',(-35.0703588483691,-26.3000003576279,12.1814435195381));
#5693=CARTESIAN_POINT('Origin',(-35.0703588483691,-24.0000003576279,12.1814435195381));
#5694=CARTESIAN_POINT('Origin',(-3.58611417936181,2.5000000000015,24.8414434748346));
#5695=CARTESIAN_POINT('',(-15.1446066039911,65.0230112743058,24.8414434748346));
#5696=CARTESIAN_POINT('Ctrl Pts',(-26.9980322565568,58.7373990374471,24.8414434748346));
#5697=CARTESIAN_POINT('Ctrl Pts',(-26.3805483314997,60.14338673724,24.8414434748346));
#5698=CARTESIAN_POINT('Ctrl Pts',(-25.548732996487,61.4222845147441,24.8414434748346));
#5699=CARTESIAN_POINT('Ctrl Pts',(-23.3229556689735,63.4979591290076,24.8414434748346));
#5700=CARTESIAN_POINT('Ctrl Pts',(-21.9581350869523,64.2211317716785,24.8414434748346));
#5701=CARTESIAN_POINT('Ctrl Pts',(-18.7824349732577,65.1605456965048,24.8414434748346));
#5702=CARTESIAN_POINT('Ctrl Pts',(-16.9707868336068,65.2220493213903,24.8414434748346));
#5703=CARTESIAN_POINT('Ctrl Pts',(-15.1474033105577,65.0233160914341,24.8414434748346));
#5704=CARTESIAN_POINT('Ctrl Pts',(-15.1464710750354,65.0232144857246,24.8414434748346));
#5705=CARTESIAN_POINT('Ctrl Pts',(-15.1455388395254,65.0231128800165,24.8414434748346));
#5706=CARTESIAN_POINT('Ctrl Pts',(-15.1446066040033,65.0230112743071,24.8414434748346));
#5707=CARTESIAN_POINT('',(-32.7314868829092,-41.3466322178213,24.8414434748346));
#5708=CARTESIAN_POINT('Ctrl Pts',(-32.7314868829092,-41.3466322178214,24.8414434748346));
#5709=CARTESIAN_POINT('Ctrl Pts',(-33.5700623271533,-39.7912603394065,24.8414434748346));
#5710=CARTESIAN_POINT('Ctrl Pts',(-34.2191886296756,-38.069000840957,24.8414434748346));
#5711=CARTESIAN_POINT('Ctrl Pts',(-35.0104891247343,-34.1959503339573,24.8414434748346));
#5712=CARTESIAN_POINT('Ctrl Pts',(-35.1240906252007,-32.1216419501095,24.8414434748346));
#5713=CARTESIAN_POINT('Ctrl Pts',(-35.0703588483691,-29.961940067619,24.8414434748346));
#5714=CARTESIAN_POINT('',(-35.6502343713691,-35.0388262104887,24.8414434748346));
#5715=CARTESIAN_POINT('',(20.7331869484918,-52.1265866929583,24.8414434748346));
#5716=CARTESIAN_POINT('Ctrl Pts',(20.7331869484918,-52.1265866929583,24.8414434748346));
#5717=CARTESIAN_POINT('Ctrl Pts',(20.71982906648,-52.156687121134,24.8414434748346));
#5718=CARTESIAN_POINT('Ctrl Pts',(20.7064711844684,-52.1867875493094,24.8414434748346));
#5719=CARTESIAN_POINT('Ctrl Pts',(20.6931133024566,-52.2168879774853,24.8414434748346));
#5720=CARTESIAN_POINT('Ctrl Pts',(20.1615377412207,-53.4147314669597,24.8414434748346));
#5721=CARTESIAN_POINT('Ctrl Pts',(19.2347199532181,-54.4666965129959,24.8414434748346));
#5722=CARTESIAN_POINT('Ctrl Pts',(18.0859369592377,-55.1966778302255,24.8414434748346));
#5723=CARTESIAN_POINT('Ctrl Pts',(16.8957286611674,-55.9529823940601,24.8414434748346));
#5724=CARTESIAN_POINT('Ctrl Pts',(15.5759522936608,-56.3641666072698,24.8414434748346));
#5725=CARTESIAN_POINT('Ctrl Pts',(14.1887200171585,-56.6592256195669,24.8414434748346));
#5726=CARTESIAN_POINT('Ctrl Pts',(13.596433357901,-56.785202732151,24.8414434748346));
#5727=CARTESIAN_POINT('Ctrl Pts',(12.985554974749,-56.8881500799477,24.8414434748346));
#5728=CARTESIAN_POINT('Ctrl Pts',(12.3495971001091,-56.9734029403812,24.8414434748346));
#5729=CARTESIAN_POINT('Ctrl Pts',(12.3382871004647,-56.9749190939813,24.8414434748346));
#5730=CARTESIAN_POINT('Ctrl Pts',(12.3269771008187,-56.9764352475817,24.8414434748346));
#5731=CARTESIAN_POINT('Ctrl Pts',(12.3156671011742,-56.9779514011819,24.8414434748346));
#5732=CARTESIAN_POINT('',(26.3149852280394,-36.9215400535959,24.8414434748346));
#5733=CARTESIAN_POINT('',(30.9160017580595,-24.3881829841064,24.8414434748346));
#5734=CARTESIAN_POINT('',(27.9510000794528,-26.0434524396292,24.8414434748346));
#5735=CARTESIAN_POINT('Ctrl Pts',(27.9510000794528,-26.0434524396286,24.8414434748346));
#5736=CARTESIAN_POINT('Ctrl Pts',(27.9505805939352,-26.0579303811939,24.8414434748346));
#5737=CARTESIAN_POINT('Ctrl Pts',(27.9501611084176,-26.0724083227592,24.8414434748346));
#5738=CARTESIAN_POINT('Ctrl Pts',(27.9497416229,-26.0868862643246,24.8414434748346));
#5739=CARTESIAN_POINT('Ctrl Pts',(27.8744310837432,-28.6861216118987,24.8414434748346));
#5740=CARTESIAN_POINT('Ctrl Pts',(27.654839832178,-31.1675510555544,24.8414434748346));
#5741=CARTESIAN_POINT('Ctrl Pts',(27.2064558266625,-33.436778494878,24.8414434748346));
#5742=CARTESIAN_POINT('Ctrl Pts',(26.9687973451266,-34.63954474179,24.8414434748346));
#5743=CARTESIAN_POINT('Ctrl Pts',(26.6762781979974,-35.7711532929722,24.8414434748346));
#5744=CARTESIAN_POINT('Ctrl Pts',(26.3363474023414,-36.8535211201027,24.8414434748346));
#5745=CARTESIAN_POINT('Ctrl Pts',(26.3292266775741,-36.8761940979337,24.8414434748346));
#5746=CARTESIAN_POINT('Ctrl Pts',(26.3221059528067,-36.8988670757649,24.8414434748346));
#5747=CARTESIAN_POINT('Ctrl Pts',(26.3149852280394,-36.9215400535958,24.8414434748346));
#5748=CARTESIAN_POINT('',(27.9510000794528,31.0434524396293,24.8414434748346));
#5749=CARTESIAN_POINT('',(27.9510000794528,16.7717262198154,24.8414434748346));
#5750=CARTESIAN_POINT('',(26.3149852280391,41.9215400535969,24.8414434748346));
#5751=CARTESIAN_POINT('Ctrl Pts',(26.3149852280391,41.9215400535969,24.8414434748346));
#5752=CARTESIAN_POINT('Ctrl Pts',(26.3221059528065,41.8988670757657,24.8414434748346));
#5753=CARTESIAN_POINT('Ctrl Pts',(26.329226677574,41.8761940979339,24.8414434748346));
#5754=CARTESIAN_POINT('Ctrl Pts',(26.3363474023414,41.8535211201027,24.8414434748346));
#5755=CARTESIAN_POINT('Ctrl Pts',(26.676278198005,40.7711532929479,24.8414434748346));
#5756=CARTESIAN_POINT('Ctrl Pts',(26.9687973451395,39.6395447417403,24.8414434748346));
#5757=CARTESIAN_POINT('Ctrl Pts',(27.2064558266785,38.4367784947968,24.8414434748346));
#5758=CARTESIAN_POINT('Ctrl Pts',(27.6548398321844,36.167551055492,24.8414434748346));
#5759=CARTESIAN_POINT('Ctrl Pts',(27.8744310837441,33.6861216118677,24.8414434748346));
#5760=CARTESIAN_POINT('Ctrl Pts',(27.9497416229,31.0868862643247,24.8414434748346));
#5761=CARTESIAN_POINT('Ctrl Pts',(27.9501611084176,31.0724083227593,24.8414434748346));
#5762=CARTESIAN_POINT('Ctrl Pts',(27.9505805939352,31.0579303811939,24.8414434748346));
#5763=CARTESIAN_POINT('Ctrl Pts',(27.9510000794528,31.0434524396287,24.8414434748346));
#5764=CARTESIAN_POINT('',(20.7331869484899,57.1265866929625,24.8414434748346));
#5765=CARTESIAN_POINT('',(28.1251026182851,36.9907063037896,24.8414434748346));
#5766=CARTESIAN_POINT('',(12.3156671011768,61.9779514011816,24.8414434748346));
#5767=CARTESIAN_POINT('Ctrl Pts',(12.3156671011745,61.9779514011819,24.8414434748346));
#5768=CARTESIAN_POINT('Ctrl Pts',(12.3269771008189,61.9764352475818,24.8414434748346));
#5769=CARTESIAN_POINT('Ctrl Pts',(12.3382871004648,61.9749190939814,24.8414434748346));
#5770=CARTESIAN_POINT('Ctrl Pts',(12.3495971001091,61.9734029403812,24.8414434748346));
#5771=CARTESIAN_POINT('Ctrl Pts',(12.9855549746601,61.8881500799597,24.8414434748346));
#5772=CARTESIAN_POINT('Ctrl Pts',(13.596433357731,61.7852027321794,24.8414434748346));
#5773=CARTESIAN_POINT('Ctrl Pts',(14.1887200169097,61.6592256196198,24.8414434748346));
#5774=CARTESIAN_POINT('Ctrl Pts',(15.5759522934962,61.3641666073231,24.8414434748346));
#5775=CARTESIAN_POINT('Ctrl Pts',(16.8957286610811,60.9529823941095,24.8414434748346));
#5776=CARTESIAN_POINT('Ctrl Pts',(18.0859369592163,60.1966778302391,24.8414434748346));
#5777=CARTESIAN_POINT('Ctrl Pts',(19.2347199532046,59.4666965130097,24.8414434748346));
#5778=CARTESIAN_POINT('Ctrl Pts',(20.1615377412174,58.4147314669671,24.8414434748346));
#5779=CARTESIAN_POINT('Ctrl Pts',(20.6931133024567,57.2168879774851,24.8414434748346));
#5780=CARTESIAN_POINT('Ctrl Pts',(20.7064711844673,57.1867875493119,24.8414434748346));
#5781=CARTESIAN_POINT('Ctrl Pts',(20.7198290664778,57.156687121139,24.8414434748346));
#5782=CARTESIAN_POINT('Ctrl Pts',(20.7331869484886,57.1265866929655,24.8414434748346));
#5783=CARTESIAN_POINT('',(-6.01109363179011,64.0101993063364,24.8414434748346));
#5784=CARTESIAN_POINT('',(-21.6609491083859,-52.6396332408946,24.8414434748346));
#5785=CARTESIAN_POINT('Origin',(-20.4658287464424,-54.2432647236037,24.8414434748346));
#5786=CARTESIAN_POINT('',(-25.7554954792726,-44.9627700417094,24.8414434748346));
#5787=CARTESIAN_POINT('Origin',(-24.2902537132028,-49.1116333278354,24.8414434748346));
#5788=CARTESIAN_POINT('',(-28.2366164288244,-43.9168069287388,24.8414434748346));
#5789=CARTESIAN_POINT('Origin',(-26.4215144638498,-43.0769230934703,24.8414434748346));
#5790=CARTESIAN_POINT('',(-30.0490007401111,-40.0000005960464,24.8414434748346));
#5791=CARTESIAN_POINT('',(-32.921056656549,-33.7931013576811,24.8414434748346));
#5792=CARTESIAN_POINT('',(-32.0703588483691,-30.0000004470348,24.8414434748346));
#5793=CARTESIAN_POINT('Ctrl Pts',(-32.0703588483691,-30.0000004470348,24.8414434748346));
#5794=CARTESIAN_POINT('Ctrl Pts',(-32.0764915948812,-30.2368222950917,24.8414434748346));
#5795=CARTESIAN_POINT('Ctrl Pts',(-32.0847804080748,-30.7073210389749,24.8414434748346));
#5796=CARTESIAN_POINT('Ctrl Pts',(-32.0852842937832,-31.4036348559807,24.8414434748346));
#5797=CARTESIAN_POINT('Ctrl Pts',(-32.0616988531127,-32.3128694327995,24.8414434748346));
#5798=CARTESIAN_POINT('Ctrl Pts',(-31.988966306197,-33.4152078558161,24.8414434748346));
#5799=CARTESIAN_POINT('Ctrl Pts',(-31.868831067003,-34.480057919408,24.8414434748346));
#5800=CARTESIAN_POINT('Ctrl Pts',(-31.6969516456021,-35.5039861617398,24.8414434748346));
#5801=CARTESIAN_POINT('Ctrl Pts',(-31.4701644522668,-36.4844906618641,24.8414434748346));
#5802=CARTESIAN_POINT('Ctrl Pts',(-31.189456083824,-37.4223516686371,24.8414434748346));
#5803=CARTESIAN_POINT('Ctrl Pts',(-30.8584133072151,-38.3204057721713,24.8414434748346));
#5804=CARTESIAN_POINT('Ctrl Pts',(-30.5563682402209,-39.0094209045841,24.8414434748346));
#5805=CARTESIAN_POINT('Ctrl Pts',(-30.3101976885646,-39.5106525537969,24.8414434748346));
#5806=CARTESIAN_POINT('Ctrl Pts',(-30.1374974637519,-39.8380163451556,24.8414434748346));
#5807=CARTESIAN_POINT('Ctrl Pts',(-30.0490007401111,-40.0000005960464,24.8414434748346));
#5808=CARTESIAN_POINT('',(-32.0703588483691,35.0000004470349,24.8414434748346));
#5809=CARTESIAN_POINT('',(-32.0703588483691,-13.7500002235167,24.8414434748346));
#5810=CARTESIAN_POINT('Ctrl Pts',(-30.0490007401111,45.0000005960465,24.8414434748346));
#5811=CARTESIAN_POINT('Ctrl Pts',(-30.1374974637519,44.8380163451557,24.8414434748346));
#5812=CARTESIAN_POINT('Ctrl Pts',(-30.3101976885646,44.5106525537969,24.8414434748346));
#5813=CARTESIAN_POINT('Ctrl Pts',(-30.5563682402209,44.0094209045841,24.8414434748346));
#5814=CARTESIAN_POINT('Ctrl Pts',(-30.8584133072151,43.3204057721714,24.8414434748346));
#5815=CARTESIAN_POINT('Ctrl Pts',(-31.189456083824,42.4223516686371,24.8414434748346));
#5816=CARTESIAN_POINT('Ctrl Pts',(-31.4701644522668,41.4844906618641,24.8414434748346));
#5817=CARTESIAN_POINT('Ctrl Pts',(-31.6969516456021,40.5039861617398,24.8414434748346));
#5818=CARTESIAN_POINT('Ctrl Pts',(-31.868831067003,39.4800579194081,24.8414434748346));
#5819=CARTESIAN_POINT('Ctrl Pts',(-31.988966306197,38.4152078558161,24.8414434748346));
#5820=CARTESIAN_POINT('Ctrl Pts',(-32.0616988531127,37.3128694327996,24.8414434748346));
#5821=CARTESIAN_POINT('Ctrl Pts',(-32.0852842937832,36.4036348559807,24.8414434748346));
#5822=CARTESIAN_POINT('Ctrl Pts',(-32.0847804080748,35.7073210389749,24.8414434748346));
#5823=CARTESIAN_POINT('Ctrl Pts',(-32.0764915948812,35.2368222950917,24.8414434748346));
#5824=CARTESIAN_POINT('Ctrl Pts',(-32.0703588483691,35.0000004470349,24.8414434748346));
#5825=CARTESIAN_POINT('Ctrl Pts',(-15.4724527330055,62.0409776007583,24.8414434748346));
#5826=CARTESIAN_POINT('Ctrl Pts',(-15.6623880494902,62.0616789279615,24.8414434748346));
#5827=CARTESIAN_POINT('Ctrl Pts',(-15.8509986277957,62.0784985788979,24.8414434748346));
#5828=CARTESIAN_POINT('Ctrl Pts',(-16.0382753618229,62.0914128357641,24.8414434748346));
#5829=CARTESIAN_POINT('Ctrl Pts',(-16.2239259789284,62.1042149586178,24.8414434748346));
#5830=CARTESIAN_POINT('Ctrl Pts',(-16.4082662160396,62.113179122866,24.8414434748346));
#5831=CARTESIAN_POINT('Ctrl Pts',(-16.5912649122502,62.118236154391,24.8414434748346));
#5832=CARTESIAN_POINT('Ctrl Pts',(-16.7738829871424,62.1232826677316,24.8414434748346));
#5833=CARTESIAN_POINT('Ctrl Pts',(-16.9551654549756,62.1244380813672,24.8414434748346));
#5834=CARTESIAN_POINT('Ctrl Pts',(-17.1350534097211,62.1215898705411,24.8414434748346));
#5835=CARTESIAN_POINT('Ctrl Pts',(-17.3158641013324,62.1187270497923,24.8414434748346));
#5836=CARTESIAN_POINT('Ctrl Pts',(-17.4952663006298,62.1118190716601,24.8414434748346));
#5837=CARTESIAN_POINT('Ctrl Pts',(-17.6731663969002,62.1007112476569,24.8414434748346));
#5838=CARTESIAN_POINT('Ctrl Pts',(-17.8538532844061,62.0894294204506,24.8414434748346));
#5839=CARTESIAN_POINT('Ctrl Pts',(-18.032991050602,62.0738146665607,24.8414434748346));
#5840=CARTESIAN_POINT('Ctrl Pts',(-18.210440756967,62.053669289335,24.8414434748346));
#5841=CARTESIAN_POINT('Ctrl Pts',(-18.3891108439912,62.0333853656487,24.8414434748346));
#5842=CARTESIAN_POINT('Ctrl Pts',(-18.5660698939145,62.0085075468958,24.8414434748346));
#5843=CARTESIAN_POINT('Ctrl Pts',(-18.7411296550841,61.978807612054,24.8414434748346));
#5844=CARTESIAN_POINT('Ctrl Pts',(-18.9178827357383,61.9488203954404,24.8414434748346));
#5845=CARTESIAN_POINT('Ctrl Pts',(-19.0926999615635,61.9139162012081,24.8414434748346));
#5846=CARTESIAN_POINT('Ctrl Pts',(-19.2653351626287,61.8738477106033,24.8414434748346));
#5847=CARTESIAN_POINT('Ctrl Pts',(-19.4518234804848,61.8305639227906,24.8414434748346));
#5848=CARTESIAN_POINT('Ctrl Pts',(-19.6357649434782,61.7812531632099,24.8414434748346));
#5849=CARTESIAN_POINT('Ctrl Pts',(-19.816786062958,61.725604536694,24.8414434748346));
#5850=CARTESIAN_POINT('Ctrl Pts',(-20.0353970924677,61.6584002040261,24.8414434748346));
#5851=CARTESIAN_POINT('Ctrl Pts',(-20.2497467891276,61.5819502941772,24.8414434748346));
#5852=CARTESIAN_POINT('Ctrl Pts',(-20.4591072296354,61.4957286703725,24.8414434748346));
#5853=CARTESIAN_POINT('Ctrl Pts',(-20.6363744714595,61.4227240979692,24.8414434748346));
#5854=CARTESIAN_POINT('Ctrl Pts',(-20.8100614395344,61.342713142016,24.8414434748346));
#5855=CARTESIAN_POINT('Ctrl Pts',(-20.979727768357,61.2554101020481,24.8414434748346));
#5856=CARTESIAN_POINT('Ctrl Pts',(-21.1204158331626,61.1830180379895,24.8414434748346));
#5857=CARTESIAN_POINT('Ctrl Pts',(-21.2583385914994,61.1056119975839,24.8414434748346));
#5858=CARTESIAN_POINT('Ctrl Pts',(-21.393267409571,61.0230590168219,24.8414434748346));
#5859=CARTESIAN_POINT('Ctrl Pts',(-21.4507421524515,60.9878944655338,24.8414434748346));
#5860=CARTESIAN_POINT('Ctrl Pts',(-21.5076740340328,60.9517964550747,24.8414434748346));
#5861=CARTESIAN_POINT('Ctrl Pts',(-21.5640474502222,60.9147569369784,24.8414434748346));
#5862=CARTESIAN_POINT('',(24.9510000794528,31.0000003874302,24.8414434748346));
#5863=CARTESIAN_POINT('Ctrl Pts',(24.9510000794528,31.0000003874302,24.8414434748346));
#5864=CARTESIAN_POINT('Ctrl Pts',(24.9443959236606,31.2279333615935,24.8414434748346));
#5865=CARTESIAN_POINT('Ctrl Pts',(24.9292274918389,31.681334177227,24.8414434748346));
#5866=CARTESIAN_POINT('Ctrl Pts',(24.9005948273424,32.3540404351632,24.8414434748346));
#5867=CARTESIAN_POINT('Ctrl Pts',(24.8504614587283,33.2359451184396,24.8414434748346));
#5868=CARTESIAN_POINT('Ctrl Pts',(24.7664776838387,34.3115167030479,24.8414434748346));
#5869=CARTESIAN_POINT('Ctrl Pts',(24.6591350510334,35.3577111692559,24.8414434748346));
#5870=CARTESIAN_POINT('Ctrl Pts',(24.5263021902271,36.3718480130999,24.8414434748346));
#5871=CARTESIAN_POINT('Ctrl Pts',(24.3664366530274,37.3519873842184,24.8414434748346));
#5872=CARTESIAN_POINT('Ctrl Pts',(24.1800455286172,38.298767020083,24.8414434748346));
#5873=CARTESIAN_POINT('Ctrl Pts',(23.9689018304903,39.2144167397836,24.8414434748346));
#5874=CARTESIAN_POINT('Ctrl Pts',(23.7816922646159,39.9239284194841,24.8414434748346));
#5875=CARTESIAN_POINT('Ctrl Pts',(23.6316313670993,40.4439212360757,24.8414434748346));
#5876=CARTESIAN_POINT('Ctrl Pts',(23.5273695280945,40.7852742974601,24.8414434748346));
#5877=CARTESIAN_POINT('Ctrl Pts',(23.4741833067067,40.9546236344795,24.8414434748346));
#5878=CARTESIAN_POINT('',(24.9510000794528,-26.0000003874302,24.8414434748346));
#5879=CARTESIAN_POINT('',(24.9510000794528,16.7500001937159,24.8414434748346));
#5880=CARTESIAN_POINT('Ctrl Pts',(23.4741833067067,-35.9546236344794,24.8414434748346));
#5881=CARTESIAN_POINT('Ctrl Pts',(23.5273695280945,-35.7852742974601,24.8414434748346));
#5882=CARTESIAN_POINT('Ctrl Pts',(23.6316313670993,-35.4439212360757,24.8414434748346));
#5883=CARTESIAN_POINT('Ctrl Pts',(23.7816922646159,-34.9239284194841,24.8414434748346));
#5884=CARTESIAN_POINT('Ctrl Pts',(23.9689018304903,-34.2144167397835,24.8414434748346));
#5885=CARTESIAN_POINT('Ctrl Pts',(24.1800455286172,-33.2987670200829,24.8414434748346));
#5886=CARTESIAN_POINT('Ctrl Pts',(24.3664366530274,-32.3519873842184,24.8414434748346));
#5887=CARTESIAN_POINT('Ctrl Pts',(24.5263021902271,-31.3718480130999,24.8414434748346));
#5888=CARTESIAN_POINT('Ctrl Pts',(24.6591350510334,-30.3577111692559,24.8414434748346));
#5889=CARTESIAN_POINT('Ctrl Pts',(24.7664776838387,-29.3115167030478,24.8414434748346));
#5890=CARTESIAN_POINT('Ctrl Pts',(24.8504614587283,-28.2359451184395,24.8414434748346));
#5891=CARTESIAN_POINT('Ctrl Pts',(24.9005948273424,-27.3540404351631,24.8414434748346));
#5892=CARTESIAN_POINT('Ctrl Pts',(24.9292274918389,-26.681334177227,24.8414434748346));
#5893=CARTESIAN_POINT('Ctrl Pts',(24.9443959236606,-26.2279333615934,24.8414434748346));
#5894=CARTESIAN_POINT('Ctrl Pts',(24.9510000794528,-26.0000003874302,24.8414434748346));
#5895=CARTESIAN_POINT('Origin',(16.9284522832681,-49.7229532179552,24.8414434748346));
#5896=CARTESIAN_POINT('',(-22.8902537132028,-49.1116333278354,24.8414434748346));
#5897=CARTESIAN_POINT('Origin',(-24.2902537132028,-49.1116333278354,24.8414434748346));
#5898=CARTESIAN_POINT('',(-22.8902537132028,54.1116333278355,24.8414434748346));
#5899=CARTESIAN_POINT('Origin',(-24.2902537132028,54.1116333278355,24.8414434748346));
#5900=CARTESIAN_POINT('',(18.3284522832681,54.7229532179552,24.8414434748346));
#5901=CARTESIAN_POINT('Origin',(16.9284522832681,54.7229532179552,24.8414434748346));
#5902=CARTESIAN_POINT('',(18.3284522832681,-49.7229532179552,24.8414434748346));
#5903=CARTESIAN_POINT('Origin',(16.9284522832681,-49.7229532179552,24.8414434748346));
#5904=CARTESIAN_POINT('Origin',(16.9284522832681,-49.7229532179552,14.8414434748346));
#5905=CARTESIAN_POINT('Ctrl Pts',(-25.0304460895261,55.7450806953948,1.8414434748346));
#5906=CARTESIAN_POINT('Ctrl Pts',(-25.0304460895261,55.7450806953948,17.4414434748346));
#5907=CARTESIAN_POINT('Ctrl Pts',(-24.8768228264971,56.0972195732617,1.8414434748346));
#5908=CARTESIAN_POINT('Ctrl Pts',(-24.8768228264971,56.0972195732617,17.4414434748346));
#5909=CARTESIAN_POINT('Ctrl Pts',(-24.7231995634681,56.4493584511286,1.8414434748346));
#5910=CARTESIAN_POINT('Ctrl Pts',(-24.7231995634681,56.4493584511286,17.4414434748346));
#5911=CARTESIAN_POINT('Ctrl Pts',(-24.5695763004391,56.8014973289956,1.8414434748346));
#5912=CARTESIAN_POINT('Ctrl Pts',(-24.5695763004391,56.8014973289956,17.4414434748346));
#5913=CARTESIAN_POINT('Ctrl Pts',(-24.4159530374102,57.1536362068625,1.8414434748346));
#5914=CARTESIAN_POINT('Ctrl Pts',(-24.4159530374102,57.1536362068625,17.4414434748346));
#5915=CARTESIAN_POINT('Ctrl Pts',(-24.2623297743812,57.5057750847294,1.8414434748346));
#5916=CARTESIAN_POINT('Ctrl Pts',(-24.2623297743812,57.5057750847294,17.4414434748346));
#5917=CARTESIAN_POINT('Ctrl Pts',(-24.1975126328696,57.6543504699178,1.8414434748346));
#5918=CARTESIAN_POINT('Ctrl Pts',(-24.1975126328696,57.6543504699178,17.4414434748346));
#5919=CARTESIAN_POINT('Ctrl Pts',(-24.0640312263905,57.9457528276226,1.8414434748346));
#5920=CARTESIAN_POINT('Ctrl Pts',(-24.0640312263905,57.9457528276226,17.4414434748346));
#5921=CARTESIAN_POINT('Ctrl Pts',(-23.8522678640645,58.3656112831689,1.8414434748346));
#5922=CARTESIAN_POINT('Ctrl Pts',(-23.8522678640645,58.3656112831689,17.4414434748346));
#5923=CARTESIAN_POINT('Ctrl Pts',(-23.5466653953068,58.8906803296133,1.8414434748346));
#5924=CARTESIAN_POINT('Ctrl Pts',(-23.5466653953068,58.8906803296133,17.4414434748346));
#5925=CARTESIAN_POINT('Ctrl Pts',(-23.1250010412873,59.4875653614012,1.8414434748346));
#5926=CARTESIAN_POINT('Ctrl Pts',(-23.1250010412873,59.4875653614012,17.4414434748346));
#5927=CARTESIAN_POINT('Ctrl Pts',(-22.6627081197097,60.0229851389573,1.8414434748346));
#5928=CARTESIAN_POINT('Ctrl Pts',(-22.6627081197097,60.0229851389573,17.4414434748346));
#5929=CARTESIAN_POINT('Ctrl Pts',(-22.1593099085869,60.4950729682446,1.8414434748346));
#5930=CARTESIAN_POINT('Ctrl Pts',(-22.1593099085869,60.4950729682446,17.4414434748346));
#5931=CARTESIAN_POINT('Ctrl Pts',(-21.6154299142049,60.9028234494043,1.8414434748346));
#5932=CARTESIAN_POINT('Ctrl Pts',(-21.6154299142049,60.9028234494043,17.4414434748346));
#5933=CARTESIAN_POINT('Ctrl Pts',(-21.0336562523399,61.2471229804861,1.8414434748346));
#5934=CARTESIAN_POINT('Ctrl Pts',(-21.0336562523399,61.2471229804861,17.4414434748346));
#5935=CARTESIAN_POINT('Ctrl Pts',(-20.4178605576479,61.530147796748,1.8414434748346));
#5936=CARTESIAN_POINT('Ctrl Pts',(-20.4178605576479,61.530147796748,17.4414434748346));
#5937=CARTESIAN_POINT('Ctrl Pts',(-19.7724731700282,61.754772520097,1.8414434748346));
#5938=CARTESIAN_POINT('Ctrl Pts',(-19.7724731700282,61.754772520097,17.4414434748346));
#5939=CARTESIAN_POINT('Ctrl Pts',(-19.1019184542935,61.9242035292454,1.8414434748346));
#5940=CARTESIAN_POINT('Ctrl Pts',(-19.1019184542935,61.9242035292454,17.4414434748346));
#5941=CARTESIAN_POINT('Ctrl Pts',(-18.4100847935283,62.0417485115257,1.8414434748346));
#5942=CARTESIAN_POINT('Ctrl Pts',(-18.4100847935283,62.0417485115257,17.4414434748346));
#5943=CARTESIAN_POINT('Ctrl Pts',(-17.6998942318637,62.1107048797156,1.8414434748346));
#5944=CARTESIAN_POINT('Ctrl Pts',(-17.6998942318637,62.1107048797156,17.4414434748346));
#5945=CARTESIAN_POINT('Ctrl Pts',(-16.9734018270541,62.1339601573819,1.8414434748346));
#5946=CARTESIAN_POINT('Ctrl Pts',(-16.9734018270541,62.1339601573819,17.4414434748346));
#5947=CARTESIAN_POINT('Ctrl Pts',(-16.3801938892685,62.1177778873006,1.8414434748346));
#5948=CARTESIAN_POINT('Ctrl Pts',(-16.3801938892685,62.1177778873006,17.4414434748346));
#5949=CARTESIAN_POINT('Ctrl Pts',(-15.9288203146324,62.0866930725248,1.8414434748346));
#5950=CARTESIAN_POINT('Ctrl Pts',(-15.9288203146324,62.0866930725248,17.4414434748346));
#5951=CARTESIAN_POINT('Ctrl Pts',(-15.6250508813957,62.057609495547,1.8414434748346));
#5952=CARTESIAN_POINT('Ctrl Pts',(-15.6250508813957,62.057609495547,17.4414434748346));
#5953=CARTESIAN_POINT('Ctrl Pts',(-15.4724527330055,62.0409776007583,1.8414434748346));
#5954=CARTESIAN_POINT('Ctrl Pts',(-15.4724527330055,62.0409776007583,17.4414434748346));
#5955=CARTESIAN_POINT('Ctrl Pts',(-11.7704179165367,61.6374874259338,1.8414434748346));
#5956=CARTESIAN_POINT('Ctrl Pts',(-11.7704179165367,61.6374874259338,17.4414434748346));
#5957=CARTESIAN_POINT('Ctrl Pts',(-8.06838310006782,61.2339972511092,1.84144347483459));
#5958=CARTESIAN_POINT('Ctrl Pts',(-8.06838310006782,61.2339972511092,17.4414434748346));
#5959=CARTESIAN_POINT('Ctrl Pts',(-4.36634828359898,60.8305070762847,1.84144347483459));
#5960=CARTESIAN_POINT('Ctrl Pts',(-4.36634828359898,60.8305070762847,17.4414434748346));
#5961=CARTESIAN_POINT('Ctrl Pts',(-0.664313467130136,60.4270169014602,1.84144347483459));
#5962=CARTESIAN_POINT('Ctrl Pts',(-0.664313467130134,60.4270169014602,17.4414434748346));
#5963=CARTESIAN_POINT('Ctrl Pts',(3.03772134933871,60.0235267266357,1.84144347483459));
#5964=CARTESIAN_POINT('Ctrl Pts',(3.03772134933871,60.0235267266357,17.4414434748346));
#5965=CARTESIAN_POINT('Ctrl Pts',(-21.5640474502222,60.9147569369784,14.8414434748346));
#5966=CARTESIAN_POINT('Ctrl Pts',(-21.4593822358637,60.9835260370851,14.8414434748346));
#5967=CARTESIAN_POINT('Ctrl Pts',(-21.2383105742055,61.1209608935813,14.8414434748346));
#5968=CARTESIAN_POINT('Ctrl Pts',(-20.8921796804896,61.3121268971375,14.8414434748346));
#5969=CARTESIAN_POINT('Ctrl Pts',(-20.4082660084884,61.5334871445443,14.8414434748346));
#5970=CARTESIAN_POINT('Ctrl Pts',(-19.7724731700282,61.754772520097,14.8414434748346));
#5971=CARTESIAN_POINT('Ctrl Pts',(-19.1019184542935,61.9242035292454,14.8414434748346));
#5972=CARTESIAN_POINT('Ctrl Pts',(-18.4100847935283,62.0417485115257,14.8414434748346));
#5973=CARTESIAN_POINT('Ctrl Pts',(-17.6998942318637,62.1107048797156,14.8414434748346));
#5974=CARTESIAN_POINT('Ctrl Pts',(-16.9734018270541,62.1339601573819,14.8414434748346));
#5975=CARTESIAN_POINT('Ctrl Pts',(-16.3801938892685,62.1177778873006,14.8414434748346));
#5976=CARTESIAN_POINT('Ctrl Pts',(-15.9288203146324,62.0866930725248,14.8414434748346));
#5977=CARTESIAN_POINT('Ctrl Pts',(-15.6250508813957,62.057609495547,14.8414434748346));
#5978=CARTESIAN_POINT('Ctrl Pts',(-15.4724527330055,62.0409776007583,14.8414434748346));
#5979=CARTESIAN_POINT('Origin',(-35.0703588483691,-24.0000003576279,12.1814435195381));
#5980=CARTESIAN_POINT('',(-32.0703588483691,-26.3000003576279,12.1814435195381));
#5981=CARTESIAN_POINT('',(-35.0703588483691,-26.3000003576279,12.1814435195381));
#5982=CARTESIAN_POINT('Origin',(-32.0703588483691,-24.0000003576279,12.1814435195381));
#5983=CARTESIAN_POINT('Ctrl Pts',(-21.5640474502222,60.9147569369784,14.8414434748346));
#5984=CARTESIAN_POINT('Ctrl Pts',(-21.5640474502222,60.9147569369784,32.2414434748346));
#5985=CARTESIAN_POINT('Ctrl Pts',(-21.4593822358637,60.9835260370851,14.8414434748346));
#5986=CARTESIAN_POINT('Ctrl Pts',(-21.4593822358637,60.9835260370851,32.2414434748346));
#5987=CARTESIAN_POINT('Ctrl Pts',(-21.2383105742055,61.1209608935813,14.8414434748346));
#5988=CARTESIAN_POINT('Ctrl Pts',(-21.2383105742055,61.1209608935813,32.2414434748346));
#5989=CARTESIAN_POINT('Ctrl Pts',(-20.8921796804896,61.3121268971375,14.8414434748346));
#5990=CARTESIAN_POINT('Ctrl Pts',(-20.8921796804896,61.3121268971375,32.2414434748346));
#5991=CARTESIAN_POINT('Ctrl Pts',(-20.4082660084884,61.5334871445443,14.8414434748346));
#5992=CARTESIAN_POINT('Ctrl Pts',(-20.4082660084884,61.5334871445443,32.2414434748346));
#5993=CARTESIAN_POINT('Ctrl Pts',(-19.7724731700282,61.754772520097,14.8414434748346));
#5994=CARTESIAN_POINT('Ctrl Pts',(-19.7724731700282,61.754772520097,32.2414434748346));
#5995=CARTESIAN_POINT('Ctrl Pts',(-19.1019184542935,61.9242035292454,14.8414434748346));
#5996=CARTESIAN_POINT('Ctrl Pts',(-19.1019184542935,61.9242035292454,32.2414434748346));
#5997=CARTESIAN_POINT('Ctrl Pts',(-18.4100847935283,62.0417485115257,14.8414434748346));
#5998=CARTESIAN_POINT('Ctrl Pts',(-18.4100847935283,62.0417485115257,32.2414434748346));
#5999=CARTESIAN_POINT('Ctrl Pts',(-17.6998942318637,62.1107048797156,14.8414434748346));
#6000=CARTESIAN_POINT('Ctrl Pts',(-17.6998942318637,62.1107048797156,32.2414434748346));
#6001=CARTESIAN_POINT('Ctrl Pts',(-16.9734018270541,62.1339601573819,14.8414434748346));
#6002=CARTESIAN_POINT('Ctrl Pts',(-16.9734018270541,62.1339601573819,32.2414434748346));
#6003=CARTESIAN_POINT('Ctrl Pts',(-16.3801938892685,62.1177778873006,14.8414434748346));
#6004=CARTESIAN_POINT('Ctrl Pts',(-16.3801938892685,62.1177778873006,32.2414434748346));
#6005=CARTESIAN_POINT('Ctrl Pts',(-15.9288203146324,62.0866930725248,14.8414434748346));
#6006=CARTESIAN_POINT('Ctrl Pts',(-15.9288203146324,62.0866930725248,32.2414434748346));
#6007=CARTESIAN_POINT('Ctrl Pts',(-15.6250508813957,62.057609495547,14.8414434748346));
#6008=CARTESIAN_POINT('Ctrl Pts',(-15.6250508813957,62.057609495547,32.2414434748346));
#6009=CARTESIAN_POINT('Ctrl Pts',(-15.4724527330055,62.0409776007583,14.8414434748346));
#6010=CARTESIAN_POINT('Ctrl Pts',(-15.4724527330055,62.0409776007583,32.2414434748346));
#6011=CARTESIAN_POINT('Ctrl Pts',(-32.0703588483691,35.0000004470349,5.84144347483459));
#6012=CARTESIAN_POINT('Ctrl Pts',(-32.0703588483691,35.0000004470349,34.0414434748346));
#6013=CARTESIAN_POINT('Ctrl Pts',(-32.0764915948812,35.2368222950917,5.84144347483459));
#6014=CARTESIAN_POINT('Ctrl Pts',(-32.0764915948812,35.2368222950917,34.0414434748346));
#6015=CARTESIAN_POINT('Ctrl Pts',(-32.0847804080748,35.7073210389749,5.84144347483459));
#6016=CARTESIAN_POINT('Ctrl Pts',(-32.0847804080748,35.7073210389749,34.0414434748346));
#6017=CARTESIAN_POINT('Ctrl Pts',(-32.0852842937832,36.4036348559807,5.84144347483459));
#6018=CARTESIAN_POINT('Ctrl Pts',(-32.0852842937832,36.4036348559807,34.0414434748346));
#6019=CARTESIAN_POINT('Ctrl Pts',(-32.0616988531127,37.3128694327996,5.84144347483459));
#6020=CARTESIAN_POINT('Ctrl Pts',(-32.0616988531127,37.3128694327996,34.0414434748346));
#6021=CARTESIAN_POINT('Ctrl Pts',(-31.988966306197,38.4152078558161,5.84144347483459));
#6022=CARTESIAN_POINT('Ctrl Pts',(-31.988966306197,38.4152078558161,34.0414434748346));
#6023=CARTESIAN_POINT('Ctrl Pts',(-31.868831067003,39.4800579194081,5.84144347483459));
#6024=CARTESIAN_POINT('Ctrl Pts',(-31.868831067003,39.4800579194081,34.0414434748346));
#6025=CARTESIAN_POINT('Ctrl Pts',(-31.6969516456021,40.5039861617398,5.84144347483459));
#6026=CARTESIAN_POINT('Ctrl Pts',(-31.6969516456021,40.5039861617398,34.0414434748346));
#6027=CARTESIAN_POINT('Ctrl Pts',(-31.4701644522668,41.4844906618641,5.84144347483459));
#6028=CARTESIAN_POINT('Ctrl Pts',(-31.4701644522668,41.4844906618641,34.0414434748346));
#6029=CARTESIAN_POINT('Ctrl Pts',(-31.189456083824,42.4223516686371,5.84144347483459));
#6030=CARTESIAN_POINT('Ctrl Pts',(-31.189456083824,42.4223516686371,34.0414434748346));
#6031=CARTESIAN_POINT('Ctrl Pts',(-30.8584133072151,43.3204057721714,5.84144347483459));
#6032=CARTESIAN_POINT('Ctrl Pts',(-30.8584133072151,43.3204057721714,34.0414434748346));
#6033=CARTESIAN_POINT('Ctrl Pts',(-30.5563682402209,44.0094209045841,5.84144347483459));
#6034=CARTESIAN_POINT('Ctrl Pts',(-30.5563682402209,44.0094209045841,34.0414434748346));
#6035=CARTESIAN_POINT('Ctrl Pts',(-30.3101976885646,44.5106525537969,5.84144347483459));
#6036=CARTESIAN_POINT('Ctrl Pts',(-30.3101976885646,44.5106525537969,34.0414434748346));
#6037=CARTESIAN_POINT('Ctrl Pts',(-30.1374974637519,44.8380163451557,5.84144347483459));
#6038=CARTESIAN_POINT('Ctrl Pts',(-30.1374974637519,44.8380163451557,34.0414434748346));
#6039=CARTESIAN_POINT('Ctrl Pts',(-30.0490007401111,45.0000005960465,5.84144347483459));
#6040=CARTESIAN_POINT('Ctrl Pts',(-30.0490007401111,45.0000005960465,34.0414434748346));
#6041=CARTESIAN_POINT('',(-32.0703588597573,35.0000022078439,5.84144347483459));
#6042=CARTESIAN_POINT('',(-32.0703588483691,35.0000004470349,3.8414434748346));
#6043=CARTESIAN_POINT('Ctrl Pts',(-30.0490108268841,44.9999821332053,5.84144347483459));
#6044=CARTESIAN_POINT('Ctrl Pts',(-30.1375053374373,44.8380014200876,5.84144347483459));
#6045=CARTESIAN_POINT('Ctrl Pts',(-30.3102033002248,44.5106411277995,5.84144347483459));
#6046=CARTESIAN_POINT('Ctrl Pts',(-30.5563716829046,44.009413051245,5.84144347483459));
#6047=CARTESIAN_POINT('Ctrl Pts',(-30.8584148164945,43.3204016777925,5.84144347483459));
#6048=CARTESIAN_POINT('Ctrl Pts',(-31.189456083824,42.4223516686371,5.84144347483459));
#6049=CARTESIAN_POINT('Ctrl Pts',(-31.4701644522668,41.4844906618641,5.84144347483459));
#6050=CARTESIAN_POINT('Ctrl Pts',(-31.6969516456021,40.5039861617398,5.84144347483459));
#6051=CARTESIAN_POINT('Ctrl Pts',(-31.868831067003,39.4800579194081,5.84144347483459));
#6052=CARTESIAN_POINT('Ctrl Pts',(-31.988966306197,38.4152078558161,5.84144347483459));
#6053=CARTESIAN_POINT('Ctrl Pts',(-32.0616988314924,37.3128697604774,5.84144347483459));
#6054=CARTESIAN_POINT('Ctrl Pts',(-32.0852842762558,36.4036355316715,5.84144347483459));
#6055=CARTESIAN_POINT('Ctrl Pts',(-32.0847804088237,35.7073220738956,5.84144347483459));
#6056=CARTESIAN_POINT('Ctrl Pts',(-32.0764916195202,35.2368236936821,5.84144347483459));
#6057=CARTESIAN_POINT('Ctrl Pts',(-32.0703588939441,35.0000022069586,5.84144347483459));
#6058=CARTESIAN_POINT('Origin',(-32.0703588483691,-30.0000004470348,3.8414434748346));
#6059=CARTESIAN_POINT('',(-32.0703588333468,-30.0000027711571,5.84144347483459));
#6060=CARTESIAN_POINT('',(-32.0703588483691,-30.0000004470348,3.8414434748346));
#6061=CARTESIAN_POINT('',(-32.0703588483691,-13.7500002235167,5.84144347483459));
#6062=CARTESIAN_POINT('Ctrl Pts',(-30.0490007401111,-40.0000005960464,5.84144347483457));
#6063=CARTESIAN_POINT('Ctrl Pts',(-30.0490007401111,-40.0000005960464,34.0414434748346));
#6064=CARTESIAN_POINT('Ctrl Pts',(-30.1374974637519,-39.8380163451556,5.84144347483458));
#6065=CARTESIAN_POINT('Ctrl Pts',(-30.1374974637519,-39.8380163451556,34.0414434748346));
#6066=CARTESIAN_POINT('Ctrl Pts',(-30.3101976885646,-39.5106525537969,5.84144347483458));
#6067=CARTESIAN_POINT('Ctrl Pts',(-30.3101976885646,-39.5106525537969,34.0414434748346));
#6068=CARTESIAN_POINT('Ctrl Pts',(-30.5563682402209,-39.0094209045841,5.84144347483458));
#6069=CARTESIAN_POINT('Ctrl Pts',(-30.5563682402209,-39.0094209045841,34.0414434748346));
#6070=CARTESIAN_POINT('Ctrl Pts',(-30.8584133072151,-38.3204057721713,5.84144347483458));
#6071=CARTESIAN_POINT('Ctrl Pts',(-30.8584133072151,-38.3204057721713,34.0414434748346));
#6072=CARTESIAN_POINT('Ctrl Pts',(-31.189456083824,-37.4223516686371,5.84144347483458));
#6073=CARTESIAN_POINT('Ctrl Pts',(-31.189456083824,-37.4223516686371,34.0414434748346));
#6074=CARTESIAN_POINT('Ctrl Pts',(-31.4701644522668,-36.4844906618641,5.84144347483458));
#6075=CARTESIAN_POINT('Ctrl Pts',(-31.4701644522668,-36.4844906618641,34.0414434748346));
#6076=CARTESIAN_POINT('Ctrl Pts',(-31.6969516456021,-35.5039861617398,5.84144347483457));
#6077=CARTESIAN_POINT('Ctrl Pts',(-31.6969516456021,-35.5039861617398,34.0414434748346));
#6078=CARTESIAN_POINT('Ctrl Pts',(-31.868831067003,-34.480057919408,5.84144347483458));
#6079=CARTESIAN_POINT('Ctrl Pts',(-31.868831067003,-34.480057919408,34.0414434748346));
#6080=CARTESIAN_POINT('Ctrl Pts',(-31.988966306197,-33.4152078558161,5.84144347483457));
#6081=CARTESIAN_POINT('Ctrl Pts',(-31.988966306197,-33.4152078558161,34.0414434748346));
#6082=CARTESIAN_POINT('Ctrl Pts',(-32.0616988531127,-32.3128694327995,5.84144347483458));
#6083=CARTESIAN_POINT('Ctrl Pts',(-32.0616988531127,-32.3128694327995,34.0414434748346));
#6084=CARTESIAN_POINT('Ctrl Pts',(-32.0852842937832,-31.4036348559807,5.84144347483457));
#6085=CARTESIAN_POINT('Ctrl Pts',(-32.0852842937832,-31.4036348559807,34.0414434748346));
#6086=CARTESIAN_POINT('Ctrl Pts',(-32.0847804080748,-30.7073210389749,5.84144347483458));
#6087=CARTESIAN_POINT('Ctrl Pts',(-32.0847804080748,-30.7073210389749,34.0414434748346));
#6088=CARTESIAN_POINT('Ctrl Pts',(-32.0764915948812,-30.2368222950917,5.84144347483457));
#6089=CARTESIAN_POINT('Ctrl Pts',(-32.0764915948812,-30.2368222950917,34.0414434748346));
#6090=CARTESIAN_POINT('Ctrl Pts',(-32.0703588483691,-30.0000004470348,5.84144347483458));
#6091=CARTESIAN_POINT('Ctrl Pts',(-32.0703588483691,-30.0000004470348,34.0414434748346));
#6092=CARTESIAN_POINT('',(-30.0490378405481,-39.9999204170105,5.84144347483459));
#6093=CARTESIAN_POINT('',(-30.0490007401111,-40.0000005960464,3.8414434748346));
#6094=CARTESIAN_POINT('Ctrl Pts',(-32.0703587882946,-30.0000027722894,5.84144347483459));
#6095=CARTESIAN_POINT('Ctrl Pts',(-32.0703600607859,-30.000051979439,5.84144347483459));
#6096=CARTESIAN_POINT('Ctrl Pts',(-32.0703613298573,-30.0001010543415,5.84144347483459));
#6097=CARTESIAN_POINT('Ctrl Pts',(-32.0787409553941,-30.3241405843453,5.84144347483459));
#6098=CARTESIAN_POINT('Ctrl Pts',(-32.0868235627169,-30.983026244765,5.84144347483459));
#6099=CARTESIAN_POINT('Ctrl Pts',(-32.0694887924422,-31.9733431579319,5.84144347483459));
#6100=CARTESIAN_POINT('Ctrl Pts',(-32.018170124811,-32.9737544974596,5.84144347483459));
#6101=CARTESIAN_POINT('Ctrl Pts',(-31.9257110190053,-33.9855156399106,5.84144347483459));
#6102=CARTESIAN_POINT('Ctrl Pts',(-31.7818269647869,-35.0099761434371,5.84144347483459));
#6103=CARTESIAN_POINT('Ctrl Pts',(-31.5070714152125,-36.3895936555757,5.84144347483459));
#6104=CARTESIAN_POINT('Ctrl Pts',(-31.0872497467723,-37.7570519985446,5.84144347483459));
#6105=CARTESIAN_POINT('Ctrl Pts',(-30.6044130838278,-38.8969944045947,5.84144347483459));
#6106=CARTESIAN_POINT('Ctrl Pts',(-30.3338475189962,-39.4570231927707,5.84144347483459));
#6107=CARTESIAN_POINT('Ctrl Pts',(-30.1740796519151,-39.767930497004,5.84144347483459));
#6108=CARTESIAN_POINT('Ctrl Pts',(-30.0869527279577,-39.9305338222335,5.84144347483459));
#6109=CARTESIAN_POINT('Ctrl Pts',(-30.0490528593966,-39.9999051210454,5.84144347483459));
#6110=CARTESIAN_POINT('Ctrl Pts',(-30.0490380649164,-39.9999322006196,5.84144347483459));
#6111=CARTESIAN_POINT('Ctrl Pts',(-30.0490218275094,-39.9999619213036,5.84144347483459));
#6112=CARTESIAN_POINT('Origin',(-24.2623297743812,-52.5057750847293,3.8414434748346));
#6113=CARTESIAN_POINT('',(-28.2366164288244,-43.9168069287388,5.84144347483459));
#6114=CARTESIAN_POINT('',(-28.2366164288244,-43.9168069287388,14.8414434748346));
#6115=CARTESIAN_POINT('',(-32.921056656549,-33.7931013576811,5.84144347483459));
#6116=CARTESIAN_POINT('Origin',(-26.4215144638498,-43.0769230934703,14.8414434748346));
#6117=CARTESIAN_POINT('',(-25.7554954792726,-44.9627700417094,5.8414434748346));
#6118=CARTESIAN_POINT('',(-25.7554954792726,-44.9627700417094,14.8414434748346));
#6119=CARTESIAN_POINT('Origin',(-26.4215144638498,-43.0769230934703,5.8414434748346));
#6120=CARTESIAN_POINT('Origin',(-24.2902537132028,-49.1116333278354,14.8414434748346));
#6121=CARTESIAN_POINT('',(-21.6609508800963,-52.6396308635231,14.8414434748346));
#6122=CARTESIAN_POINT('',(-21.6609508800963,-52.6396308635231,14.8414434748346));
#6123=CARTESIAN_POINT('',(-21.6609508800989,-52.639630863525,5.8414434748346));
#6124=CARTESIAN_POINT('',(-21.6609508800964,-52.6396308635231,5.8414434748346));
#6125=CARTESIAN_POINT('Origin',(-24.2902537132028,-49.1116333278354,5.8414434748346));
#6126=CARTESIAN_POINT('Origin',(-20.4658287464424,-54.2432647236037,14.8414434748346));
#6127=CARTESIAN_POINT('Ctrl Pts',(-21.6609508800964,-52.639630863523,14.8414434748346));
#6128=CARTESIAN_POINT('Ctrl Pts',(-21.7230183645399,-52.6858877588412,14.8414434748346));
#6129=CARTESIAN_POINT('Ctrl Pts',(-21.7820103533863,-52.7357998514968,14.8414434748346));
#6130=CARTESIAN_POINT('Ctrl Pts',(-21.837797323631,-52.7889418800177,14.8414434748346));
#6131=CARTESIAN_POINT('Ctrl Pts',(-21.8948389860755,-52.843279113949,14.8414434748346));
#6132=CARTESIAN_POINT('Ctrl Pts',(-21.9485304128713,-52.9009939285151,14.8414434748346));
#6133=CARTESIAN_POINT('Ctrl Pts',(-21.998700203344,-52.961676422326,14.8414434748346));
#6134=CARTESIAN_POINT('Ctrl Pts',(-22.049242894563,-53.022809955438,14.8414434748346));
#6135=CARTESIAN_POINT('Ctrl Pts',(-22.096211947843,-53.0869563273267,14.8414434748346));
#6136=CARTESIAN_POINT('Ctrl Pts',(-22.1393906918499,-53.153728939661,14.8414434748346));
#6137=CARTESIAN_POINT('Ctrl Pts',(-22.1517825771096,-53.1728920387637,14.8414434748346));
#6138=CARTESIAN_POINT('Ctrl Pts',(-22.1638619912448,-53.1922716013956,14.8414434748346));
#6139=CARTESIAN_POINT('Ctrl Pts',(-22.175623089719,-53.2118588199594,14.8414434748346));
#6140=CARTESIAN_POINT('Ctrl Pts',(-22.1827257494624,-53.2236877617103,14.8414434748346));
#6141=CARTESIAN_POINT('Ctrl Pts',(-22.1897082967922,-53.2355858273594,14.8414434748346));
#6142=CARTESIAN_POINT('Ctrl Pts',(-22.1965671338146,-53.2475460146906,14.8414434748346));
#6143=CARTESIAN_POINT('Ctrl Pts',(-22.2330647369387,-53.3111891905057,14.8414434748346));
#6144=CARTESIAN_POINT('Ctrl Pts',(-22.2660894185195,-53.3766330757742,14.8414434748346));
#6145=CARTESIAN_POINT('Ctrl Pts',(-22.2955213165464,-53.4435850794103,14.8414434748346));
#6146=CARTESIAN_POINT('Ctrl Pts',(-22.3247973272357,-53.5101824688254,14.8414434748346));
#6147=CARTESIAN_POINT('Ctrl Pts',(-22.3505189110196,-53.578272913343,14.8414434748346));
#6148=CARTESIAN_POINT('Ctrl Pts',(-22.3725225239235,-53.6475916798932,14.8414434748346));
#6149=CARTESIAN_POINT('Ctrl Pts',(-22.3921662493974,-53.7094760089011,14.8414434748346));
#6150=CARTESIAN_POINT('Ctrl Pts',(-22.40884635412,-53.7723400258661,14.8414434748346));
#6151=CARTESIAN_POINT('Ctrl Pts',(-22.422411475215,-53.836002768055,14.8414434748346));
#6152=CARTESIAN_POINT('Ctrl Pts',(-22.4272236001385,-53.8585866481577,14.8414434748346));
#6153=CARTESIAN_POINT('Ctrl Pts',(-22.4316434056021,-53.8812710693068,14.8414434748346));
#6154=CARTESIAN_POINT('Ctrl Pts',(-22.435663033485,-53.9040479828278,14.8414434748346));
#6155=CARTESIAN_POINT('Ctrl Pts',(-22.4377421994419,-53.9158294174714,14.8414434748346));
#6156=CARTESIAN_POINT('Ctrl Pts',(-22.4397142877082,-53.9276355981917,14.8414434748346));
#6157=CARTESIAN_POINT('Ctrl Pts',(-22.4415781467562,-53.9394654068247,14.8414434748346));
#6158=CARTESIAN_POINT('Ctrl Pts',(-22.4433313548853,-53.9505929202938,14.8414434748346));
#6159=CARTESIAN_POINT('Ctrl Pts',(-22.4449874717947,-53.9617330461982,14.8414434748346));
#6160=CARTESIAN_POINT('Ctrl Pts',(-22.446545454789,-53.9728808212471,14.8414434748346));
#6161=CARTESIAN_POINT('Ctrl Pts',(-22.4491556618014,-53.9915575338385,14.8414434748346));
#6162=CARTESIAN_POINT('Ctrl Pts',(-22.4514909890768,-54.0102592531844,14.8414434748346));
#6163=CARTESIAN_POINT('Ctrl Pts',(-22.4535492911816,-54.0289811330841,14.8414434748346));
#6164=CARTESIAN_POINT('Ctrl Pts',(-22.4614912468605,-54.1012194794573,14.8414434748346));
#6165=CARTESIAN_POINT('Ctrl Pts',(-22.4653129198234,-54.1737569549744,14.8414434748346));
#6166=CARTESIAN_POINT('Ctrl Pts',(-22.4651503467798,-54.2462588956362,14.8414434748346));
#6167=CARTESIAN_POINT('Ctrl Pts',(-22.4649843327219,-54.3202954093495,14.8414434748346));
#6168=CARTESIAN_POINT('Ctrl Pts',(-22.4606636010411,-54.3942958214238,14.8414434748346));
#6169=CARTESIAN_POINT('Ctrl Pts',(-22.4522792463375,-54.4679093987594,14.8414434748346));
#6170=CARTESIAN_POINT('Ctrl Pts',(-22.4460890473982,-54.5222585650881,14.8414434748346));
#6171=CARTESIAN_POINT('Ctrl Pts',(-22.437682666268,-54.5763970629799,14.8414434748346));
#6172=CARTESIAN_POINT('Ctrl Pts',(-22.4270787474148,-54.6301809223704,14.8414434748346));
#6173=CARTESIAN_POINT('Ctrl Pts',(-22.4215470722784,-54.6582379871066,14.8414434748346));
#6174=CARTESIAN_POINT('Ctrl Pts',(-22.4154171279575,-54.6861984776145,14.8414434748346));
#6175=CARTESIAN_POINT('Ctrl Pts',(-22.4086899713425,-54.714041352434,14.8414434748346));
#6176=CARTESIAN_POINT('Ctrl Pts',(-22.405700792536,-54.7264131963029,14.8414434748346));
#6177=CARTESIAN_POINT('Ctrl Pts',(-22.4025959494545,-54.7387524176231,14.8414434748346));
#6178=CARTESIAN_POINT('Ctrl Pts',(-22.3993761842756,-54.7510566094848,14.8414434748346));
#6179=CARTESIAN_POINT('Ctrl Pts',(-22.3799634992782,-54.8252413364719,14.8414434748346));
#6180=CARTESIAN_POINT('Ctrl Pts',(-22.3563756534548,-54.8981605500467,14.8414434748346));
#6181=CARTESIAN_POINT('Ctrl Pts',(-22.3287129010959,-54.9694161695883,14.8414434748346));
#6182=CARTESIAN_POINT('Ctrl Pts',(-22.3119087217248,-55.012701530222,14.8414434748346));
#6183=CARTESIAN_POINT('Ctrl Pts',(-22.2935998265326,-55.0553729153352,14.8414434748346));
#6184=CARTESIAN_POINT('Ctrl Pts',(-22.2737996561993,-55.097338474583,14.8414434748346));
#6185=CARTESIAN_POINT('Ctrl Pts',(-22.2411984632415,-55.1664352182776,14.8414434748346));
#6186=CARTESIAN_POINT('Ctrl Pts',(-22.2045565247276,-55.2336202599953,14.8414434748346));
#6187=CARTESIAN_POINT('Ctrl Pts',(-22.1641115243449,-55.2986049417652,14.8414434748346));
#6188=CARTESIAN_POINT('Ctrl Pts',(-22.144164841104,-55.3306541159651,14.8414434748346));
#6189=CARTESIAN_POINT('Ctrl Pts',(-22.1232924908337,-55.3621676485024,14.8414434748346));
#6190=CARTESIAN_POINT('Ctrl Pts',(-22.1015194968306,-55.3931078039028,14.8414434748346));
#6191=CARTESIAN_POINT('Ctrl Pts',(-22.0908238173828,-55.4083067234533,14.8414434748346));
#6192=CARTESIAN_POINT('Ctrl Pts',(-22.0799067607879,-55.4233723682964,14.8414434748346));
#6193=CARTESIAN_POINT('Ctrl Pts',(-22.0687928162162,-55.4382717081517,14.8414434748346));
#6194=CARTESIAN_POINT('Ctrl Pts',(-22.0230641930322,-55.499575441811,14.8414434748346));
#6195=CARTESIAN_POINT('Ctrl Pts',(-21.9739565378503,-55.5581414262785,14.8414434748346));
#6196=CARTESIAN_POINT('Ctrl Pts',(-21.9217454986363,-55.6137100053232,14.8414434748346));
#6197=CARTESIAN_POINT('Ctrl Pts',(-21.8683039598412,-55.6705882137925,14.8414434748346));
#6198=CARTESIAN_POINT('Ctrl Pts',(-21.8116105047604,-55.7243269970007,14.8414434748346));
#6199=CARTESIAN_POINT('Ctrl Pts',(-21.7519164443802,-55.7746133135361,14.8414434748346));
#6200=CARTESIAN_POINT('Ctrl Pts',(-21.6922223839999,-55.8248996300715,14.8414434748346));
#6201=CARTESIAN_POINT('Ctrl Pts',(-21.6295270157984,-55.8717343260024,14.8414434748346));
#6202=CARTESIAN_POINT('Ctrl Pts',(-21.5640474502222,-55.9147569369783,14.8414434748346));
#6203=CARTESIAN_POINT('Ctrl Pts',(-32.7314868829092,-41.3466322178214,29.3414434748346));
#6204=CARTESIAN_POINT('Ctrl Pts',(-32.7314868829092,-41.3466322178214,-2.45855652516544));
#6205=CARTESIAN_POINT('Ctrl Pts',(-33.5700623271533,-39.7912603394065,29.3414434748346));
#6206=CARTESIAN_POINT('Ctrl Pts',(-33.5700623271533,-39.7912603394065,-2.45855652516544));
#6207=CARTESIAN_POINT('Ctrl Pts',(-34.2191886296756,-38.069000840957,29.3414434748346));
#6208=CARTESIAN_POINT('Ctrl Pts',(-34.2191886296756,-38.069000840957,-2.45855652516544));
#6209=CARTESIAN_POINT('Ctrl Pts',(-34.6055017335282,-36.1781765939356,29.3414434748346));
#6210=CARTESIAN_POINT('Ctrl Pts',(-34.6055017335282,-36.1781765939356,-2.45855652516544));
#6211=CARTESIAN_POINT('Ctrl Pts',(-35.0104891247343,-34.1959503339573,29.3414434748346));
#6212=CARTESIAN_POINT('Ctrl Pts',(-35.0104891247343,-34.1959503339573,-2.45855652516544));
#6213=CARTESIAN_POINT('Ctrl Pts',(-35.1240906252007,-32.1216419501095,29.3414434748346));
#6214=CARTESIAN_POINT('Ctrl Pts',(-35.1240906252007,-32.1216419501095,-2.45855652516544));
#6215=CARTESIAN_POINT('Ctrl Pts',(-35.0703588483691,-29.961940067619,29.3414434748346));
#6216=CARTESIAN_POINT('Ctrl Pts',(-35.0703588483691,-29.961940067619,-2.45855652516544));
#6217=CARTESIAN_POINT('',(-32.7314967000631,-41.3466101250418,2.84144347483459));
#6218=CARTESIAN_POINT('',(-32.7314868829092,-41.3466322178213,3.8414434748346));
#6219=CARTESIAN_POINT('Ctrl Pts',(-32.7314957273915,-41.3466096007395,2.8414434748346));
#6220=CARTESIAN_POINT('Ctrl Pts',(-33.5411023099142,-39.8446459727487,2.8414434748346));
#6221=CARTESIAN_POINT('Ctrl Pts',(-34.5578061577199,-37.1192373908651,2.8414434748346));
#6222=CARTESIAN_POINT('Ctrl Pts',(-35.0675831493457,-33.2015000136012,2.8414434748346));
#6223=CARTESIAN_POINT('Ctrl Pts',(-35.097184280257,-31.0381296397817,2.8414434748346));
#6224=CARTESIAN_POINT('Ctrl Pts',(-35.0703594532491,-29.9619400525419,2.8414434748346));
#6225=CARTESIAN_POINT('Ctrl Pts',(-26.9980322565568,58.7373990374471,29.3414434748346));
#6226=CARTESIAN_POINT('Ctrl Pts',(-26.9980322565568,58.7373990374471,-2.45855652516541));
#6227=CARTESIAN_POINT('Ctrl Pts',(-26.3805483314997,60.14338673724,29.3414434748346));
#6228=CARTESIAN_POINT('Ctrl Pts',(-26.3805483314997,60.14338673724,-2.45855652516541));
#6229=CARTESIAN_POINT('Ctrl Pts',(-25.548732996487,61.4222845147441,29.3414434748346));
#6230=CARTESIAN_POINT('Ctrl Pts',(-25.548732996487,61.4222845147441,-2.45855652516541));
#6231=CARTESIAN_POINT('Ctrl Pts',(-24.4393146632783,62.4568855246359,29.3414434748346));
#6232=CARTESIAN_POINT('Ctrl Pts',(-24.4393146632783,62.4568855246359,-2.45855652516541));
#6233=CARTESIAN_POINT('Ctrl Pts',(-23.3229556689735,63.4979591290076,29.3414434748346));
#6234=CARTESIAN_POINT('Ctrl Pts',(-23.3229556689735,63.4979591290076,-2.45855652516541));
#6235=CARTESIAN_POINT('Ctrl Pts',(-21.9581350869523,64.2211317716785,29.3414434748346));
#6236=CARTESIAN_POINT('Ctrl Pts',(-21.9581350869523,64.2211317716785,-2.45855652516541));
#6237=CARTESIAN_POINT('Ctrl Pts',(-20.5880663953037,64.6264161375898,29.3414434748346));
#6238=CARTESIAN_POINT('Ctrl Pts',(-20.5880663953037,64.6264161375898,-2.45855652516541));
#6239=CARTESIAN_POINT('Ctrl Pts',(-18.7824349732577,65.1605456965048,29.3414434748346));
#6240=CARTESIAN_POINT('Ctrl Pts',(-18.7824349732577,65.1605456965048,-2.45855652516541));
#6241=CARTESIAN_POINT('Ctrl Pts',(-16.9707868336068,65.2220493213903,29.3414434748346));
#6242=CARTESIAN_POINT('Ctrl Pts',(-16.9707868336068,65.2220493213903,-2.45855652516541));
#6243=CARTESIAN_POINT('Ctrl Pts',(-15.1474033105577,65.0233160914341,29.3414434748346));
#6244=CARTESIAN_POINT('Ctrl Pts',(-15.1474033105577,65.0233160914341,-2.45855652516541));
#6245=CARTESIAN_POINT('Ctrl Pts',(-15.1464710750354,65.0232144857246,29.3414434748346));
#6246=CARTESIAN_POINT('Ctrl Pts',(-15.1464710750354,65.0232144857246,-2.45855652516541));
#6247=CARTESIAN_POINT('Ctrl Pts',(-15.1455388395254,65.0231128800165,29.3414434748346));
#6248=CARTESIAN_POINT('Ctrl Pts',(-15.1455388395254,65.0231128800165,-2.45855652516541));
#6249=CARTESIAN_POINT('Ctrl Pts',(-15.1446066040033,65.0230112743071,29.3414434748346));
#6250=CARTESIAN_POINT('Ctrl Pts',(-15.1446066040033,65.0230112743071,-2.45855652516541));
#6251=CARTESIAN_POINT('',(-15.1446066039831,65.0230112743037,2.84144347483461));
#6252=CARTESIAN_POINT('',(-15.1446066039911,65.0230112743058,3.84144347483461));
#6253=CARTESIAN_POINT('Ctrl Pts',(-26.9980325590642,58.737399170292,2.8414434748346));
#6254=CARTESIAN_POINT('Ctrl Pts',(-26.4691176087401,59.9418170135366,2.84144347483459));
#6255=CARTESIAN_POINT('Ctrl Pts',(-25.381122656855,61.7505497593963,2.84144347483459));
#6256=CARTESIAN_POINT('Ctrl Pts',(-23.0738755818877,63.6175625391661,2.84144347483459));
#6257=CARTESIAN_POINT('Ctrl Pts',(-21.4328423886597,64.3820627876022,2.84144347483459));
#6258=CARTESIAN_POINT('Ctrl Pts',(-20.0899224848935,64.7779662977021,2.84144347483459));
#6259=CARTESIAN_POINT('Ctrl Pts',(-18.7381575274413,65.0441135681994,2.84144347483459));
#6260=CARTESIAN_POINT('Ctrl Pts',(-17.081479146659,65.1645713513162,2.84144347483459));
#6261=CARTESIAN_POINT('Ctrl Pts',(-15.7841424120881,65.0927152149245,2.84144347483461));
#6262=CARTESIAN_POINT('Ctrl Pts',(-15.1464710682703,65.0232144849873,2.84144347483459));
#6263=CARTESIAN_POINT('Ctrl Pts',(-15.1455388327496,65.023112879278,2.84144347483459));
#6264=CARTESIAN_POINT('Ctrl Pts',(-15.1446066039829,65.0230112743049,2.84144347483459));
#6265=CARTESIAN_POINT('Origin',(-15.1446066039789,65.0230112743045,3.84144347483459));
#6266=CARTESIAN_POINT('',(12.3156671011764,61.9779514011816,2.8414434748346));
#6267=CARTESIAN_POINT('',(12.3156671011768,61.9779514011816,3.8414434748346));
#6268=CARTESIAN_POINT('',(-6.01109363179011,64.0101993063364,2.84144347483459));
#6269=CARTESIAN_POINT('Ctrl Pts',(12.3156671011745,61.9779514011819,29.3414434748346));
#6270=CARTESIAN_POINT('Ctrl Pts',(12.3156671011745,61.9779514011819,-2.45855652516541));
#6271=CARTESIAN_POINT('Ctrl Pts',(12.3269771008189,61.9764352475818,29.3414434748346));
#6272=CARTESIAN_POINT('Ctrl Pts',(12.3269771008189,61.9764352475818,-2.45855652516541));
#6273=CARTESIAN_POINT('Ctrl Pts',(12.3382871004648,61.9749190939814,29.3414434748346));
#6274=CARTESIAN_POINT('Ctrl Pts',(12.3382871004648,61.9749190939814,-2.45855652516541));
#6275=CARTESIAN_POINT('Ctrl Pts',(12.3495971001091,61.9734029403812,29.3414434748346));
#6276=CARTESIAN_POINT('Ctrl Pts',(12.3495971001091,61.9734029403812,-2.45855652516541));
#6277=CARTESIAN_POINT('Ctrl Pts',(12.9855549746601,61.8881500799597,29.3414434748346));
#6278=CARTESIAN_POINT('Ctrl Pts',(12.9855549746601,61.8881500799597,-2.45855652516541));
#6279=CARTESIAN_POINT('Ctrl Pts',(13.596433357731,61.7852027321794,29.3414434748346));
#6280=CARTESIAN_POINT('Ctrl Pts',(13.596433357731,61.7852027321794,-2.45855652516541));
#6281=CARTESIAN_POINT('Ctrl Pts',(14.1887200169097,61.6592256196198,29.3414434748346));
#6282=CARTESIAN_POINT('Ctrl Pts',(14.1887200169097,61.6592256196198,-2.45855652516541));
#6283=CARTESIAN_POINT('Ctrl Pts',(15.5759522934962,61.3641666073231,29.3414434748346));
#6284=CARTESIAN_POINT('Ctrl Pts',(15.5759522934962,61.3641666073231,-2.45855652516541));
#6285=CARTESIAN_POINT('Ctrl Pts',(16.8957286610811,60.9529823941095,29.3414434748346));
#6286=CARTESIAN_POINT('Ctrl Pts',(16.8957286610811,60.9529823941095,-2.45855652516541));
#6287=CARTESIAN_POINT('Ctrl Pts',(18.0859369592163,60.1966778302391,29.3414434748346));
#6288=CARTESIAN_POINT('Ctrl Pts',(18.0859369592163,60.1966778302391,-2.45855652516541));
#6289=CARTESIAN_POINT('Ctrl Pts',(19.2347199532046,59.4666965130097,29.3414434748346));
#6290=CARTESIAN_POINT('Ctrl Pts',(19.2347199532046,59.4666965130097,-2.45855652516541));
#6291=CARTESIAN_POINT('Ctrl Pts',(20.1615377412174,58.4147314669671,29.3414434748346));
#6292=CARTESIAN_POINT('Ctrl Pts',(20.1615377412174,58.4147314669671,-2.45855652516541));
#6293=CARTESIAN_POINT('Ctrl Pts',(20.6931133024567,57.2168879774851,29.3414434748346));
#6294=CARTESIAN_POINT('Ctrl Pts',(20.6931133024567,57.2168879774851,-2.45855652516541));
#6295=CARTESIAN_POINT('Ctrl Pts',(20.7064711844673,57.1867875493119,29.3414434748346));
#6296=CARTESIAN_POINT('Ctrl Pts',(20.7064711844673,57.1867875493119,-2.45855652516541));
#6297=CARTESIAN_POINT('Ctrl Pts',(20.7198290664778,57.156687121139,29.3414434748346));
#6298=CARTESIAN_POINT('Ctrl Pts',(20.7198290664778,57.156687121139,-2.45855652516541));
#6299=CARTESIAN_POINT('Ctrl Pts',(20.7331869484886,57.1265866929655,29.3414434748346));
#6300=CARTESIAN_POINT('Ctrl Pts',(20.7331869484886,57.1265866929655,-2.45855652516541));
#6301=CARTESIAN_POINT('',(20.7331869484899,57.1265866929625,2.8414434748346));
#6302=CARTESIAN_POINT('',(20.7331869484899,57.1265866929625,3.8414434748346));
#6303=CARTESIAN_POINT('Ctrl Pts',(12.3156671011745,61.9779514011819,2.8414434748346));
#6304=CARTESIAN_POINT('Ctrl Pts',(12.3269771008189,61.9764352475818,2.8414434748346));
#6305=CARTESIAN_POINT('Ctrl Pts',(12.3382871004648,61.9749190939814,2.8414434748346));
#6306=CARTESIAN_POINT('Ctrl Pts',(12.3495971001091,61.9734029403812,2.8414434748346));
#6307=CARTESIAN_POINT('Ctrl Pts',(12.9855549746601,61.8881500799597,2.8414434748346));
#6308=CARTESIAN_POINT('Ctrl Pts',(13.596433357731,61.7852027321794,2.8414434748346));
#6309=CARTESIAN_POINT('Ctrl Pts',(14.1887200169097,61.6592256196198,2.8414434748346));
#6310=CARTESIAN_POINT('Ctrl Pts',(15.5759522934962,61.3641666073231,2.8414434748346));
#6311=CARTESIAN_POINT('Ctrl Pts',(16.8957286610811,60.9529823941095,2.8414434748346));
#6312=CARTESIAN_POINT('Ctrl Pts',(18.0859369592163,60.1966778302391,2.8414434748346));
#6313=CARTESIAN_POINT('Ctrl Pts',(19.2347199532046,59.4666965130097,2.8414434748346));
#6314=CARTESIAN_POINT('Ctrl Pts',(20.1615377412174,58.4147314669671,2.8414434748346));
#6315=CARTESIAN_POINT('Ctrl Pts',(20.6931133024567,57.2168879774851,2.8414434748346));
#6316=CARTESIAN_POINT('Ctrl Pts',(20.7064711844673,57.1867875493119,2.8414434748346));
#6317=CARTESIAN_POINT('Ctrl Pts',(20.7198290664778,57.156687121139,2.8414434748346));
#6318=CARTESIAN_POINT('Ctrl Pts',(20.7331869484886,57.1265866929655,2.8414434748346));
#6319=CARTESIAN_POINT('Origin',(20.7331869484911,57.1265866929599,3.8414434748346));
#6320=CARTESIAN_POINT('',(26.3149852280391,41.9215400535968,2.8414434748346));
#6321=CARTESIAN_POINT('',(26.3149852280391,41.9215400535969,3.84144347483459));
#6322=CARTESIAN_POINT('',(28.1251026182851,36.9907063037896,2.8414434748346));
#6323=CARTESIAN_POINT('Origin',(-24.2902537132028,-49.1116333278354,5.8414434748346));
#6324=CARTESIAN_POINT('',(-25.8810795608327,-42.9124984589596,3.8414434748346));
#6325=CARTESIAN_POINT('Ctrl Pts',(-25.8810795608327,-42.9124984589596,3.8414434748346));
#6326=CARTESIAN_POINT('Ctrl Pts',(-25.7456173132016,-42.9413074977173,3.8414434748346));
#6327=CARTESIAN_POINT('Ctrl Pts',(-25.6083425932564,-42.9631462634906,3.84423723873296));
#6328=CARTESIAN_POINT('Ctrl Pts',(-25.3284588425747,-42.992758584498,3.85055551347468));
#6329=CARTESIAN_POINT('Ctrl Pts',(-25.186115012862,-43.0001896865895,3.85404882398243));
#6330=CARTESIAN_POINT('Ctrl Pts',(-24.9354357098805,-42.9998496218775,3.85774753228242));
#6331=CARTESIAN_POINT('Ctrl Pts',(-24.8274423167066,-42.9953246023777,3.85855949120766));
#6332=CARTESIAN_POINT('Ctrl Pts',(-24.6086653694215,-42.9772475933257,3.85820128426841));
#6333=CARTESIAN_POINT('Ctrl Pts',(-24.4982919788589,-42.9634707300886,3.85697169110018));
#6334=CARTESIAN_POINT('Ctrl Pts',(-24.2343268856091,-42.9192805135138,3.85228887774706));
#6335=CARTESIAN_POINT('Ctrl Pts',(-24.0822201953907,-42.8845391324154,3.8481012404535));
#6336=CARTESIAN_POINT('Ctrl Pts',(-23.8343846724853,-42.8124991874216,3.84296456001341));
#6337=CARTESIAN_POINT('Ctrl Pts',(-23.7375879392516,-42.780283730169,3.8414434748346));
#6338=CARTESIAN_POINT('Ctrl Pts',(-23.6423620576968,-42.7445118115829,3.8414434748346));
#6339=CARTESIAN_POINT('',(-26.4215144638498,-43.0769230934703,3.8414434748346));
#6340=CARTESIAN_POINT('Origin',(-24.2902537132028,-49.1116333278354,3.8414434748346));
#6341=CARTESIAN_POINT('Origin',(-26.4215144638498,-43.0769230934703,5.8414434748346));
#6342=CARTESIAN_POINT('Origin',(-20.465813228688,-54.2432661070203,5.8414434748346));
#6343=CARTESIAN_POINT('Origin',(-26.4215144638498,-43.0769230934703,5.8414434748346));
#6344=CARTESIAN_POINT('Origin',(-26.4215144638498,-43.0769230934703,5.8414434748346));
#6345=CARTESIAN_POINT('Ctrl Pts',(-21.5640474502222,-55.9147569369784,5.8414434748346));
#6346=CARTESIAN_POINT('Ctrl Pts',(-21.5640474502222,-55.9147569369783,16.6414434748346));
#6347=CARTESIAN_POINT('Ctrl Pts',(-21.8696627699688,-55.7139558337023,5.8414434748346));
#6348=CARTESIAN_POINT('Ctrl Pts',(-21.8696627699688,-55.7139558337022,16.6414434748346));
#6349=CARTESIAN_POINT('Ctrl Pts',(-22.3660448140607,-55.1417614290324,5.8414434748346));
#6350=CARTESIAN_POINT('Ctrl Pts',(-22.3660448140607,-55.1417614290323,16.6414434748346));
#6351=CARTESIAN_POINT('Ctrl Pts',(-22.5889972861921,-53.8294605397151,5.8414434748346));
#6352=CARTESIAN_POINT('Ctrl Pts',(-22.5889972861921,-53.829460539715,16.6414434748346));
#6353=CARTESIAN_POINT('Ctrl Pts',(-22.1007637904451,-52.9674092475835,5.8414434748346));
#6354=CARTESIAN_POINT('Ctrl Pts',(-22.1007637904451,-52.9674092475834,16.6414434748346));
#6355=CARTESIAN_POINT('Ctrl Pts',(-21.6609508800964,-52.6396308635231,5.8414434748346));
#6356=CARTESIAN_POINT('Ctrl Pts',(-21.6609508800964,-52.639630863523,16.6414434748346));
#6357=CARTESIAN_POINT('Origin',(-20.4658132286843,-54.2432661070175,5.8414434748346));
#6358=CARTESIAN_POINT('Origin',(-20.4658132286856,-54.2432661070167,5.8414434748346));
#6359=CARTESIAN_POINT('Origin',(-20.4658132286856,-54.2432661070167,5.8414434748346));
#6360=CARTESIAN_POINT('Origin',(-31.1059546915744,-32.9532175224126,5.84144347483459));
#6361=CARTESIAN_POINT('',(-26.6023753737842,-42.6860583342932,3.8414434748346));
#6362=CARTESIAN_POINT('',(-31.1059546915744,-32.9532175224126,3.84144347483461));
#6363=CARTESIAN_POINT('',(-29.0208180169078,-39.4819467945345,4.03078694103239));
#6364=CARTESIAN_POINT('Ctrl Pts',(-29.0199491763035,-39.4812124688432,4.03022321603919));
#6365=CARTESIAN_POINT('Ctrl Pts',(-28.969069390127,-39.9010707230344,4.09116982140694));
#6366=CARTESIAN_POINT('Ctrl Pts',(-28.8494457265305,-40.3118530061894,4.13451484225611));
#6367=CARTESIAN_POINT('Ctrl Pts',(-28.6792042826301,-40.679767670537,4.13451484225611));
#6368=CARTESIAN_POINT('Ctrl Pts',(-28.4748699587804,-41.1213616352699,4.13451484225611));
#6369=CARTESIAN_POINT('Ctrl Pts',(-28.1755056264018,-41.5461329232998,4.06939360060138));
#6370=CARTESIAN_POINT('Ctrl Pts',(-27.4536466160681,-42.23372079981,3.91833083294344));
#6371=CARTESIAN_POINT('Ctrl Pts',(-27.0356954060707,-42.5034490391458,3.84144347483459));
#6372=CARTESIAN_POINT('Ctrl Pts',(-26.6023753737842,-42.6860583342932,3.84144347483459));
#6373=CARTESIAN_POINT('Ctrl Pts',(-30.0490378405482,-39.9999204170105,5.84144347483459));
#6374=CARTESIAN_POINT('Ctrl Pts',(-30.0490378405481,-39.9999204170105,5.76763990125448));
#6375=CARTESIAN_POINT('Ctrl Pts',(-30.0453912459232,-39.998075178858,5.69401174913983));
#6376=CARTESIAN_POINT('Ctrl Pts',(-30.038141684106,-39.9944163766901,5.6208716403367));
#6377=CARTESIAN_POINT('Ctrl Pts',(-30.0307824588463,-39.9907022281645,5.54662514795935));
#6378=CARTESIAN_POINT('Ctrl Pts',(-30.0197089917799,-39.9851185778673,5.47288273593477));
#6379=CARTESIAN_POINT('Ctrl Pts',(-30.004973536476,-39.977697159986,5.40001448585295));
#6380=CARTESIAN_POINT('Ctrl Pts',(-29.9902474899221,-39.9702804807616,5.32719276294945));
#6381=CARTESIAN_POINT('Ctrl Pts',(-29.9718636331323,-39.9610281496333,5.25524563900567));
#6382=CARTESIAN_POINT('Ctrl Pts',(-29.9498954155085,-39.9499771648585,5.18456421406954));
#6383=CARTESIAN_POINT('Ctrl Pts',(-29.9391279203181,-39.9445606387002,5.14992044295987));
#6384=CARTESIAN_POINT('Ctrl Pts',(-29.9274997070176,-39.9387121150404,5.1155809207396));
#6385=CARTESIAN_POINT('Ctrl Pts',(-29.9150214205938,-39.9324364867887,5.0815918853041));
#6386=CARTESIAN_POINT('Ctrl Pts',(-29.8894901600739,-39.9195962061301,5.01204844888592));
#6387=CARTESIAN_POINT('Ctrl Pts',(-29.8605399440662,-39.905038350356,4.9443546497563));
#6388=CARTESIAN_POINT('Ctrl Pts',(-29.8283797875344,-39.8888606665764,4.87882717397233));
#6389=CARTESIAN_POINT('Ctrl Pts',(-29.7964971193412,-39.8728225691384,4.8138650906596));
#6390=CARTESIAN_POINT('Ctrl Pts',(-29.761461459962,-39.8551931941457,4.75103213123755));
#6391=CARTESIAN_POINT('Ctrl Pts',(-29.7234573170437,-39.83605563108,4.69058818500335));
#6392=CARTESIAN_POINT('Ctrl Pts',(-29.7027779392749,-39.8256422164936,4.65769852871778));
#6393=CARTESIAN_POINT('Ctrl Pts',(-29.6812191599673,-39.8147819807535,4.62551534235728));
#6394=CARTESIAN_POINT('Ctrl Pts',(-29.6588051758914,-39.8034855441934,4.59407494130045));
#6395=CARTESIAN_POINT('Ctrl Pts',(-29.6198798261002,-39.7838675350521,4.5394738224379));
#6396=CARTESIAN_POINT('Ctrl Pts',(-29.578372534242,-39.7629325859037,4.48710617620971));
#6397=CARTESIAN_POINT('Ctrl Pts',(-29.5343791034223,-39.7407379549638,4.43716503840687));
#6398=CARTESIAN_POINT('Ctrl Pts',(-29.48807671491,-39.7173784577499,4.38460278258356));
#6399=CARTESIAN_POINT('Ctrl Pts',(-29.4392681833735,-39.6927484477643,4.33501255193406));
#6400=CARTESIAN_POINT('Ctrl Pts',(-29.3881744245344,-39.666971315081,4.28858872417159));
#6401=CARTESIAN_POINT('Ctrl Pts',(-29.3362559613291,-39.6407781136966,4.24141556940079));
#6402=CARTESIAN_POINT('Ctrl Pts',(-29.2819775381228,-39.6134003620829,4.19751365816344));
#6403=CARTESIAN_POINT('Ctrl Pts',(-29.2256008866267,-39.5849835888904,4.15711334261329));
#6404=CARTESIAN_POINT('Ctrl Pts',(-29.1691262506699,-39.5565174264183,4.1166428099958));
#6405=CARTESIAN_POINT('Ctrl Pts',(-29.1105464081724,-39.5270092583282,4.07968747256216));
#6406=CARTESIAN_POINT('Ctrl Pts',(-29.0501543245697,-39.4966173912055,4.04648049487985));
#6407=CARTESIAN_POINT('Ctrl Pts',(-29.0403292443189,-39.4916729926082,4.04107811097205));
#6408=CARTESIAN_POINT('Ctrl Pts',(-29.0304562547257,-39.4867052157126,4.03577491587742));
#6409=CARTESIAN_POINT('Ctrl Pts',(-29.0205366790601,-39.4817147479194,4.03057188379327));
#6410=CARTESIAN_POINT('Origin',(-25.0490003526809,-39.,3.8414434748346));
#6411=CARTESIAN_POINT('',(-21.0490003526809,-39.,8.1414434748346));
#6412=CARTESIAN_POINT('Origin',(-25.0490003526809,-39.,8.1414434748346));
#6413=CARTESIAN_POINT('',(-21.0490003526809,-39.,3.8414434748346));
#6414=CARTESIAN_POINT('Ctrl Pts',(-28.8771067235413,-37.8399993045788,3.8414434748346));
#6415=CARTESIAN_POINT('Ctrl Pts',(-28.9588730912572,-38.1098356541696,3.8414434748346));
#6416=CARTESIAN_POINT('Ctrl Pts',(-29.0118860684767,-38.3881425037941,3.86728422248267));
#6417=CARTESIAN_POINT('Ctrl Pts',(-29.0460363361001,-38.7981036544045,3.9216049602955));
#6418=CARTESIAN_POINT('Ctrl Pts',(-29.0504758923837,-38.928480294979,3.94134766228239));
#6419=CARTESIAN_POINT('Ctrl Pts',(-29.0475570458466,-39.1278702420266,3.97367348418651));
#6420=CARTESIAN_POINT('Ctrl Pts',(-29.044740822569,-39.1971048792667,3.98529647516597));
#6421=CARTESIAN_POINT('Ctrl Pts',(-29.0377518155824,-39.3018998798782,4.0032611027571));
#6422=CARTESIAN_POINT('Ctrl Pts',(-29.0348903288055,-39.3375821467854,4.00944362854304));
#6423=CARTESIAN_POINT('Ctrl Pts',(-29.0298588998266,-39.3912726586437,4.01881771067371));
#6424=CARTESIAN_POINT('Ctrl Pts',(-29.0280436432129,-39.4093207147359,4.02198104154745));
#6425=CARTESIAN_POINT('Ctrl Pts',(-29.0251343094261,-39.4363959887042,4.02674210969027));
#6426=CARTESIAN_POINT('Ctrl Pts',(-29.0241335447929,-39.4454199118605,4.02833241882698));
#6427=CARTESIAN_POINT('Ctrl Pts',(-29.0221054393332,-39.4631550078355,4.03145259913621));
#6428=CARTESIAN_POINT('Ctrl Pts',(-29.0210825424927,-39.471847090461,4.03298039449948));
#6429=CARTESIAN_POINT('Ctrl Pts',(-29.0200311171415,-39.480535813137,4.03450641845024));
#6430=CARTESIAN_POINT('Origin',(-25.0490003526809,-39.,3.8414434748346));
#6431=CARTESIAN_POINT('Origin',(-3.58611417936183,2.5000000000015,3.84144347483459));
#6432=CARTESIAN_POINT('Ctrl Pts',(-20.4658132286904,-54.2432661070136,3.8414434748346));
#6433=CARTESIAN_POINT('Ctrl Pts',(-19.875867461765,-54.6308833278071,3.8414434748346));
#6434=CARTESIAN_POINT('Ctrl Pts',(-18.7420422061144,-55.0165506443153,3.8414434748346));
#6435=CARTESIAN_POINT('Ctrl Pts',(-17.3331581719469,-55.13411273828,3.84144347483459));
#6436=CARTESIAN_POINT('Ctrl Pts',(-16.5091212822712,-55.1186404553663,3.84144347483459));
#6437=CARTESIAN_POINT('Ctrl Pts',(-16.0986128966055,-55.0915291799295,3.84144347483459));
#6438=CARTESIAN_POINT('Ctrl Pts',(-15.8643549935782,-55.0710316949251,3.84144347483459));
#6439=CARTESIAN_POINT('Ctrl Pts',(-15.7473857060067,-55.0590988789454,3.84144347483459));
#6440=CARTESIAN_POINT('Ctrl Pts',(-15.688938657925,-55.0527286499179,3.84144347483459));
#6441=CARTESIAN_POINT('Ctrl Pts',(-20.7944041393869,-54.7433749938651,3.8414434748346));
#6442=CARTESIAN_POINT('Ctrl Pts',(-20.1179983131286,-55.1867630899144,3.8414434748346));
#6443=CARTESIAN_POINT('Ctrl Pts',(-18.8576866419539,-55.6091001274816,3.8414434748346));
#6444=CARTESIAN_POINT('Ctrl Pts',(-17.3547848685738,-55.733027213665,3.84144347483459));
#6445=CARTESIAN_POINT('Ctrl Pts',(-16.4845475231858,-55.7168306737447,3.84144347483459));
#6446=CARTESIAN_POINT('Ctrl Pts',(-16.0536136511082,-55.6882352616482,3.84144347483459));
#6447=CARTESIAN_POINT('Ctrl Pts',(-15.8077403141416,-55.666798385023,3.84144347483459));
#6448=CARTESIAN_POINT('Ctrl Pts',(-15.6853299603308,-55.6542588685086,3.84144347483459));
#6449=CARTESIAN_POINT('Ctrl Pts',(-15.6241022847424,-55.6476043764464,3.84144347483459));
#6450=CARTESIAN_POINT('Ctrl Pts',(-21.3631493087053,-55.6089939269241,4.34391560987426));
#6451=CARTESIAN_POINT('Ctrl Pts',(-20.5446160604918,-56.146376213674,4.34391560987426));
#6452=CARTESIAN_POINT('Ctrl Pts',(-19.0567702472781,-56.6348478017431,4.34391560987426));
#6453=CARTESIAN_POINT('Ctrl Pts',(-17.3900322069409,-56.7690921151118,4.34391560987426));
#6454=CARTESIAN_POINT('Ctrl Pts',(-16.440329360519,-56.7518897901126,4.34391560987426));
#6455=CARTESIAN_POINT('Ctrl Pts',(-15.9715178758998,-56.7206536102775,4.34391560987426));
#6456=CARTESIAN_POINT('Ctrl Pts',(-15.7086046601754,-56.6977856492745,4.34391560987426));
#6457=CARTESIAN_POINT('Ctrl Pts',(-15.5714685311763,-56.683738499478,4.34391560987426));
#6458=CARTESIAN_POINT('Ctrl Pts',(-15.5118795395495,-56.6772515297735,4.34391560987426));
#6459=CARTESIAN_POINT('Ctrl Pts',(-21.5640474502312,-55.9147569369724,5.39264452432177));
#6460=CARTESIAN_POINT('Ctrl Pts',(-20.6959670825271,-56.4851193641979,5.39264452432177));
#6461=CARTESIAN_POINT('Ctrl Pts',(-19.1269983111913,-56.99718424573,5.39264452432176));
#6462=CARTESIAN_POINT('Ctrl Pts',(-17.4022918884236,-57.1350118476193,5.39264452432176));
#6463=CARTESIAN_POINT('Ctrl Pts',(-16.4245631373456,-57.1174758775932,5.39264452432176));
#6464=CARTESIAN_POINT('Ctrl Pts',(-15.9421518284843,-57.085300619482,5.39264452432176));
#6465=CARTESIAN_POINT('Ctrl Pts',(-15.6734871140199,-57.0619441647852,5.39264452432176));
#6466=CARTESIAN_POINT('Ctrl Pts',(-15.5306860910391,-57.0473245393956,5.39264452432176));
#6467=CARTESIAN_POINT('Ctrl Pts',(-15.4722390429574,-57.0409543103682,5.39264452432176));
#6468=CARTESIAN_POINT('Ctrl Pts',(-21.5640474502312,-55.9147569369724,5.8414434748346));
#6469=CARTESIAN_POINT('Ctrl Pts',(-20.6959670825271,-56.4851193641979,5.8414434748346));
#6470=CARTESIAN_POINT('Ctrl Pts',(-19.1269983111913,-56.99718424573,5.8414434748346));
#6471=CARTESIAN_POINT('Ctrl Pts',(-17.4022918884236,-57.1350118476193,5.8414434748346));
#6472=CARTESIAN_POINT('Ctrl Pts',(-16.4245631373456,-57.1174758775932,5.8414434748346));
#6473=CARTESIAN_POINT('Ctrl Pts',(-15.9421518284843,-57.085300619482,5.8414434748346));
#6474=CARTESIAN_POINT('Ctrl Pts',(-15.6734871140199,-57.0619441647852,5.8414434748346));
#6475=CARTESIAN_POINT('Ctrl Pts',(-15.5306860910391,-57.0473245393956,5.8414434748346));
#6476=CARTESIAN_POINT('Ctrl Pts',(-15.4722390429574,-57.0409543103682,5.8414434748346));
#6477=CARTESIAN_POINT('Origin',(-24.2902537132028,54.1116333278355,14.8414434748346));
#6478=CARTESIAN_POINT('',(-22.8902537132028,54.1116333278355,3.8414434748346));
#6479=CARTESIAN_POINT('',(-22.8902537132028,54.1116333278355,14.8414434748346));
#6480=CARTESIAN_POINT('',(-24.2769123015916,52.7116968983016,3.8414434748346));
#6481=CARTESIAN_POINT('Origin',(-24.2902537132028,54.1116333278355,3.8414434748346));
#6482=CARTESIAN_POINT('',(-25.560825088682,54.6995520125299,5.84144347302525));
#6483=CARTESIAN_POINT('Ctrl Pts',(-25.5608250890577,54.699552011718,5.8414434737738));
#6484=CARTESIAN_POINT('Ctrl Pts',(-25.6361749954872,54.5367107261542,5.626984377831));
#6485=CARTESIAN_POINT('Ctrl Pts',(-25.6852678332872,54.3445007199728,5.39404639338739));
#6486=CARTESIAN_POINT('Ctrl Pts',(-25.6944992058386,53.9431524295797,4.94501284228938));
#6487=CARTESIAN_POINT('Ctrl Pts',(-25.6545895887003,53.7340935585153,4.72884531538627));
#6488=CARTESIAN_POINT('Ctrl Pts',(-25.5116801491898,53.412875191174,4.41852929049906));
#6489=CARTESIAN_POINT('Ctrl Pts',(-25.4250174377723,53.2741030918166,4.29129704763074));
#6490=CARTESIAN_POINT('Ctrl Pts',(-25.1904938558936,53.025947699674,4.07709968187727));
#6491=CARTESIAN_POINT('Ctrl Pts',(-25.0420714988983,52.9169013311913,3.99035954822982));
#6492=CARTESIAN_POINT('Ctrl Pts',(-24.7258889022804,52.7705973455106,3.88079564667527));
#6493=CARTESIAN_POINT('Ctrl Pts',(-24.5449115488191,52.7226482615013,3.84946332008691));
#6494=CARTESIAN_POINT('Ctrl Pts',(-24.3326196075548,52.7119980776373,3.841919119434));
#6495=CARTESIAN_POINT('Ctrl Pts',(-24.3047591232994,52.7114315177438,3.8414434748346));
#6496=CARTESIAN_POINT('Ctrl Pts',(-24.2769123015916,52.7116968983016,3.8414434748346));
#6497=CARTESIAN_POINT('',(-23.2145339458292,55.0076394562083,3.8414434748346));
#6498=CARTESIAN_POINT('Ctrl Pts',(-23.2145339458292,55.0076394562083,3.8414434748346));
#6499=CARTESIAN_POINT('Ctrl Pts',(-23.2323568429118,55.0290371253722,3.8414434748346));
#6500=CARTESIAN_POINT('Ctrl Pts',(-23.2508227198549,55.049906695607,3.841919119434));
#6501=CARTESIAN_POINT('Ctrl Pts',(-23.3963567463679,55.2048297147778,3.84946332008691));
#6502=CARTESIAN_POINT('Ctrl Pts',(-23.5500515329045,55.3117400964751,3.88079564667527));
#6503=CARTESIAN_POINT('Ctrl Pts',(-23.8662341295224,55.4580440821557,3.99035954822982));
#6504=CARTESIAN_POINT('Ctrl Pts',(-24.0454267811585,55.5005917041213,4.07709968187727));
#6505=CARTESIAN_POINT('Ctrl Pts',(-24.3863866470693,55.5187239666612,4.29129704763074));
#6506=CARTESIAN_POINT('Ctrl Pts',(-24.5482604939095,55.4949546835544,4.41852929049905));
#6507=CARTESIAN_POINT('Ctrl Pts',(-24.885610080181,55.3959617340021,4.72884531538626));
#6508=CARTESIAN_POINT('Ctrl Pts',(-25.0707959687397,55.2910590372324,4.94501284228937));
#6509=CARTESIAN_POINT('Ctrl Pts',(-25.3707432010173,55.0242307660733,5.39404639338738));
#6510=CARTESIAN_POINT('Ctrl Pts',(-25.4854751816631,54.8623932987976,5.62698437782396));
#6511=CARTESIAN_POINT('Ctrl Pts',(-25.5608250883098,54.6995520133343,5.84144347376675));
#6512=CARTESIAN_POINT('Origin',(-24.2902537132028,54.1116333278355,3.8414434748346));
#6513=CARTESIAN_POINT('Origin',(-24.2902537132028,-49.1116333278354,14.8414434748346));
#6514=CARTESIAN_POINT('',(-22.8902537132028,-49.1116333278354,3.84144347483459));
#6515=CARTESIAN_POINT('',(-22.8902537132028,-49.1116333278354,14.8414434748346));
#6516=CARTESIAN_POINT('',(-23.2145339458292,-50.0076394562083,3.8414434748346));
#6517=CARTESIAN_POINT('Origin',(-24.2902537132028,-49.1116333278354,3.8414434748346));
#6518=CARTESIAN_POINT('',(-25.560825088685,-49.6995520125234,5.8414434748346));
#6519=CARTESIAN_POINT('Ctrl Pts',(-25.560825088685,-49.6995520125234,5.84144347483457));
#6520=CARTESIAN_POINT('Ctrl Pts',(-25.4854751821474,-49.8623932980368,5.62698437889151));
#6521=CARTESIAN_POINT('Ctrl Pts',(-25.3707432010173,-50.0242307660732,5.39404639338732));
#6522=CARTESIAN_POINT('Ctrl Pts',(-25.0707959687397,-50.2910590372323,4.94501284228933));
#6523=CARTESIAN_POINT('Ctrl Pts',(-24.885610080181,-50.395961734002,4.72884531538621));
#6524=CARTESIAN_POINT('Ctrl Pts',(-24.5482604939095,-50.4949546835543,4.41852929049902));
#6525=CARTESIAN_POINT('Ctrl Pts',(-24.3863866470693,-50.5187239666611,4.29129704763071));
#6526=CARTESIAN_POINT('Ctrl Pts',(-24.0454267811586,-50.5005917041212,4.07709968187725));
#6527=CARTESIAN_POINT('Ctrl Pts',(-23.8662341295224,-50.4580440821556,3.99035954822981));
#6528=CARTESIAN_POINT('Ctrl Pts',(-23.5500515329045,-50.311740096475,3.88079564667526));
#6529=CARTESIAN_POINT('Ctrl Pts',(-23.3963567463679,-50.2048297147777,3.8494633200869));
#6530=CARTESIAN_POINT('Ctrl Pts',(-23.2508227198549,-50.049906695607,3.841919119434));
#6531=CARTESIAN_POINT('Ctrl Pts',(-23.2323568429119,-50.0290371253721,3.84144347483459));
#6532=CARTESIAN_POINT('Ctrl Pts',(-23.2145339458292,-50.0076394562083,3.84144347483459));
#6533=CARTESIAN_POINT('',(-24.2769123015916,-47.7116968983015,3.8414434748346));
#6534=CARTESIAN_POINT('Ctrl Pts',(-24.2769123015916,-47.7116968983015,3.84144347483459));
#6535=CARTESIAN_POINT('Ctrl Pts',(-24.3019172630646,-47.7114586007072,3.84144347483459));
#6536=CARTESIAN_POINT('Ctrl Pts',(-24.3269292840551,-47.7118909363769,3.84182684353879));
#6537=CARTESIAN_POINT('Ctrl Pts',(-24.5392901101212,-47.7212482135875,3.84857442489673));
#6538=CARTESIAN_POINT('Ctrl Pts',(-24.7233600715722,-47.7694272051686,3.87991935379348));
#6539=CARTESIAN_POINT('Ctrl Pts',(-25.0420714988983,-47.9169013311912,3.99035954822981));
#6540=CARTESIAN_POINT('Ctrl Pts',(-25.1904938558936,-48.0259476996739,4.07709968187725));
#6541=CARTESIAN_POINT('Ctrl Pts',(-25.4250174377723,-48.2741030918165,4.29129704763071));
#6542=CARTESIAN_POINT('Ctrl Pts',(-25.5116801491898,-48.4128751911739,4.41852929049902));
#6543=CARTESIAN_POINT('Ctrl Pts',(-25.6545895887003,-48.7340935585152,4.72884531538622));
#6544=CARTESIAN_POINT('Ctrl Pts',(-25.6944992058386,-48.9431524295796,4.94501284228933));
#6545=CARTESIAN_POINT('Ctrl Pts',(-25.6852678332872,-49.3445007199728,5.39404639338732));
#6546=CARTESIAN_POINT('Ctrl Pts',(-25.6361749952226,-49.5367107270099,5.62698437889153));
#6547=CARTESIAN_POINT('Ctrl Pts',(-25.560825088685,-49.6995520125234,5.8414434748346));
#6548=CARTESIAN_POINT('Origin',(-24.2902537132028,-49.1116333278354,3.8414434748346));
#6549=CARTESIAN_POINT('Origin',(16.9284522832681,-49.7229532179552,14.8414434748346));
#6550=CARTESIAN_POINT('',(18.3284522832681,-49.7229532179546,5.26206645826317));
#6551=CARTESIAN_POINT('',(18.3284522832681,-49.7229532179552,14.8414434748346));
#6552=CARTESIAN_POINT('',(18.2426942410504,-50.2054136582034,5.8414434748346));
#6553=CARTESIAN_POINT('Ctrl Pts',(18.2426942410099,-50.2054136583138,5.84144347473622));
#6554=CARTESIAN_POINT('Ctrl Pts',(18.2958738756973,-50.060550159995,5.65700027135821));
#6555=CARTESIAN_POINT('Ctrl Pts',(18.3284522832681,-49.8945340907763,5.45742756822745));
#6556=CARTESIAN_POINT('Ctrl Pts',(18.3284522832681,-49.722953217954,5.26206645826317));
#6557=CARTESIAN_POINT('',(17.6934018215509,-50.8954936370592,4.82451559145047));
#6558=CARTESIAN_POINT('Ctrl Pts',(17.6934018357612,-50.89549412647,4.82451584378101));
#6559=CARTESIAN_POINT('Ctrl Pts',(17.7847276510725,-50.8359144213645,4.93493126407833));
#6560=CARTESIAN_POINT('Ctrl Pts',(17.8679859706208,-50.7662571966509,5.05112074328719));
#6561=CARTESIAN_POINT('Ctrl Pts',(18.07969333395,-50.544497897678,5.3940463933873));
#6562=CARTESIAN_POINT('Ctrl Pts',(18.1808602662471,-50.3738519326978,5.62698437889153));
#6563=CARTESIAN_POINT('Ctrl Pts',(18.2426942409816,-50.2054136583911,5.84144347483459));
#6564=CARTESIAN_POINT('',(15.8467777192281,-50.6117614860923,3.8414434748346));
#6565=CARTESIAN_POINT('Ctrl Pts',(15.846777719234,-50.6117614860995,3.8414434748346));
#6566=CARTESIAN_POINT('Ctrl Pts',(15.8628885510731,-50.6313682760342,3.8414434748346));
#6567=CARTESIAN_POINT('Ctrl Pts',(15.8795209491415,-50.6505232045871,3.84192739711001));
#6568=CARTESIAN_POINT('Ctrl Pts',(15.9147837996146,-50.6889735015426,3.84392971548084));
#6569=CARTESIAN_POINT('Ctrl Pts',(15.9334476704179,-50.7081848439252,3.84550437488224));
#6570=CARTESIAN_POINT('Ctrl Pts',(15.9909728672938,-50.7641025329722,3.85186075923275));
#6571=CARTESIAN_POINT('Ctrl Pts',(16.0312337012612,-50.79896628931,3.85825877733334));
#6572=CARTESIAN_POINT('Ctrl Pts',(16.1534666679372,-50.8932887115615,3.88299695600444));
#6573=CARTESIAN_POINT('Ctrl Pts',(16.2390152975564,-50.9453775110051,3.90671447979684));
#6574=CARTESIAN_POINT('Ctrl Pts',(16.4695166879393,-51.0548771703616,3.98525368470732));
#6575=CARTESIAN_POINT('Ctrl Pts',(16.6277280272582,-51.1007088642139,4.05281972822671));
#6576=CARTESIAN_POINT('Ctrl Pts',(16.9607095695801,-51.1323003118641,4.23135361657653));
#6577=CARTESIAN_POINT('Ctrl Pts',(17.1201322855193,-51.118074566099,4.33316382274035));
#6578=CARTESIAN_POINT('Ctrl Pts',(17.4255380117303,-51.0418174831717,4.56153407906144));
#6579=CARTESIAN_POINT('Ctrl Pts',(17.5694687419828,-50.9763463627442,4.68878855713259));
#6580=CARTESIAN_POINT('Ctrl Pts',(17.6934017788872,-50.8954941635738,4.82451594404924));
#6581=CARTESIAN_POINT('',(16.8011125507353,-48.3287564626446,3.8414434748346));
#6582=CARTESIAN_POINT('Origin',(16.9284522832681,-49.7229532179552,3.8414434748346));
#6583=CARTESIAN_POINT('Ctrl Pts',(18.3284522832681,-49.722953217954,5.26206645826317));
#6584=CARTESIAN_POINT('Ctrl Pts',(18.3284522832681,-49.7097376092453,5.24701923333817));
#6585=CARTESIAN_POINT('Ctrl Pts',(18.3282651235632,-49.6964904900886,5.23199566882571));
#6586=CARTESIAN_POINT('Ctrl Pts',(18.3226195592538,-49.4976521581865,5.00737187107107));
#6587=CARTESIAN_POINT('Ctrl Pts',(18.2787270070199,-49.3071989113942,4.80420185698603));
#6588=CARTESIAN_POINT('Ctrl Pts',(18.1341464275953,-48.9948954177697,4.48530575262418));
#6589=CARTESIAN_POINT('Ctrl Pts',(18.0358220614771,-48.8464143630872,4.33977035154524));
#6590=CARTESIAN_POINT('Ctrl Pts',(17.768572143881,-48.5877057753548,4.09531359659076));
#6591=CARTESIAN_POINT('Ctrl Pts',(17.5991252327281,-48.4778043899097,3.99661749063337));
#6592=CARTESIAN_POINT('Ctrl Pts',(17.2507793705173,-48.3499260360648,3.87991935379348));
#6593=CARTESIAN_POINT('Ctrl Pts',(17.063396393448,-48.3169020168818,3.84857442489673));
#6594=CARTESIAN_POINT('Ctrl Pts',(16.8509791030043,-48.3248753351879,3.84182684353879));
#6595=CARTESIAN_POINT('Ctrl Pts',(16.8260149930298,-48.3264819842906,3.84144347483459));
#6596=CARTESIAN_POINT('Ctrl Pts',(16.8011125507353,-48.3287564626447,3.84144347483459));
#6597=CARTESIAN_POINT('Origin',(16.9284522832681,54.7229532179552,14.8414434748346));
#6598=CARTESIAN_POINT('',(18.3284522832681,54.7229532179546,5.26206645826354));
#6599=CARTESIAN_POINT('',(18.3284522832681,54.7229532179552,14.8414434748346));
#6600=CARTESIAN_POINT('',(16.8011125507353,53.3287564626447,3.8414434748346));
#6601=CARTESIAN_POINT('Ctrl Pts',(16.8011125507353,53.3287564626447,3.8414434748346));
#6602=CARTESIAN_POINT('Ctrl Pts',(16.8260149930298,53.3264819842906,3.8414434748346));
#6603=CARTESIAN_POINT('Ctrl Pts',(16.8509791030043,53.3248753351879,3.8418268435388));
#6604=CARTESIAN_POINT('Ctrl Pts',(17.063396393448,53.3169020168818,3.84857442489675));
#6605=CARTESIAN_POINT('Ctrl Pts',(17.2507793705173,53.3499260360648,3.87991935379351));
#6606=CARTESIAN_POINT('Ctrl Pts',(17.5991252327281,53.4778043899097,3.99661749063342));
#6607=CARTESIAN_POINT('Ctrl Pts',(17.768572143881,53.5877057753548,4.09531359659082));
#6608=CARTESIAN_POINT('Ctrl Pts',(18.0358220614771,53.8464143630872,4.33977035154534));
#6609=CARTESIAN_POINT('Ctrl Pts',(18.1341464275953,53.9948954177697,4.4853057526243));
#6610=CARTESIAN_POINT('Ctrl Pts',(18.2787270070199,54.3071989113942,4.80420185698617));
#6611=CARTESIAN_POINT('Ctrl Pts',(18.3226195592538,54.4976521581865,5.00737187107122));
#6612=CARTESIAN_POINT('Ctrl Pts',(18.3282651235632,54.6964904900886,5.23199566882595));
#6613=CARTESIAN_POINT('Ctrl Pts',(18.3284522832681,54.7097376092453,5.24701923333846));
#6614=CARTESIAN_POINT('Ctrl Pts',(18.3284522832681,54.722953217954,5.26206645826354));
#6615=CARTESIAN_POINT('',(15.8467775079931,55.6117612290204,3.8414434748346));
#6616=CARTESIAN_POINT('Origin',(16.9284522832681,54.7229532179552,3.8414434748346));
#6617=CARTESIAN_POINT('',(17.6934018215503,55.8954936370595,4.8245155914498));
#6618=CARTESIAN_POINT('Ctrl Pts',(17.6934017788866,55.8954941635742,4.82451594404865));
#6619=CARTESIAN_POINT('Ctrl Pts',(17.5695249917517,55.9763096661728,4.68885016004759));
#6620=CARTESIAN_POINT('Ctrl Pts',(17.425667217604,56.0417590115655,4.5616510215226));
#6621=CARTESIAN_POINT('Ctrl Pts',(17.1203115251297,56.1180542706498,4.33328543089861));
#6622=CARTESIAN_POINT('Ctrl Pts',(16.9608463186293,56.1323025712284,4.23143764356368));
#6623=CARTESIAN_POINT('Ctrl Pts',(16.6278106954087,56.1007276734035,4.05286139469284));
#6624=CARTESIAN_POINT('Ctrl Pts',(16.4695922488237,56.0549036460569,3.98528620076011));
#6625=CARTESIAN_POINT('Ctrl Pts',(16.2390268719633,55.9453889019698,3.9067166083002));
#6626=CARTESIAN_POINT('Ctrl Pts',(16.1534247975588,55.8932665749183,3.88298440194887));
#6627=CARTESIAN_POINT('Ctrl Pts',(16.0311677834831,55.7989101082086,3.85824813098607));
#6628=CARTESIAN_POINT('Ctrl Pts',(15.9909277200455,55.7640605821336,3.85185504577739));
#6629=CARTESIAN_POINT('Ctrl Pts',(15.93342602565,55.7081628349245,3.84550249330136));
#6630=CARTESIAN_POINT('Ctrl Pts',(15.9147663820203,55.6889550710105,3.84392851853477));
#6631=CARTESIAN_POINT('Ctrl Pts',(15.8795122024149,55.6505131358861,3.84192715436018));
#6632=CARTESIAN_POINT('Ctrl Pts',(15.862884204144,55.6313629953437,3.8414434748346));
#6633=CARTESIAN_POINT('Ctrl Pts',(15.8467775079994,55.611761229028,3.8414434748346));
#6634=CARTESIAN_POINT('',(18.2426942409815,55.2054136583911,5.8414434748346));
#6635=CARTESIAN_POINT('Ctrl Pts',(18.2426942409816,55.2054136583911,5.84144347483457));
#6636=CARTESIAN_POINT('Ctrl Pts',(18.1808602662471,55.3738519326978,5.62698437889153));
#6637=CARTESIAN_POINT('Ctrl Pts',(18.0796933339498,55.5444978976782,5.39404639338751));
#6638=CARTESIAN_POINT('Ctrl Pts',(17.8679859706206,55.7662571966511,5.0511207432871));
#6639=CARTESIAN_POINT('Ctrl Pts',(17.784727651072,55.8359144213648,4.93493126407798));
#6640=CARTESIAN_POINT('Ctrl Pts',(17.6934018357606,55.8954941264704,4.82451584378045));
#6641=CARTESIAN_POINT('Ctrl Pts',(18.3284522832681,54.722953217954,5.26206645826354));
#6642=CARTESIAN_POINT('Ctrl Pts',(18.3284522832683,54.8945340907759,5.45742756822801));
#6643=CARTESIAN_POINT('Ctrl Pts',(18.2958738756972,55.060550159995,5.65700027135829));
#6644=CARTESIAN_POINT('Ctrl Pts',(18.2426942409816,55.2054136583911,5.8414434748346));
#6645=CARTESIAN_POINT('Origin',(-33.9992901744388,31.7003302780724,5.8414434748346));
#6646=CARTESIAN_POINT('',(-33.9992901744388,31.7003302780724,3.8414434748346));
#6647=CARTESIAN_POINT('Origin',(26.2099959031098,-22.6985736734584,5.84144347483459));
#6648=CARTESIAN_POINT('',(16.1007984081527,-50.2364408086,3.84144347483459));
#6649=CARTESIAN_POINT('',(26.2099959031098,-22.6985736734584,3.84144347483459));
#6650=CARTESIAN_POINT('Ctrl Pts',(17.6934018505963,-50.8954926207478,4.82451498861927));
#6651=CARTESIAN_POINT('Ctrl Pts',(17.6581903065855,-50.8811788208489,4.76018344558323));
#6652=CARTESIAN_POINT('Ctrl Pts',(17.6195997241688,-50.8654741044659,4.69808904354711));
#6653=CARTESIAN_POINT('Ctrl Pts',(17.5778846266317,-50.8484811660126,4.63846574737935));
#6654=CARTESIAN_POINT('Ctrl Pts',(17.5360858189358,-50.8314541276372,4.57872280446773));
#6655=CARTESIAN_POINT('Ctrl Pts',(17.4911493052966,-50.8131334720224,4.52146020330098));
#6656=CARTESIAN_POINT('Ctrl Pts',(17.4433000241354,-50.7935989430224,4.46694727053323));
#6657=CARTESIAN_POINT('Ctrl Pts',(17.4345723210357,-50.7900358472941,4.45700411818605));
#6658=CARTESIAN_POINT('Ctrl Pts',(17.4257476426848,-50.7864323084771,4.44715255372349));
#6659=CARTESIAN_POINT('Ctrl Pts',(17.4168272685889,-50.7827887351667,4.43739436147282));
#6660=CARTESIAN_POINT('Ctrl Pts',(17.3675931845746,-50.7626788168437,4.38353612055864));
#6661=CARTESIAN_POINT('Ctrl Pts',(17.3157009866169,-50.7414445839064,4.33279358596448));
#6662=CARTESIAN_POINT('Ctrl Pts',(17.2614238156111,-50.7192021651104,4.28539826100132));
#6663=CARTESIAN_POINT('Ctrl Pts',(17.2072373748838,-50.6969969269709,4.23808216255181));
#6664=CARTESIAN_POINT('Ctrl Pts',(17.1506732459124,-50.673786665315,4.19410145691736));
#6665=CARTESIAN_POINT('Ctrl Pts',(17.0919766680945,-50.6496594639288,4.15372085061967));
#6666=CARTESIAN_POINT('Ctrl Pts',(17.0672331893605,-50.6394886683458,4.13669844981984));
#6667=CARTESIAN_POINT('Ctrl Pts',(17.0421105026923,-50.6291546124976,4.12031627346462));
#6668=CARTESIAN_POINT('Ctrl Pts',(17.0166260060967,-50.6186625684459,4.10459640762258));
#6669=CARTESIAN_POINT('Ctrl Pts',(16.9547450709006,-50.5931860009337,4.06642574979495));
#6670=CARTESIAN_POINT('Ctrl Pts',(16.8907312577289,-50.5667792953919,4.03215650279748));
#6671=CARTESIAN_POINT('Ctrl Pts',(16.8249425735305,-50.5395549886503,4.00191733999475));
#6672=CARTESIAN_POINT('Ctrl Pts',(16.7649679362652,-50.5147366184166,3.97435055031958));
#6673=CARTESIAN_POINT('Ctrl Pts',(16.7038403254877,-50.4893522248846,3.95027742654204));
#6674=CARTESIAN_POINT('Ctrl Pts',(16.6418257093009,-50.4635359961048,3.92972200344057));
#6675=CARTESIAN_POINT('Ctrl Pts',(16.579547884489,-50.4376101955096,3.90907933696023));
#6676=CARTESIAN_POINT('Ctrl Pts',(16.5163747835607,-50.4112486166588,3.89198407991573));
#6677=CARTESIAN_POINT('Ctrl Pts',(16.4525697389189,-50.3845532953689,3.87850064225691));
#6678=CARTESIAN_POINT('Ctrl Pts',(16.3891523748028,-50.3580201753006,3.86509913019232));
#6679=CARTESIAN_POINT('Ctrl Pts',(16.3251100430142,-50.3311569594198,3.85526552006953));
#6680=CARTESIAN_POINT('Ctrl Pts',(16.2607058614181,-50.3040355078706,3.84910524820129));
#6681=CARTESIAN_POINT('Ctrl Pts',(16.2096928929,-50.2825532730256,3.84422584833795));
#6682=CARTESIAN_POINT('Ctrl Pts',(16.1584528808221,-50.2609083818885,3.8416518173068));
#6683=CARTESIAN_POINT('Ctrl Pts',(16.1071227904397,-50.239126523923,3.8414556045605));
#6684=CARTESIAN_POINT('Ctrl Pts',(16.1050144570614,-50.2382318553603,3.8414475453134));
#6685=CARTESIAN_POINT('Ctrl Pts',(16.1029061599336,-50.2373370682348,3.84144350098469));
#6686=CARTESIAN_POINT('Ctrl Pts',(16.1007979097598,-50.2364421662425,3.84144347496101));
#6687=CARTESIAN_POINT('Ctrl Pts',(16.1211787648643,55.1926618995814,3.8414434748346));
#6688=CARTESIAN_POINT('Ctrl Pts',(16.049716396421,55.3525222785375,3.8414434748346));
#6689=CARTESIAN_POINT('Ctrl Pts',(15.9508589345526,55.4997909733105,3.8414434748346));
#6690=CARTESIAN_POINT('Ctrl Pts',(15.831761891881,55.6281655100021,3.8414434748346));
#6691=CARTESIAN_POINT('Ctrl Pts',(16.4368700935983,55.3337853611648,3.8414434748346));
#6692=CARTESIAN_POINT('Ctrl Pts',(16.3497652221875,55.528637813665,3.8414434748346));
#6693=CARTESIAN_POINT('Ctrl Pts',(16.228076445785,55.7094164545457,3.8414434748346));
#6694=CARTESIAN_POINT('Ctrl Pts',(16.0852672440682,55.8633502945005,3.8414434748346));
#6695=CARTESIAN_POINT('Ctrl Pts',(17.0677389630199,55.6158026057154,4.02509655425212));
#6696=CARTESIAN_POINT('Ctrl Pts',(16.9493986957472,55.8805282282225,4.02509655425212));
#6697=CARTESIAN_POINT('Ctrl Pts',(16.7820236850385,56.1283657146004,4.02509655425212));
#6698=CARTESIAN_POINT('Ctrl Pts',(16.5918653681536,56.3333370999561,4.02509655425212));
#6699=CARTESIAN_POINT('Ctrl Pts',(17.5328847732077,55.8237366884728,4.52675430880328));
#6700=CARTESIAN_POINT('Ctrl Pts',(17.3914665418666,56.1400874132801,4.52675430880328));
#6701=CARTESIAN_POINT('Ctrl Pts',(17.1905268814197,56.4371830128785,4.52675430880328));
#6702=CARTESIAN_POINT('Ctrl Pts',(16.965385137933,56.679862985124,4.52675430880328));
#6703=CARTESIAN_POINT('Ctrl Pts',(17.6934023728187,55.8954928541965,4.82451595734592));
#6704=CARTESIAN_POINT('Ctrl Pts',(17.5440610174428,56.2295675033339,4.82451595734592));
#6705=CARTESIAN_POINT('Ctrl Pts',(17.3314356717508,56.5438198445835,4.82451595734592));
#6706=CARTESIAN_POINT('Ctrl Pts',(17.0942834221679,56.7994459246495,4.82451595734592));
#6707=CARTESIAN_POINT('',(16.1007979097598,55.2364421662424,3.84144347496166));
#6708=CARTESIAN_POINT('Origin',(14.8871295077407,54.8213038730749,3.8414434748346));
#6709=CARTESIAN_POINT('Ctrl Pts',(17.6934018505956,55.8954926207478,4.82451498861825));
#6710=CARTESIAN_POINT('Ctrl Pts',(17.658188570836,55.8811781152519,4.76018027436768));
#6711=CARTESIAN_POINT('Ctrl Pts',(17.6195958729434,55.8654725353404,4.69808295720685));
#6712=CARTESIAN_POINT('Ctrl Pts',(17.5778783383388,55.8484785994113,4.63845703434371));
#6713=CARTESIAN_POINT('Ctrl Pts',(17.5360770068104,55.8314505282063,4.57871134244427));
#6714=CARTESIAN_POINT('Ctrl Pts',(17.4911376341142,55.8131287001979,4.5214462916074));
#6715=CARTESIAN_POINT('Ctrl Pts',(17.4432852208048,55.7935928829936,4.4669312439351));
#6716=CARTESIAN_POINT('Ctrl Pts',(17.434562203122,55.7900316983608,4.45699369445884));
#6717=CARTESIAN_POINT('Ctrl Pts',(17.4257423178922,55.7864301154867,4.44714763371328));
#6718=CARTESIAN_POINT('Ctrl Pts',(17.4168268427046,55.7827885423764,4.43739484300809));
#6719=CARTESIAN_POINT('Ctrl Pts',(17.367594079182,55.7626791590832,4.38353828142597));
#6720=CARTESIAN_POINT('Ctrl Pts',(17.315703370776,55.7414455326984,4.33279727349286));
#6721=CARTESIAN_POINT('Ctrl Pts',(17.2614278455694,55.7192037873664,4.28540326068819));
#6722=CARTESIAN_POINT('Ctrl Pts',(17.2072427057459,55.6969990813567,4.23808817343945));
#6723=CARTESIAN_POINT('Ctrl Pts',(17.1506800033914,55.6737894058389,4.19410830737271));
#6724=CARTESIAN_POINT('Ctrl Pts',(17.0919849684602,55.6496628427499,4.15372831189862));
#6725=CARTESIAN_POINT('Ctrl Pts',(17.0672385765248,55.6394908514229,4.13670371696443));
#6726=CARTESIAN_POINT('Ctrl Pts',(17.0421128880731,55.6291555620969,4.12031949020688));
#6727=CARTESIAN_POINT('Ctrl Pts',(17.0166253078058,55.6186622489579,4.10459772303553));
#6728=CARTESIAN_POINT('Ctrl Pts',(16.9547444261412,55.5931857046248,4.06642710017986));
#6729=CARTESIAN_POINT('Ctrl Pts',(16.890730703721,55.5667790393444,4.03215781504204));
#6730=CARTESIAN_POINT('Ctrl Pts',(16.8249421197518,55.5395547775428,4.00191856546615));
#6731=CARTESIAN_POINT('Ctrl Pts',(16.7649661971243,55.5147358785654,3.97435106388065));
#6732=CARTESIAN_POINT('Ctrl Pts',(16.7038372384767,55.4893509285969,3.95027734186876));
#6733=CARTESIAN_POINT('Ctrl Pts',(16.6418212258554,55.4635341205253,3.92972146944444));
#6734=CARTESIAN_POINT('Ctrl Pts',(16.5795421800878,55.4376078136974,3.9090784118631));
#6735=CARTESIAN_POINT('Ctrl Pts',(16.5163678144478,55.4112457080893,3.89198289320016));
#6736=CARTESIAN_POINT('Ctrl Pts',(16.4525614755154,55.3845498423008,3.87849935769809));
#6737=CARTESIAN_POINT('Ctrl Pts',(16.3891430392171,55.3580162706798,3.86509779365882));
#6738=CARTESIAN_POINT('Ctrl Pts',(16.3250996102703,55.331152587931,3.85526426922387));
#6739=CARTESIAN_POINT('Ctrl Pts',(16.2606943199227,55.3040306553861,3.84910425270647));
#6740=CARTESIAN_POINT('Ctrl Pts',(16.2096906943104,55.2825523438074,3.84422603269499));
#6741=CARTESIAN_POINT('Ctrl Pts',(16.158460109136,55.2609114319942,3.84165236479073));
#6742=CARTESIAN_POINT('Ctrl Pts',(16.1071394540115,55.2391335950903,3.84145566872024));
#6743=CARTESIAN_POINT('Ctrl Pts',(16.1050255658834,55.2382365700859,3.8414475668461));
#6744=CARTESIAN_POINT('Ctrl Pts',(16.1029117142809,55.2373394259228,3.84144350112209));
#6745=CARTESIAN_POINT('Ctrl Pts',(16.1007979097598,55.2364421662424,3.84144347496166));
#6746=CARTESIAN_POINT('Origin',(-3.58611417936183,2.5000000000015,3.84144347483459));
#6747=CARTESIAN_POINT('',(23.4484042373282,35.2212622361996,3.8414434748346));
#6748=CARTESIAN_POINT('Origin',(-3.58611417936183,2.5000000000015,3.84144347483459));
#6749=CARTESIAN_POINT('Origin',(14.8879837678859,-49.8213171830635,3.8414434748346));
#6750=CARTESIAN_POINT('Origin',(-3.58611417936183,2.5000000000015,3.84144347483459));
#6751=CARTESIAN_POINT('',(-31.1059546915744,-32.9532175224126,3.84144347483461));
#6752=CARTESIAN_POINT('Origin',(-3.58611417936183,2.5000000000015,3.84144347483459));
#6753=CARTESIAN_POINT('Ctrl Pts',(15.8321853536814,-50.6277088969925,3.8414434748346));
#6754=CARTESIAN_POINT('Ctrl Pts',(15.9510948117636,-50.4994443609413,3.8414434748346));
#6755=CARTESIAN_POINT('Ctrl Pts',(16.0498011102121,-50.3523327749004,3.8414434748346));
#6756=CARTESIAN_POINT('Ctrl Pts',(16.1211787648644,-50.1926618995813,3.8414434748346));
#6757=CARTESIAN_POINT('Ctrl Pts',(16.085775005742,-50.8628027821,3.8414434748346));
#6758=CARTESIAN_POINT('Ctrl Pts',(16.2283680152964,-50.7089914157914,3.8414434748346));
#6759=CARTESIAN_POINT('Ctrl Pts',(16.349868479105,-50.5284068292979,3.8414434748346));
#6760=CARTESIAN_POINT('Ctrl Pts',(16.4368700935984,-50.3337853611647,3.8414434748346));
#6761=CARTESIAN_POINT('Ctrl Pts',(16.5925426936884,-51.3326089576998,4.02509392342604));
#6762=CARTESIAN_POINT('Ctrl Pts',(16.7824276939935,-51.1277849524438,4.02509392342604));
#6763=CARTESIAN_POINT('Ctrl Pts',(16.9495403511212,-50.8802150268353,4.02509392342604));
#6764=CARTESIAN_POINT('Ctrl Pts',(17.0677403340333,-50.6158032185991,4.02509392342604));
#6765=CARTESIAN_POINT('Ctrl Pts',(16.9661855712463,-51.6789998889309,4.52675430880365));
#6766=CARTESIAN_POINT('Ctrl Pts',(17.1910117923409,-51.4364856986727,4.52675430880365));
#6767=CARTESIAN_POINT('Ctrl Pts',(17.3916341835889,-51.1397124009516,4.52675430880365));
#6768=CARTESIAN_POINT('Ctrl Pts',(17.5328847732081,-50.8237366884726,4.52675430880365));
#6769=CARTESIAN_POINT('Ctrl Pts',(17.0951267189116,-51.7985366094104,4.82451595734642));
#6770=CARTESIAN_POINT('Ctrl Pts',(17.3319489560078,-51.5430826290656,4.82451595734642));
#6771=CARTESIAN_POINT('Ctrl Pts',(17.5442380514912,-51.2291714804951,4.82451595734642));
#6772=CARTESIAN_POINT('Ctrl Pts',(17.6934023728191,-50.8954928541964,4.82451595734642));
#6773=CARTESIAN_POINT('Ctrl Pts',(21.5660739096169,-35.355358644064,3.8414434748346));
#6774=CARTESIAN_POINT('Ctrl Pts',(21.9747228917318,-34.0541864158251,3.8414434748346));
#6775=CARTESIAN_POINT('Ctrl Pts',(22.6892123871222,-30.9431873702294,3.8414434748346));
#6776=CARTESIAN_POINT('Ctrl Pts',(22.8991733116674,-27.7597589808796,3.8414434748346));
#6777=CARTESIAN_POINT('Ctrl Pts',(22.951839050488,-25.9420764695003,3.8414434748346));
#6778=CARTESIAN_POINT('Ctrl Pts',(22.1369789062019,-35.5346583099157,3.8414434748346));
#6779=CARTESIAN_POINT('Ctrl Pts',(22.5550597310048,-34.2034543128391,3.8414434748346));
#6780=CARTESIAN_POINT('Ctrl Pts',(23.2853875795696,-31.0185623676656,3.8414434748346));
#6781=CARTESIAN_POINT('Ctrl Pts',(23.4968104304042,-27.7947076549076,3.8414434748346));
#6782=CARTESIAN_POINT('Ctrl Pts',(23.549986631625,-25.959407265218,3.8414434748346));
#6783=CARTESIAN_POINT('Ctrl Pts',(23.1255398087517,-35.8451278986591,4.34336140158804));
#6784=CARTESIAN_POINT('Ctrl Pts',(23.559820352604,-34.4623426534823,4.34336140158804));
#6785=CARTESIAN_POINT('Ctrl Pts',(24.3175366057167,-31.1496073125913,4.34336140158804));
#6786=CARTESIAN_POINT('Ctrl Pts',(24.5316669765763,-27.8549768031578,4.34336140158804));
#6787=CARTESIAN_POINT('Ctrl Pts',(24.5857199256123,-25.9894167189083,4.34336140158804));
#6788=CARTESIAN_POINT('Ctrl Pts',(23.4741833067067,-35.9546236344796,5.39264452432177));
#6789=CARTESIAN_POINT('Ctrl Pts',(23.9142399193802,-34.5534469074503,5.39264452432177));
#6790=CARTESIAN_POINT('Ctrl Pts',(24.6816329303976,-31.195573110192,5.39264452432177));
#6791=CARTESIAN_POINT('Ctrl Pts',(24.8966345227905,-27.8763496759712,5.39264452432177));
#6792=CARTESIAN_POINT('Ctrl Pts',(24.9510000794528,-26.0000003874302,5.39264452432177));
#6793=CARTESIAN_POINT('Ctrl Pts',(23.4741833067067,-35.9546236344796,5.8414434748346));
#6794=CARTESIAN_POINT('Ctrl Pts',(23.9142158143486,-34.5535236598687,5.8414434748346));
#6795=CARTESIAN_POINT('Ctrl Pts',(24.6816021163397,-31.1956694142996,5.8414434748346));
#6796=CARTESIAN_POINT('Ctrl Pts',(24.8966358273831,-27.8763046498265,5.8414434748346));
#6797=CARTESIAN_POINT('Ctrl Pts',(24.9510000794528,-26.0000003874302,5.8414434748346));
#6798=CARTESIAN_POINT('',(24.9510000794528,-26.0000003874302,5.8414434748346));
#6799=CARTESIAN_POINT('Ctrl Pts',(23.4741833067067,-35.9546236344796,5.8414434748346));
#6800=CARTESIAN_POINT('Ctrl Pts',(23.9142158143486,-34.5535236598687,5.8414434748346));
#6801=CARTESIAN_POINT('Ctrl Pts',(24.6816021163397,-31.1956694142996,5.8414434748346));
#6802=CARTESIAN_POINT('Ctrl Pts',(24.8966358273831,-27.8763046498265,5.8414434748346));
#6803=CARTESIAN_POINT('Ctrl Pts',(24.9510000794528,-26.0000003874302,5.8414434748346));
#6804=CARTESIAN_POINT('Ctrl Pts',(24.9510000794528,-26.0000003874302,5.8414434748346));
#6805=CARTESIAN_POINT('Ctrl Pts',(24.9510000794528,-26.0000003874302,5.76761081556934));
#6806=CARTESIAN_POINT('Ctrl Pts',(24.9469123702374,-25.999936865081,5.69394695195412));
#6807=CARTESIAN_POINT('Ctrl Pts',(24.9387884277941,-25.9998144601352,5.62076841462439));
#6808=CARTESIAN_POINT('Ctrl Pts',(24.9305426864129,-25.9996902200223,5.54649274149104));
#6809=CARTESIAN_POINT('Ctrl Pts',(24.9181372034683,-25.9995053121699,5.47271826053547));
#6810=CARTESIAN_POINT('Ctrl Pts',(24.9016326792788,-25.9992628813614,5.3998186787734));
#6811=CARTESIAN_POINT('Ctrl Pts',(24.8851455461267,-25.9990207060055,5.32699591227348));
#6812=CARTESIAN_POINT('Ctrl Pts',(24.8645674946717,-25.9987211189863,5.25504778939495));
#6813=CARTESIAN_POINT('Ctrl Pts',(24.8399816322785,-25.9983656932272,5.18436760928774));
#6814=CARTESIAN_POINT('Ctrl Pts',(24.8279051785261,-25.998191109856,5.14964985513178));
#6815=CARTESIAN_POINT('Ctrl Pts',(24.8148621506632,-25.9980030312182,5.1152381851653));
#6816=CARTESIAN_POINT('Ctrl Pts',(24.8008644953194,-25.9978015161423,5.08117928199718));
#6817=CARTESIAN_POINT('Ctrl Pts',(24.7722790814752,-25.9973899906619,5.01162564474675));
#6818=CARTESIAN_POINT('Ctrl Pts',(24.7398687235761,-25.996924781233,4.94392495320014));
#6819=CARTESIAN_POINT('Ctrl Pts',(24.7038652265039,-25.9964073097497,4.87839426723731));
#6820=CARTESIAN_POINT('Ctrl Pts',(24.6681902405984,-25.9958945598955,4.81346151102719));
#6821=CARTESIAN_POINT('Ctrl Pts',(24.6289893559499,-25.9953304849139,4.75065933432927));
#6822=CARTESIAN_POINT('Ctrl Pts',(24.5864649188536,-25.9947150351607,4.69024637655659));
#6823=CARTESIAN_POINT('Ctrl Pts',(24.5633821294075,-25.9943809614366,4.65745347724254));
#6824=CARTESIAN_POINT('Ctrl Pts',(24.5393195010344,-25.9940317266016,4.62536365942745));
#6825=CARTESIAN_POINT('Ctrl Pts',(24.5143031293867,-25.9936671623166,4.59401268554506));
#6826=CARTESIAN_POINT('Ctrl Pts',(24.4706185339415,-25.9930305454832,4.53926635261744));
#6827=CARTESIAN_POINT('Ctrl Pts',(24.4240226049234,-25.9923472189531,4.48676611294667));
#6828=CARTESIAN_POINT('Ctrl Pts',(24.3746259530542,-25.9916218913706,4.43670528854762));
#6829=CARTESIAN_POINT('Ctrl Pts',(24.3226286390755,-25.9908583763424,4.3840088343183));
#6830=CARTESIAN_POINT('Ctrl Pts',(24.2678068871774,-25.9900524694697,4.33430107807599));
#6831=CARTESIAN_POINT('Ctrl Pts',(24.2104138547761,-25.9892100832692,4.28777782788024));
#6832=CARTESIAN_POINT('Ctrl Pts',(24.1521869819267,-25.988355458376,4.24057865996131));
#6833=CARTESIAN_POINT('Ctrl Pts',(24.0913131761316,-25.9874632625199,4.19665905222104));
#6834=CARTESIAN_POINT('Ctrl Pts',(24.0280917535042,-25.9865385709184,4.15625104496515));
#6835=CARTESIAN_POINT('Ctrl Pts',(23.9648901216157,-25.985614168781,4.11585568697107));
#6836=CARTESIAN_POINT('Ctrl Pts',(23.8993429263819,-25.9846572647201,4.07897119344302));
#6837=CARTESIAN_POINT('Ctrl Pts',(23.8317822126172,-25.9836722233379,4.04583136920088));
#6838=CARTESIAN_POINT('Ctrl Pts',(23.7998531904017,-25.9832066952755,4.03016957219662));
#6839=CARTESIAN_POINT('Ctrl Pts',(23.7674748749778,-25.9827348750538,4.01534402889755));
#6840=CARTESIAN_POINT('Ctrl Pts',(23.7346840302538,-25.9822571944518,4.00137840390451));
#6841=CARTESIAN_POINT('Ctrl Pts',(23.6650739229338,-25.9812431492741,3.97173145022766));
#6842=CARTESIAN_POINT('Ctrl Pts',(23.5939918897681,-25.9802083251624,3.9461255033064));
#6843=CARTESIAN_POINT('Ctrl Pts',(23.5218330652522,-25.9791569691404,3.92463631126196));
#6844=CARTESIAN_POINT('Ctrl Pts',(23.4500883849156,-25.9781116472102,3.90327045304208));
#6845=CARTESIAN_POINT('Ctrl Pts',(23.3772805902062,-25.9770499557459,3.88597300418262));
#6846=CARTESIAN_POINT('Ctrl Pts',(23.3037533577808,-25.9759755729023,3.87279796976547));
#6847=CARTESIAN_POINT('Ctrl Pts',(23.2322933025758,-25.9749313957345,3.85999334410882));
#6848=CARTESIAN_POINT('Ctrl Pts',(23.1601542749965,-25.9738752068813,3.85108070185127));
#6849=CARTESIAN_POINT('Ctrl Pts',(23.0875955225555,-25.9728102853533,3.84611350590124));
#6850=CARTESIAN_POINT('Ctrl Pts',(23.0452242909937,-25.9721884163832,3.84321287430642));
#6851=CARTESIAN_POINT('Ctrl Pts',(23.0027087999222,-25.971563569468,3.84165784915984));
#6852=CARTESIAN_POINT('Ctrl Pts',(22.9600906945829,-25.9709364294684,3.84146413476217));
#6853=CARTESIAN_POINT('Ctrl Pts',(22.9570610107244,-25.970891846634,3.84145036377495));
#6854=CARTESIAN_POINT('Ctrl Pts',(22.9540311479463,-25.9708472570386,3.84144347641098));
#6855=CARTESIAN_POINT('Ctrl Pts',(22.9510011197803,-25.9708026608868,3.84144347483487));
#6856=CARTESIAN_POINT('Origin',(22.9510000794528,16.7500001937159,5.8414434748346));
#6857=CARTESIAN_POINT('',(24.9510000794528,31.0000003874302,5.8414434748346));
#6858=CARTESIAN_POINT('',(24.9510000794528,16.7500001937159,5.8414434748346));
#6859=CARTESIAN_POINT('Ctrl Pts',(24.9510000794528,31.0000003874304,5.84144347483461));
#6860=CARTESIAN_POINT('Ctrl Pts',(24.9510000794528,31.0000003874304,5.76761183452381));
#6861=CARTESIAN_POINT('Ctrl Pts',(24.9469124887069,30.999936860355,5.6939492533433));
#6862=CARTESIAN_POINT('Ctrl Pts',(24.9387888359514,30.9998144477995,5.62077209123901));
#6863=CARTESIAN_POINT('Ctrl Pts',(24.9305433506684,30.9996901993912,5.54649747225458));
#6864=CARTESIAN_POINT('Ctrl Pts',(24.9181382610884,30.9995052797123,5.47272414394219));
#6865=CARTESIAN_POINT('Ctrl Pts',(24.9016342604069,30.9992628355185,5.39982566258777));
#6866=CARTESIAN_POINT('Ctrl Pts',(24.8851473968461,30.9990206430694,5.32700287621798));
#6867=CARTESIAN_POINT('Ctrl Pts',(24.8645696174783,30.998721035637,5.25505470699721));
#6868=CARTESIAN_POINT('Ctrl Pts',(24.8399839828775,30.9983655882034,5.18437436689968));
#6869=CARTESIAN_POINT('Ctrl Pts',(24.8279073060627,30.9981909893431,5.14965557121341));
#6870=CARTESIAN_POINT('Ctrl Pts',(24.8148639903288,30.9980028941632,5.11524285008987));
#6871=CARTESIAN_POINT('Ctrl Pts',(24.8008659759829,30.9978013617393,5.08118288473745));
#6872=CARTESIAN_POINT('Ctrl Pts',(24.772280922456,30.9973898165742,5.0116297389361));
#6873=CARTESIAN_POINT('Ctrl Pts',(24.7398709288601,30.9969245884842,4.94392937201711));
#6874=CARTESIAN_POINT('Ctrl Pts',(24.7038677378813,30.9964071013695,4.87839883825976));
#6875=CARTESIAN_POINT('Ctrl Pts',(24.6681924441108,30.995894327242,4.81346512046494));
#6876=CARTESIAN_POINT('Ctrl Pts',(24.6289910720402,30.9953302292031,4.75066188702256));
#6877=CARTESIAN_POINT('Ctrl Pts',(24.5864659476246,30.9947147595743,4.69024783809635));
#6878=CARTESIAN_POINT('Ctrl Pts',(24.5633834370671,30.9943806844975,4.6574552727289));
#6879=CARTESIAN_POINT('Ctrl Pts',(24.53932108465,30.9940314501025,4.62536573977789));
#6880=CARTESIAN_POINT('Ctrl Pts',(24.5143049864237,30.9936668883791,4.59401501282135));
#6881=CARTESIAN_POINT('Ctrl Pts',(24.470620192887,30.9930302661738,4.53926826447014));
#6882=CARTESIAN_POINT('Ctrl Pts',(24.4240239680023,30.9923469392962,4.48676756707396));
#6883=CARTESIAN_POINT('Ctrl Pts',(24.3746269732403,30.991621615326,4.43670632245166));
#6884=CARTESIAN_POINT('Ctrl Pts',(24.3226284911297,30.990858092248,4.38400860783415));
#6885=CARTESIAN_POINT('Ctrl Pts',(24.2678054346069,30.9900521803752,4.33429972841957));
#6886=CARTESIAN_POINT('Ctrl Pts',(24.2104110418019,30.9892097911612,4.28777554766515));
#6887=CARTESIAN_POINT('Ctrl Pts',(24.1521831960894,30.9883551691888,4.24057576583154));
#6888=CARTESIAN_POINT('Ctrl Pts',(24.0913083983236,30.9874629788236,4.19665569615253));
#6889=CARTESIAN_POINT('Ctrl Pts',(24.0280860318725,30.9865382940665,4.15624738799478));
#6890=CARTESIAN_POINT('Ctrl Pts',(23.9648842367112,30.9856139101833,4.11585222788995));
#6891=CARTESIAN_POINT('Ctrl Pts',(23.8993369852913,30.9846570265324,4.07896800551316));
#6892=CARTESIAN_POINT('Ctrl Pts',(23.8317763485874,30.9836720063442,4.04582849279377));
#6893=CARTESIAN_POINT('Ctrl Pts',(23.7998485937395,30.983206506245,4.03016744681344));
#6894=CARTESIAN_POINT('Ctrl Pts',(23.7674716095592,30.982734714647,4.01534259868504));
#6895=CARTESIAN_POINT('Ctrl Pts',(23.7346821553087,30.9822570631342,4.00137760536628));
#6896=CARTESIAN_POINT('Ctrl Pts',(23.6650719499582,30.9812430352813,3.97173069373393));
#6897=CARTESIAN_POINT('Ctrl Pts',(23.5939899370211,30.9802082283282,3.94612484606275));
#6898=CARTESIAN_POINT('Ctrl Pts',(23.5218312179753,30.9791568880222,3.92463576113634));
#6899=CARTESIAN_POINT('Ctrl Pts',(23.4500871667188,30.9781115893556,3.90327016553261));
#6900=CARTESIAN_POINT('Ctrl Pts',(23.3772801003086,30.9770499199705,3.88597292632966));
#6901=CARTESIAN_POINT('Ctrl Pts',(23.3037536153743,30.9759755566653,3.87279801592259));
#6902=CARTESIAN_POINT('Ctrl Pts',(23.2322948448985,30.9749314066436,3.85999361082067));
#6903=CARTESIAN_POINT('Ctrl Pts',(23.1601571298191,30.9738752427275,3.8510810467117));
#6904=CARTESIAN_POINT('Ctrl Pts',(23.0875996124886,30.9728103425491,3.84611378589234));
#6905=CARTESIAN_POINT('Ctrl Pts',(23.0452129673686,30.9721882492415,3.84321201183343));
#6906=CARTESIAN_POINT('Ctrl Pts',(23.0026819265257,30.9715631744921,3.8416568206956));
#6907=CARTESIAN_POINT('Ctrl Pts',(22.9600481583708,30.9709358036609,3.84146394187235));
#6908=CARTESIAN_POINT('Ctrl Pts',(22.9570326519084,30.9708914294271,3.84145029946252));
#6909=CARTESIAN_POINT('Ctrl Pts',(22.9540169680367,30.9708470484775,3.84144347640398));
#6910=CARTESIAN_POINT('Ctrl Pts',(22.9510011200283,30.9708026610339,3.84144347483487));
#6911=CARTESIAN_POINT('Ctrl Pts',(22.951839050488,30.9420764695008,3.8414434748346));
#6912=CARTESIAN_POINT('Ctrl Pts',(22.8991733116676,32.7597589808801,3.8414434748346));
#6913=CARTESIAN_POINT('Ctrl Pts',(22.689217619991,35.9431904709732,3.8414434748346));
#6914=CARTESIAN_POINT('Ctrl Pts',(21.9747228917319,39.0541864158253,3.8414434748346));
#6915=CARTESIAN_POINT('Ctrl Pts',(21.5660739096169,40.3553586440641,3.8414434748346));
#6916=CARTESIAN_POINT('Ctrl Pts',(23.549986631625,30.9594072652184,3.8414434748346));
#6917=CARTESIAN_POINT('Ctrl Pts',(23.4968104304044,32.7947076549086,3.8414434748346));
#6918=CARTESIAN_POINT('Ctrl Pts',(23.2853968294639,36.0185516719928,3.8414434748346));
#6919=CARTESIAN_POINT('Ctrl Pts',(22.5550597310049,39.203454312839,3.8414434748346));
#6920=CARTESIAN_POINT('Ctrl Pts',(22.1369789062019,40.5346583099159,3.8414434748346));
#6921=CARTESIAN_POINT('Ctrl Pts',(24.5857006268936,30.9894161597453,4.34338457905916));
#6922=CARTESIAN_POINT('Ctrl Pts',(24.5316476778578,32.8549762439963,4.34338457905916));
#6923=CARTESIAN_POINT('Ctrl Pts',(24.3175309429644,36.149576980335,4.34338457905915));
#6924=CARTESIAN_POINT('Ctrl Pts',(23.5598019328442,39.4623368685317,4.34338457905915));
#6925=CARTESIAN_POINT('Ctrl Pts',(23.1255213889916,40.8451221137094,4.34338457905915));
#6926=CARTESIAN_POINT('Ctrl Pts',(24.9510000794528,31.0000003874304,5.39264452432178));
#6927=CARTESIAN_POINT('Ctrl Pts',(24.8966345227907,32.8763496759732,5.39264452432178));
#6928=CARTESIAN_POINT('Ctrl Pts',(24.6816489308163,36.195537048849,5.39264452432177));
#6929=CARTESIAN_POINT('Ctrl Pts',(23.9142399193806,39.5534469074494,5.39264452432177));
#6930=CARTESIAN_POINT('Ctrl Pts',(23.4741833067066,40.9546236344799,5.39264452432177));
#6931=CARTESIAN_POINT('Ctrl Pts',(24.9510000794528,31.0000003874304,5.84144347483461));
#6932=CARTESIAN_POINT('Ctrl Pts',(24.8966358273833,32.8763046498285,5.84144347483461));
#6933=CARTESIAN_POINT('Ctrl Pts',(24.6816175642562,36.1956347972104,5.8414434748346));
#6934=CARTESIAN_POINT('Ctrl Pts',(23.914215814349,39.5535236598679,5.8414434748346));
#6935=CARTESIAN_POINT('Ctrl Pts',(23.4741833067066,40.9546236344799,5.8414434748346));
#6936=CARTESIAN_POINT('Ctrl Pts',(24.9510000794528,31.0000003874304,5.84144347483461));
#6937=CARTESIAN_POINT('Ctrl Pts',(24.8966358273833,32.8763046498285,5.84144347483461));
#6938=CARTESIAN_POINT('Ctrl Pts',(24.6816175642562,36.1956347972104,5.8414434748346));
#6939=CARTESIAN_POINT('Ctrl Pts',(23.914215814349,39.5535236598679,5.8414434748346));
#6940=CARTESIAN_POINT('Ctrl Pts',(23.4741833067066,40.9546236344799,5.8414434748346));
#6941=CARTESIAN_POINT('Origin',(23.4484042373282,35.2212622361996,5.8414434748346));
#6942=CARTESIAN_POINT('Ctrl Pts',(-28.2618937454187,44.0996158635885,3.8414434748346));
#6943=CARTESIAN_POINT('Ctrl Pts',(-28.2725476066771,44.0801150542473,3.8414434748346));
#6944=CARTESIAN_POINT('Ctrl Pts',(-28.2832044942329,44.0606144227869,3.8414434748346));
#6945=CARTESIAN_POINT('Ctrl Pts',(-28.5903139164016,43.4982355069918,3.8414434748346));
#6946=CARTESIAN_POINT('Ctrl Pts',(-29.1119246536299,42.3730697261217,3.8414434748346));
#6947=CARTESIAN_POINT('Ctrl Pts',(-29.5671708458173,40.8910200927846,3.8414434748346));
#6948=CARTESIAN_POINT('Ctrl Pts',(-29.8092974094209,39.6771735213667,3.8414434748346));
#6949=CARTESIAN_POINT('Ctrl Pts',(-29.9811942388723,38.4514528867785,3.84144347483459));
#6950=CARTESIAN_POINT('Ctrl Pts',(-30.064975159431,37.2162733196333,3.8414434748346));
#6951=CARTESIAN_POINT('Ctrl Pts',(-30.0839951039848,36.134088654879,3.84144347483459));
#6952=CARTESIAN_POINT('Ctrl Pts',(-30.0809317382143,35.5155926168682,3.8414434748346));
#6953=CARTESIAN_POINT('Ctrl Pts',(-30.0750345168322,35.2063749624859,3.84144347483459));
#6954=CARTESIAN_POINT('Ctrl Pts',(-30.0708056345689,35.0431474638276,3.8414434748346));
#6955=CARTESIAN_POINT('Ctrl Pts',(-30.0705822708673,35.0345198130741,3.8414434748346));
#6956=CARTESIAN_POINT('Ctrl Pts',(-30.0703588483879,35.0258921412225,3.8414434748346));
#6957=CARTESIAN_POINT('Ctrl Pts',(-28.7870320243633,44.3865142311114,3.8414434748346));
#6958=CARTESIAN_POINT('Ctrl Pts',(-28.7979244929099,44.3665616145677,3.8414434748346));
#6959=CARTESIAN_POINT('Ctrl Pts',(-28.8079852745134,44.3481831324223,3.8414434748346));
#6960=CARTESIAN_POINT('Ctrl Pts',(-29.1281669780324,43.7616729298485,3.8414434748346));
#6961=CARTESIAN_POINT('Ctrl Pts',(-29.6720840250533,42.5890351512881,3.8414434748346));
#6962=CARTESIAN_POINT('Ctrl Pts',(-30.1478787088975,41.0397558274353,3.8414434748346));
#6963=CARTESIAN_POINT('Ctrl Pts',(-30.3997382182884,39.7764416835997,3.8414434748346));
#6964=CARTESIAN_POINT('Ctrl Pts',(-30.577362357065,38.5090607756938,3.84144347483459));
#6965=CARTESIAN_POINT('Ctrl Pts',(-30.6630197638047,37.242585178881,3.8414434748346));
#6966=CARTESIAN_POINT('Ctrl Pts',(-30.6824381356694,36.1384542429664,3.84144347483459));
#6967=CARTESIAN_POINT('Ctrl Pts',(-30.6793008302784,35.5083487252857,3.8414434748346));
#6968=CARTESIAN_POINT('Ctrl Pts',(-30.673305949487,35.1935942433375,3.84144347483459));
#6969=CARTESIAN_POINT('Ctrl Pts',(-30.6690001715823,35.0275367844128,3.8414434748346));
#6970=CARTESIAN_POINT('Ctrl Pts',(-30.6687828104178,35.0191095034178,3.8414434748346));
#6971=CARTESIAN_POINT('Ctrl Pts',(-30.6685569055176,35.0104011842922,3.8414434748346));
#6972=CARTESIAN_POINT('Ctrl Pts',(-29.6959802159569,44.8830991550959,4.34390909335595));
#6973=CARTESIAN_POINT('Ctrl Pts',(-29.706731099018,44.8634146332219,4.34390909335595));
#6974=CARTESIAN_POINT('Ctrl Pts',(-29.716513086213,44.8455324005686,4.34390909335595));
#6975=CARTESIAN_POINT('Ctrl Pts',(-30.0549682916961,44.2254974459636,4.34390909335593));
#6976=CARTESIAN_POINT('Ctrl Pts',(-30.6423549996004,42.9609548096421,4.34390909335595));
#6977=CARTESIAN_POINT('Ctrl Pts',(-31.1513047277859,41.2998943795043,4.34390909335593));
#6978=CARTESIAN_POINT('Ctrl Pts',(-31.4211736359302,39.9484886260043,4.34390909335593));
#6979=CARTESIAN_POINT('Ctrl Pts',(-31.6086528039742,38.6077815860143,4.34390909335593));
#6980=CARTESIAN_POINT('Ctrl Pts',(-31.6981370346748,37.2872034665968,4.34390909335595));
#6981=CARTESIAN_POINT('Ctrl Pts',(-31.7181126234973,36.1428933495472,4.34390909335593));
#6982=CARTESIAN_POINT('Ctrl Pts',(-31.7149784297943,35.4948638409351,4.34390909335595));
#6983=CARTESIAN_POINT('Ctrl Pts',(-31.7086909202951,35.166199422164,4.34390909335593));
#6984=CARTESIAN_POINT('Ctrl Pts',(-31.7044068085631,35.0007558995273,4.34390909335595));
#6985=CARTESIAN_POINT('Ctrl Pts',(-31.7041867992358,34.9922487541725,4.34390909335595));
#6986=CARTESIAN_POINT('Ctrl Pts',(-31.7039623673617,34.9835882897606,4.34390909335595));
#6987=CARTESIAN_POINT('Ctrl Pts',(-30.0170391563358,45.0585030240701,5.39264452432177));
#6988=CARTESIAN_POINT('Ctrl Pts',(-30.0276930175942,45.0390022147289,5.39264452432177));
#6989=CARTESIAN_POINT('Ctrl Pts',(-30.0374403582682,45.0211726889762,5.39264452432177));
#6990=CARTESIAN_POINT('Ctrl Pts',(-30.3819811435256,44.3899948924959,5.39264452432177));
#6991=CARTESIAN_POINT('Ctrl Pts',(-30.9851342102827,43.0921642276241,5.39264452432177));
#6992=CARTESIAN_POINT('Ctrl Pts',(-31.5055905291943,41.3920091050658,5.39264452432177));
#6993=CARTESIAN_POINT('Ctrl Pts',(-31.7819192984912,40.0092782759558,5.39264452432177));
#6994=CARTESIAN_POINT('Ctrl Pts',(-31.9728745274822,38.6425677581515,5.39264452432177));
#6995=CARTESIAN_POINT('Ctrl Pts',(-32.0637595389839,37.3028852063829,5.39264452432177));
#6996=CARTESIAN_POINT('Ctrl Pts',(-32.0839207239877,36.1441970957669,5.39264452432177));
#6997=CARTESIAN_POINT('Ctrl Pts',(-32.0807987417681,35.4900204632347,5.39264452432177));
#6998=CARTESIAN_POINT('Ctrl Pts',(-32.0743973931984,35.1560760342411,5.39264452432177));
#6999=CARTESIAN_POINT('Ctrl Pts',(-32.0701340533084,34.991316627066,5.39264452432177));
#7000=CARTESIAN_POINT('Ctrl Pts',(-32.0699120034104,34.9827451033317,5.39264452432177));
#7001=CARTESIAN_POINT('Ctrl Pts',(-32.0696885809311,34.9741174314802,5.39264452432177));
#7002=CARTESIAN_POINT('Ctrl Pts',(-30.0170391563358,45.0585030240701,5.84144347483459));
#7003=CARTESIAN_POINT('Ctrl Pts',(-30.0276930175942,45.0390022147289,5.84144347483459));
#7004=CARTESIAN_POINT('Ctrl Pts',(-30.0374403582682,45.0211726889762,5.84144347483459));
#7005=CARTESIAN_POINT('Ctrl Pts',(-30.3819811435256,44.3899948924959,5.84144347483459));
#7006=CARTESIAN_POINT('Ctrl Pts',(-30.9851342102827,43.0921642276241,5.84144347483459));
#7007=CARTESIAN_POINT('Ctrl Pts',(-31.5055905291943,41.3920091050658,5.84144347483459));
#7008=CARTESIAN_POINT('Ctrl Pts',(-31.7819192984912,40.0092782759558,5.84144347483459));
#7009=CARTESIAN_POINT('Ctrl Pts',(-31.9728745274822,38.6425677581515,5.84144347483459));
#7010=CARTESIAN_POINT('Ctrl Pts',(-32.0637595389839,37.3028852063829,5.84144347483459));
#7011=CARTESIAN_POINT('Ctrl Pts',(-32.0839207239877,36.1441970957669,5.84144347483459));
#7012=CARTESIAN_POINT('Ctrl Pts',(-32.0807987417681,35.4900204632347,5.84144347483459));
#7013=CARTESIAN_POINT('Ctrl Pts',(-32.0743973931984,35.1560760342411,5.84144347483459));
#7014=CARTESIAN_POINT('Ctrl Pts',(-32.0701340533084,34.991316627066,5.84144347483459));
#7015=CARTESIAN_POINT('Ctrl Pts',(-32.0699120034104,34.9827451033317,5.84144347483459));
#7016=CARTESIAN_POINT('Ctrl Pts',(-32.0696885809311,34.9741174314802,5.84144347483459));
#7017=CARTESIAN_POINT('Ctrl Pts',(-32.0703588483691,35.0000039712555,5.84144347483459));
#7018=CARTESIAN_POINT('Ctrl Pts',(-32.0703588483691,35.0000039712555,5.69815524845845));
#7019=CARTESIAN_POINT('Ctrl Pts',(-32.0551337444493,35.0228269371872,5.54436245124083));
#7020=CARTESIAN_POINT('Ctrl Pts',(-31.9879967525662,35.0420080832286,5.25947122846331));
#7021=CARTESIAN_POINT('Ctrl Pts',(-31.9435056665539,35.0421214205812,5.11594384090179));
#7022=CARTESIAN_POINT('Ctrl Pts',(-31.8047284475538,35.0122037105423,4.83782276332948));
#7023=CARTESIAN_POINT('Ctrl Pts',(-31.7437039152028,34.9975826855844,4.74110109166495));
#7024=CARTESIAN_POINT('Ctrl Pts',(-31.6390876608826,35.0007123219898,4.59872151641269));
#7025=CARTESIAN_POINT('Ctrl Pts',(-31.5783395664489,35.0110489309295,4.52105200222312));
#7026=CARTESIAN_POINT('Ctrl Pts',(-31.4098983050091,35.1084546755052,4.35251183955943));
#7027=CARTESIAN_POINT('Ctrl Pts',(-31.321471091212,35.1756449015596,4.27472288835188));
#7028=CARTESIAN_POINT('Ctrl Pts',(-31.1044658864778,35.3603802205081,4.12515981942552));
#7029=CARTESIAN_POINT('Ctrl Pts',(-31.0086947660519,35.446605778213,4.07270602271094));
#7030=CARTESIAN_POINT('Ctrl Pts',(-30.8755218183621,35.5388965465973,4.00991218896824));
#7031=CARTESIAN_POINT('Ctrl Pts',(-30.8336628766516,35.5616379311526,3.99234867784482));
#7032=CARTESIAN_POINT('Ctrl Pts',(-30.7628403104526,35.5850366629107,3.96484892451246));
#7033=CARTESIAN_POINT('Ctrl Pts',(-30.7308760187429,35.5898992533668,3.95333259208568));
#7034=CARTESIAN_POINT('Ctrl Pts',(-30.6683409987178,35.5841451978373,3.9326869837894));
#7035=CARTESIAN_POINT('Ctrl Pts',(-30.6390714663415,35.5756576644396,3.92373740584257));
#7036=CARTESIAN_POINT('Ctrl Pts',(-30.5725912552867,35.5439595544536,3.90517757336825));
#7037=CARTESIAN_POINT('Ctrl Pts',(-30.5323243566137,35.5174973111185,3.89490497201287));
#7038=CARTESIAN_POINT('Ctrl Pts',(-30.3242807632421,35.3420021033037,3.85090943936455));
#7039=CARTESIAN_POINT('Ctrl Pts',(-30.1348480546751,35.1052568036418,3.84184078828117));
#7040=CARTESIAN_POINT('Ctrl Pts',(-30.0795273870588,35.0373484903732,3.8414591331267));
#7041=CARTESIAN_POINT('Ctrl Pts',(-30.0749246162564,35.0316294537356,3.84144347918004));
#7042=CARTESIAN_POINT('Ctrl Pts',(-30.0703607477963,35.0258945273076,3.8414434748355));
#7043=CARTESIAN_POINT('Origin',(-30.0703588483691,-13.7500002235167,5.84144347483459));
#7044=CARTESIAN_POINT('Ctrl Pts',(-32.0703588483691,-30.0000050952796,5.84144347483459));
#7045=CARTESIAN_POINT('Ctrl Pts',(-32.0703588483691,-30.0000050952796,5.69834023567092));
#7046=CARTESIAN_POINT('Ctrl Pts',(-32.0551765560198,-30.0227541472796,5.54466617457867));
#7047=CARTESIAN_POINT('Ctrl Pts',(-31.987886060195,-30.0418696902861,5.25890801626309));
#7048=CARTESIAN_POINT('Ctrl Pts',(-31.9432691344797,-30.0418069884061,5.11560481359803));
#7049=CARTESIAN_POINT('Ctrl Pts',(-31.8050029958421,-30.0118598872887,4.83828358301626));
#7050=CARTESIAN_POINT('Ctrl Pts',(-31.7439539175566,-29.9971247392402,4.74146777053804));
#7051=CARTESIAN_POINT('Ctrl Pts',(-31.6392569061196,-30.000118873801,4.59893350704617));
#7052=CARTESIAN_POINT('Ctrl Pts',(-31.5785255905199,-30.010383382266,4.5212375776915));
#7053=CARTESIAN_POINT('Ctrl Pts',(-31.4115810596396,-30.1067054356803,4.35419601997502));
#7054=CARTESIAN_POINT('Ctrl Pts',(-31.3231487413638,-30.1731246102492,4.27577160437751));
#7055=CARTESIAN_POINT('Ctrl Pts',(-31.1033872859344,-30.3599171649697,4.12450862923605));
#7056=CARTESIAN_POINT('Ctrl Pts',(-31.0077462213993,-30.4460352352654,4.07221528013453));
#7057=CARTESIAN_POINT('Ctrl Pts',(-30.8749154399925,-30.538136835351,4.00965090480793));
#7058=CARTESIAN_POINT('Ctrl Pts',(-30.8331514119238,-30.5608568396718,3.99213922589156));
#7059=CARTESIAN_POINT('Ctrl Pts',(-30.7624687330984,-30.5842296232654,3.96471341557619));
#7060=CARTESIAN_POINT('Ctrl Pts',(-30.7305855088865,-30.5890867831338,3.95323261765265));
#7061=CARTESIAN_POINT('Ctrl Pts',(-30.6681921806398,-30.5833598412187,3.93264139654581));
#7062=CARTESIAN_POINT('Ctrl Pts',(-30.6389923142055,-30.5748957458567,3.92371531160651));
#7063=CARTESIAN_POINT('Ctrl Pts',(-30.5730781944902,-30.543502064068,3.90531351244974));
#7064=CARTESIAN_POINT('Ctrl Pts',(-30.5329320867204,-30.5173221335418,3.89503632939225));
#7065=CARTESIAN_POINT('Ctrl Pts',(-30.3244381909267,-30.341784699058,3.85093342164151));
#7066=CARTESIAN_POINT('Ctrl Pts',(-30.1359365042795,-30.1065595290328,3.84184814487114));
#7067=CARTESIAN_POINT('Ctrl Pts',(-30.0795207255886,-30.0373344200159,3.84145910082023));
#7068=CARTESIAN_POINT('Ctrl Pts',(-30.0749236082235,-30.0316256771825,3.8414434748346));
#7069=CARTESIAN_POINT('Ctrl Pts',(-30.0703588483691,-30.0258921404969,3.8414434748346));
#7070=CARTESIAN_POINT('Ctrl Pts',(-30.0703587360921,-30.0258878048135,3.8414434748346));
#7071=CARTESIAN_POINT('Ctrl Pts',(-30.0705821960034,-30.0345169221347,3.8414434748346));
#7072=CARTESIAN_POINT('Ctrl Pts',(-30.0708056420489,-30.0431460385372,3.8414434748346));
#7073=CARTESIAN_POINT('Ctrl Pts',(-30.079036900783,-30.3609735236307,3.8414434748346));
#7074=CARTESIAN_POINT('Ctrl Pts',(-30.0866485089709,-30.9794664443755,3.8414434748346));
#7075=CARTESIAN_POINT('Ctrl Pts',(-30.070490287207,-31.9071109268199,3.8414434748346));
#7076=CARTESIAN_POINT('Ctrl Pts',(-30.0228739145734,-32.833784969015,3.8414434748346));
#7077=CARTESIAN_POINT('Ctrl Pts',(-29.9383497313041,-33.7579754619657,3.8414434748346));
#7078=CARTESIAN_POINT('Ctrl Pts',(-29.8091872629478,-34.6771624710909,3.8414434748346));
#7079=CARTESIAN_POINT('Ctrl Pts',(-29.5670033148837,-35.8910364175916,3.8414434748346));
#7080=CARTESIAN_POINT('Ctrl Pts',(-29.2032586263379,-37.0766833777073,3.8414434748346));
#7081=CARTESIAN_POINT('Ctrl Pts',(-28.780769123158,-38.0744067850737,3.8414434748346));
#7082=CARTESIAN_POINT('Ctrl Pts',(-28.5453663514006,-38.5618634035461,3.8414434748346));
#7083=CARTESIAN_POINT('Ctrl Pts',(-28.4039249816551,-38.836920793194,3.8414434748346));
#7084=CARTESIAN_POINT('Ctrl Pts',(-28.3309288296135,-38.9732547349566,3.8414434748346));
#7085=CARTESIAN_POINT('Ctrl Pts',(-28.287720355981,-39.0523427922382,3.8414434748346));
#7086=CARTESIAN_POINT('Ctrl Pts',(-28.2815854716672,-39.0635721616988,3.8414434748346));
#7087=CARTESIAN_POINT('Ctrl Pts',(-28.2754505429038,-39.0748015247659,3.8414434748346));
#7088=CARTESIAN_POINT('Ctrl Pts',(-30.6685567932218,-30.0103968478832,3.8414434748346));
#7089=CARTESIAN_POINT('Ctrl Pts',(-30.6687823149167,-30.0191057723657,3.8414434748346));
#7090=CARTESIAN_POINT('Ctrl Pts',(-30.6690006174468,-30.0275357601733,3.8414434748346));
#7091=CARTESIAN_POINT('Ctrl Pts',(-30.6773752536542,-30.3509172070044,3.8414434748346));
#7092=CARTESIAN_POINT('Ctrl Pts',(-30.6851332775054,-30.9806655121005,3.8414434748346));
#7093=CARTESIAN_POINT('Ctrl Pts',(-30.6686649698767,-31.9271921066132,3.8414434748346));
#7094=CARTESIAN_POINT('Ctrl Pts',(-30.6199587927813,-32.8756953601794,3.8414434748346));
#7095=CARTESIAN_POINT('Ctrl Pts',(-30.5331014957786,-33.8260203348844,3.8414434748346));
#7096=CARTESIAN_POINT('Ctrl Pts',(-30.3996190542285,-34.7764252466012,3.8414434748346));
#7097=CARTESIAN_POINT('Ctrl Pts',(-30.1477187781612,-36.0397612119291,3.8414434748346));
#7098=CARTESIAN_POINT('Ctrl Pts',(-29.7675263778017,-37.2792749857107,3.8414434748346));
#7099=CARTESIAN_POINT('Ctrl Pts',(-29.3267995880241,-38.3197513462586,3.8414434748346));
#7100=CARTESIAN_POINT('Ctrl Pts',(-29.0813342275446,-38.8281672160262,3.8414434748346));
#7101=CARTESIAN_POINT('Ctrl Pts',(-28.933835485738,-39.1149403118519,3.8414434748346));
#7102=CARTESIAN_POINT('Ctrl Pts',(-28.8576464700988,-39.2572770590703,3.8414434748346));
#7103=CARTESIAN_POINT('Ctrl Pts',(-28.812659420161,-39.3396025472392,3.8414434748346));
#7104=CARTESIAN_POINT('Ctrl Pts',(-28.8068567353122,-39.350229807046,3.8414434748346));
#7105=CARTESIAN_POINT('Ctrl Pts',(-28.8005888218485,-39.3616998922888,3.8414434748346));
#7106=CARTESIAN_POINT('Ctrl Pts',(-31.7039801226604,-29.9835834906517,4.34389419695148));
#7107=CARTESIAN_POINT('Ctrl Pts',(-31.704204401787,-29.9922443180133,4.34389419695149));
#7108=CARTESIAN_POINT('Ctrl Pts',(-31.7044207104348,-30.0005917900295,4.34389419695148));
#7109=CARTESIAN_POINT('Ctrl Pts',(-31.7129753841916,-30.3312609571903,4.34389419695149));
#7110=CARTESIAN_POINT('Ctrl Pts',(-31.7209740210565,-30.9824283360815,4.34389419695149));
#7111=CARTESIAN_POINT('Ctrl Pts',(-31.7038711225274,-31.9613333695452,4.34389419695149));
#7112=CARTESIAN_POINT('Ctrl Pts',(-31.6532367819988,-32.9481644629887,4.34389419695149));
#7113=CARTESIAN_POINT('Ctrl Pts',(-31.5622453907647,-33.9438811180354,4.34389419695149));
#7114=CARTESIAN_POINT('Ctrl Pts',(-31.4210878024906,-34.9489742754021,4.34389419695149));
#7115=CARTESIAN_POINT('Ctrl Pts',(-31.1523016542734,-36.2982237308769,4.34389419695149));
#7116=CARTESIAN_POINT('Ctrl Pts',(-30.7428686444282,-37.6322149646977,4.34389419695148));
#7117=CARTESIAN_POINT('Ctrl Pts',(-30.2709983112784,-38.74622323013,4.34389419695149));
#7118=CARTESIAN_POINT('Ctrl Pts',(-30.007046581545,-39.2926777405252,4.34389419695149));
#7119=CARTESIAN_POINT('Ctrl Pts',(-29.8504028066228,-39.5974206767997,4.34389419695149));
#7120=CARTESIAN_POINT('Ctrl Pts',(-29.7662718806906,-39.754481087072,4.34389419695149));
#7121=CARTESIAN_POINT('Ctrl Pts',(-29.7216763722979,-39.8361007974461,4.34389419695149));
#7122=CARTESIAN_POINT('Ctrl Pts',(-29.7157404668211,-39.8469683756525,4.34389419695148));
#7123=CARTESIAN_POINT('Ctrl Pts',(-29.709552698812,-39.8582933856487,4.34389419695148));
#7124=CARTESIAN_POINT('Ctrl Pts',(-32.0696884686353,-29.9741130950712,5.39264452432177));
#7125=CARTESIAN_POINT('Ctrl Pts',(-32.0699119285466,-29.9827422123924,5.39264452432177));
#7126=CARTESIAN_POINT('Ctrl Pts',(-32.0701280791348,-29.9910812640707,5.39264452432177));
#7127=CARTESIAN_POINT('Ctrl Pts',(-32.0787409553941,-30.3241405843453,5.39264452432177));
#7128=CARTESIAN_POINT('Ctrl Pts',(-32.0868235627169,-30.983026244765,5.39264452432177));
#7129=CARTESIAN_POINT('Ctrl Pts',(-32.0694887924422,-31.9733431579319,5.39264452432177));
#7130=CARTESIAN_POINT('Ctrl Pts',(-32.018170124811,-32.9737544974596,5.39264452432177));
#7131=CARTESIAN_POINT('Ctrl Pts',(-31.9257110190053,-33.9855156399106,5.39264452432177));
#7132=CARTESIAN_POINT('Ctrl Pts',(-31.7818269647869,-35.0099761434371,5.39264452432177));
#7133=CARTESIAN_POINT('Ctrl Pts',(-31.5070714152125,-36.3895936555757,5.39264452432177));
#7134=CARTESIAN_POINT('Ctrl Pts',(-31.0872497467723,-37.7570519985446,5.39264452432177));
#7135=CARTESIAN_POINT('Ctrl Pts',(-30.6044130838278,-38.8969944045947,5.39264452432177));
#7136=CARTESIAN_POINT('Ctrl Pts',(-30.3338475189962,-39.4570231927707,5.39264452432177));
#7137=CARTESIAN_POINT('Ctrl Pts',(-30.1740796519151,-39.767930497004,5.39264452432177));
#7138=CARTESIAN_POINT('Ctrl Pts',(-30.0869527279577,-39.9305338222335,5.39264452432177));
#7139=CARTESIAN_POINT('Ctrl Pts',(-30.0427698277984,-40.0114054791948,5.39264452432177));
#7140=CARTESIAN_POINT('Ctrl Pts',(-30.0367308825843,-40.0224593221805,5.39264452432177));
#7141=CARTESIAN_POINT('Ctrl Pts',(-30.0305959538209,-40.0336886852475,5.39264452432177));
#7142=CARTESIAN_POINT('Ctrl Pts',(-32.0696884686353,-29.9741130950712,5.84144347483459));
#7143=CARTESIAN_POINT('Ctrl Pts',(-32.0699119285466,-29.9827422123924,5.84144347483459));
#7144=CARTESIAN_POINT('Ctrl Pts',(-32.0701280791348,-29.9910812640707,5.84144347483459));
#7145=CARTESIAN_POINT('Ctrl Pts',(-32.0787409553941,-30.3241405843453,5.84144347483459));
#7146=CARTESIAN_POINT('Ctrl Pts',(-32.0868235627169,-30.983026244765,5.84144347483459));
#7147=CARTESIAN_POINT('Ctrl Pts',(-32.0694887924422,-31.9733431579319,5.84144347483459));
#7148=CARTESIAN_POINT('Ctrl Pts',(-32.018170124811,-32.9737544974596,5.84144347483459));
#7149=CARTESIAN_POINT('Ctrl Pts',(-31.9257110190053,-33.9855156399106,5.84144347483459));
#7150=CARTESIAN_POINT('Ctrl Pts',(-31.7818269647869,-35.0099761434371,5.84144347483459));
#7151=CARTESIAN_POINT('Ctrl Pts',(-31.5070714152125,-36.3895936555757,5.84144347483459));
#7152=CARTESIAN_POINT('Ctrl Pts',(-31.0872497467723,-37.7570519985446,5.84144347483459));
#7153=CARTESIAN_POINT('Ctrl Pts',(-30.6044130838278,-38.8969944045947,5.84144347483459));
#7154=CARTESIAN_POINT('Ctrl Pts',(-30.3338475189962,-39.4570231927707,5.84144347483459));
#7155=CARTESIAN_POINT('Ctrl Pts',(-30.1740796519151,-39.767930497004,5.84144347483459));
#7156=CARTESIAN_POINT('Ctrl Pts',(-30.0869527279577,-39.9305338222335,5.84144347483459));
#7157=CARTESIAN_POINT('Ctrl Pts',(-30.0427698277984,-40.0114054791948,5.84144347483459));
#7158=CARTESIAN_POINT('Ctrl Pts',(-30.0367308825843,-40.0224593221805,5.84144347483459));
#7159=CARTESIAN_POINT('Ctrl Pts',(-30.0305959538209,-40.0336886852475,5.84144347483459));
#7160=CARTESIAN_POINT('Origin',(-31.1059546915744,-32.9532175224126,5.84144347483459));
#7161=CARTESIAN_POINT('Origin',(29.0385132470403,-23.6989537834838,2.8414434748346));
#7162=CARTESIAN_POINT('',(26.3149852280394,-36.9215400535959,2.84144347483459));
#7163=CARTESIAN_POINT('Ctrl Pts',(24.4211172804845,-36.2769291075175,0.841443474834599));
#7164=CARTESIAN_POINT('Ctrl Pts',(24.4235636413946,-36.2777617690675,0.841443474834599));
#7165=CARTESIAN_POINT('Ctrl Pts',(24.4260099999861,-36.2785944298776,0.841448670240804));
#7166=CARTESIAN_POINT('Ctrl Pts',(24.4284563403936,-36.2794270844937,0.841459054343773));
#7167=CARTESIAN_POINT('Ctrl Pts',(24.4948992731323,-36.3020420952604,0.841741087969598));
#7168=CARTESIAN_POINT('Ctrl Pts',(24.5611224940666,-36.3245834285001,0.845845257880229));
#7169=CARTESIAN_POINT('Ctrl Pts',(24.6268770067287,-36.3469654804909,0.853594485129367));
#7170=CARTESIAN_POINT('Ctrl Pts',(24.6936442728169,-36.3696922616709,0.861463066262029));
#7171=CARTESIAN_POINT('Ctrl Pts',(24.7599291344316,-36.3922550792239,0.873090043792204));
#7172=CARTESIAN_POINT('Ctrl Pts',(24.825473277594,-36.414565291634,0.888344645304577));
#7173=CARTESIAN_POINT('Ctrl Pts',(24.8910931693962,-36.4369012877094,0.903616876390845));
#7174=CARTESIAN_POINT('Ctrl Pts',(24.9559715093277,-36.4589843681509,0.922525417710481));
#7175=CARTESIAN_POINT('Ctrl Pts',(25.0198383555411,-36.4807225118318,0.944989488042356));
#7176=CARTESIAN_POINT('Ctrl Pts',(25.0682169608298,-36.4971889750314,0.962005834647769));
#7177=CARTESIAN_POINT('Ctrl Pts',(25.116015055673,-36.5134574838811,0.981063376608536));
#7178=CARTESIAN_POINT('Ctrl Pts',(25.1631065117643,-36.5294853991924,1.00214471488329));
#7179=CARTESIAN_POINT('Ctrl Pts',(25.2351654253343,-36.5540111679834,1.03440318507657));
#7180=CARTESIAN_POINT('Ctrl Pts',(25.3052077743902,-36.5778481565438,1.07123700586526));
#7181=CARTESIAN_POINT('Ctrl Pts',(25.3727398667033,-36.600831065931,1.11246223786093));
#7182=CARTESIAN_POINT('Ctrl Pts',(25.4390965124979,-36.6234139406103,1.1529699138952));
#7183=CARTESIAN_POINT('Ctrl Pts',(25.5030304257627,-36.6451725020068,1.19771793109604));
#7184=CARTESIAN_POINT('Ctrl Pts',(25.5640496879073,-36.6659429988673,1.24657516876676));
#7185=CARTESIAN_POINT('Ctrl Pts',(25.5769330481954,-36.6703283975924,1.25689068838253));
#7186=CARTESIAN_POINT('Ctrl Pts',(25.589686365817,-36.6746697160967,1.26738953280243));
#7187=CARTESIAN_POINT('Ctrl Pts',(25.6023048154427,-36.6789653537941,1.27807069140483));
#7188=CARTESIAN_POINT('Ctrl Pts',(25.6606670180316,-36.6988333157844,1.3274726354413));
#7189=CARTESIAN_POINT('Ctrl Pts',(25.716146886245,-36.7177249245698,1.38077275919881));
#7190=CARTESIAN_POINT('Ctrl Pts',(25.7685353052042,-36.7355662210733,1.43758053867435));
#7191=CARTESIAN_POINT('Ctrl Pts',(25.8148876320464,-36.7513518779656,1.48784303587769));
#7192=CARTESIAN_POINT('Ctrl Pts',(25.8585482863276,-36.766223490657,1.54055467162206));
#7193=CARTESIAN_POINT('Ctrl Pts',(25.8994694626507,-36.7801620506054,1.59542110128699));
#7194=CARTESIAN_POINT('Ctrl Pts',(25.9410406933188,-36.7943220318879,1.65115911295908));
#7195=CARTESIAN_POINT('Ctrl Pts',(25.9797851815779,-36.8075192297188,1.7091216531895));
#7196=CARTESIAN_POINT('Ctrl Pts',(26.0156183565142,-36.8197229163779,1.76904113257027));
#7197=CARTESIAN_POINT('Ctrl Pts',(26.0515884511783,-36.831973233721,1.82918956623229));
#7198=CARTESIAN_POINT('Ctrl Pts',(26.0846253733492,-36.8432225703892,1.89131074438533));
#7199=CARTESIAN_POINT('Ctrl Pts',(26.1146024736193,-36.8534269162452,1.9551631290579));
#7200=CARTESIAN_POINT('Ctrl Pts',(26.1343891348797,-36.8601623887564,1.99730948393547));
#7201=CARTESIAN_POINT('Ctrl Pts',(26.1528418469719,-36.8664423135516,2.04021066252816));
#7202=CARTESIAN_POINT('Ctrl Pts',(26.1699130115089,-36.8722505155392,2.08380147525146));
#7203=CARTESIAN_POINT('Ctrl Pts',(26.1992866623837,-36.8822444498735,2.15880639430705));
#7204=CARTESIAN_POINT('Ctrl Pts',(26.2244252611567,-36.8907917124438,2.23547811054202));
#7205=CARTESIAN_POINT('Ctrl Pts',(26.245138761414,-36.8978304836085,2.31338191907804));
#7206=CARTESIAN_POINT('Ctrl Pts',(26.2656472026042,-36.9047995724968,2.39051449715497));
#7207=CARTESIAN_POINT('Ctrl Pts',(26.2818180970895,-36.9102900039992,2.46885585483298));
#7208=CARTESIAN_POINT('Ctrl Pts',(26.2934215637719,-36.914227467108,2.54800120195612));
#7209=CARTESIAN_POINT('Ctrl Pts',(26.3046614093831,-36.9180415408373,2.62466634926606));
#7210=CARTESIAN_POINT('Ctrl Pts',(26.3116157659054,-36.9203985023165,2.70208672124011));
#7211=CARTESIAN_POINT('Ctrl Pts',(26.3140292579837,-36.9212162111312,2.77989743920627));
#7212=CARTESIAN_POINT('Ctrl Pts',(26.3146648228505,-36.9214315451688,2.80038798029668));
#7213=CARTESIAN_POINT('Ctrl Pts',(26.3149852280392,-36.9215400535965,2.82090557074045));
#7214=CARTESIAN_POINT('Ctrl Pts',(26.3149852280392,-36.9215400535965,2.84144347483459));
#7215=CARTESIAN_POINT('',(20.7331869484918,-52.1265866929583,2.8414434748346));
#7216=CARTESIAN_POINT('',(30.9160017580595,-24.3881829841064,2.8414434748346));
#7217=CARTESIAN_POINT('Ctrl Pts',(18.878395632927,-51.3755294042925,0.8414434748346));
#7218=CARTESIAN_POINT('Ctrl Pts',(18.8806496126017,-51.3764421042005,0.8414434748346));
#7219=CARTESIAN_POINT('Ctrl Pts',(18.8829035903592,-51.3773548034815,0.841448073445115));
#7220=CARTESIAN_POINT('Ctrl Pts',(18.8851575533649,-51.3782674965353,0.841457265078785));
#7221=CARTESIAN_POINT('Ctrl Pts',(18.9501984708475,-51.4046043944555,0.841722501147661));
#7222=CARTESIAN_POINT('Ctrl Pts',(19.0150276451437,-51.4308501516803,0.845806909845329));
#7223=CARTESIAN_POINT('Ctrl Pts',(19.0793989458959,-51.4569112503071,0.853533602104747));
#7224=CARTESIAN_POINT('Ctrl Pts',(19.1447664923679,-51.4833756848561,0.861379876911057));
#7225=CARTESIAN_POINT('Ctrl Pts',(19.2096627079985,-51.5096500354057,0.872982238289331));
#7226=CARTESIAN_POINT('Ctrl Pts',(19.2738338406674,-51.5356337144752,0.888209942836983));
#7227=CARTESIAN_POINT('Ctrl Pts',(19.3380934361307,-51.5616532132157,0.903458639460698));
#7228=CARTESIAN_POINT('Ctrl Pts',(19.4016268051111,-51.5873815749729,0.922342975868112));
#7229=CARTESIAN_POINT('Ctrl Pts',(19.4641703979402,-51.6127100967891,0.94478203356887));
#7230=CARTESIAN_POINT('Ctrl Pts',(19.5118556677796,-51.6320213858087,0.961890301146759));
#7231=CARTESIAN_POINT('Ctrl Pts',(19.5589655024964,-51.6511001311716,0.981065991774036));
#7232=CARTESIAN_POINT('Ctrl Pts',(19.6053749881926,-51.6698933046349,1.00229132430286));
#7233=CARTESIAN_POINT('Ctrl Pts',(19.6758617174509,-51.6984363774561,1.03452836043746));
#7234=CARTESIAN_POINT('Ctrl Pts',(19.7443767422873,-51.7261821568575,1.07133054456611));
#7235=CARTESIAN_POINT('Ctrl Pts',(19.8104391143974,-51.7529354793165,1.11251471139766));
#7236=CARTESIAN_POINT('Ctrl Pts',(19.8753791464734,-51.7792342869908,1.1529991964326));
#7237=CARTESIAN_POINT('Ctrl Pts',(19.9379500544685,-51.8045743724097,1.19771850373188));
#7238=CARTESIAN_POINT('Ctrl Pts',(19.9976740156608,-51.8287570363293,1.24654190576796));
#7239=CARTESIAN_POINT('Ctrl Pts',(20.0103117081735,-51.8338741294465,1.25687302128732));
#7240=CARTESIAN_POINT('Ctrl Pts',(20.0228218245068,-51.838939341391,1.26738804141631));
#7241=CARTESIAN_POINT('Ctrl Pts',(20.0351996559579,-51.8439506919914,1.27808595206034));
#7242=CARTESIAN_POINT('Ctrl Pts',(20.0924417471736,-51.8671260106497,1.32755913961496));
#7243=CARTESIAN_POINT('Ctrl Pts',(20.1468573219991,-51.8891507159305,1.38094184241613));
#7244=CARTESIAN_POINT('Ctrl Pts',(20.1982390716946,-51.9099424671914,1.43784220645485));
#7245=CARTESIAN_POINT('Ctrl Pts',(20.2436354924392,-51.9283122403863,1.4881143922354));
#7246=CARTESIAN_POINT('Ctrl Pts',(20.2863978558205,-51.9456124331609,1.54083569242503));
#7247=CARTESIAN_POINT('Ctrl Pts',(20.3264768717079,-51.9618270144541,1.59571205657226));
#7248=CARTESIAN_POINT('Ctrl Pts',(20.3671894121237,-51.978297897823,1.65145584527919));
#7249=CARTESIAN_POINT('Ctrl Pts',(20.4051335593995,-51.9936487507057,1.7094240976004));
#7250=CARTESIAN_POINT('Ctrl Pts',(20.4402246743092,-52.0078479520922,1.76934954305289));
#7251=CARTESIAN_POINT('Ctrl Pts',(20.4754443123983,-52.0220991588512,1.82949446881529));
#7252=CARTESIAN_POINT('Ctrl Pts',(20.507790400555,-52.0351904324562,1.89161177271408));
#7253=CARTESIAN_POINT('Ctrl Pts',(20.5371378919178,-52.0470724500448,1.95546028821838));
#7254=CARTESIAN_POINT('Ctrl Pts',(20.556494158593,-52.0549092868716,1.99757185672153));
#7255=CARTESIAN_POINT('Ctrl Pts',(20.5745451814198,-52.0622197247588,2.04043709561318));
#7256=CARTESIAN_POINT('Ctrl Pts',(20.591244366089,-52.0689849305579,2.08399105274317));
#7257=CARTESIAN_POINT('Ctrl Pts',(20.62001248692,-52.0806395269785,2.15902259028256));
#7258=CARTESIAN_POINT('Ctrl Pts',(20.6446259443937,-52.0906193360204,2.23572226715198));
#7259=CARTESIAN_POINT('Ctrl Pts',(20.6649005366815,-52.098845398687,2.31365496097038));
#7260=CARTESIAN_POINT('Ctrl Pts',(20.684973244882,-52.1069895504017,2.3908116406259));
#7261=CARTESIAN_POINT('Ctrl Pts',(20.7007934139851,-52.1134148792279,2.46917786533281));
#7262=CARTESIAN_POINT('Ctrl Pts',(20.7121386087983,-52.1180257610734,2.54834846447177));
#7263=CARTESIAN_POINT('Ctrl Pts',(20.7231278077036,-52.1224919600734,2.62503480399415));
#7264=CARTESIAN_POINT('Ctrl Pts',(20.7299186131619,-52.1252558743836,2.70247666461604));
#7265=CARTESIAN_POINT('Ctrl Pts',(20.7322643327422,-52.1262109711483,2.78030882690213));
#7266=CARTESIAN_POINT('Ctrl Pts',(20.7328777575506,-52.1264607367447,2.80066257235258));
#7267=CARTESIAN_POINT('Ctrl Pts',(20.7331869484918,-52.1265866929584,2.82104298919419));
#7268=CARTESIAN_POINT('Ctrl Pts',(20.7331869484917,-52.1265866929584,2.84144347483459));
#7269=CARTESIAN_POINT('Origin',(7.49861504830914,-55.4998536286214,2.8414434748346));
#7270=CARTESIAN_POINT('Ctrl Pts',(-15.1446066041801,-60.0230112743264,2.84144347483459));
#7271=CARTESIAN_POINT('Ctrl Pts',(-15.1445623577605,-60.0230063678568,2.76687378886519));
#7272=CARTESIAN_POINT('Ctrl Pts',(-15.1449782354595,-60.0188520736054,2.69230429732728));
#7273=CARTESIAN_POINT('Ctrl Pts',(-15.1467244641618,-60.0022968011074,2.54409937991382));
#7274=CARTESIAN_POINT('Ctrl Pts',(-15.1480547800784,-59.9898961392722,2.47046430955601));
#7275=CARTESIAN_POINT('Ctrl Pts',(-15.1516126250282,-59.9570037825604,2.32504821546326));
#7276=CARTESIAN_POINT('Ctrl Pts',(-15.1538401170209,-59.9365124217131,2.2532675139701));
#7277=CARTESIAN_POINT('Ctrl Pts',(-15.1591638536621,-59.8876953217125,2.11245684257366));
#7278=CARTESIAN_POINT('Ctrl Pts',(-15.1622600596682,-59.8593699310341,2.04342716206923));
#7279=CARTESIAN_POINT('Ctrl Pts',(-15.1692819209661,-59.7952392071903,1.90898074165616));
#7280=CARTESIAN_POINT('Ctrl Pts',(-15.1732075363314,-59.7594342340811,1.84356425900451));
#7281=CARTESIAN_POINT('Ctrl Pts',(-15.1818385623981,-59.6807921224611,1.7171612196937));
#7282=CARTESIAN_POINT('Ctrl Pts',(-15.1865439321703,-59.6379553530487,1.65617488905628));
#7283=CARTESIAN_POINT('Ctrl Pts',(-15.196703550286,-59.5455261849158,1.53906560064649));
#7284=CARTESIAN_POINT('Ctrl Pts',(-15.2021618209666,-59.4958975128592,1.48297212396786));
#7285=CARTESIAN_POINT('Ctrl Pts',(-15.213706050372,-59.3909818973456,1.37703077255923));
#7286=CARTESIAN_POINT('Ctrl Pts',(-15.2197884082893,-59.3357274258808,1.3271509043489));
#7287=CARTESIAN_POINT('Ctrl Pts',(-15.2325280994465,-59.2200333957042,1.23391045806293));
#7288=CARTESIAN_POINT('Ctrl Pts',(-15.2391853624285,-59.1595944705768,1.19054970610412));
#7289=CARTESIAN_POINT('Ctrl Pts',(-15.25299107874,-59.0342870999309,1.11088774205387));
#7290=CARTESIAN_POINT('Ctrl Pts',(-15.2601394692177,-58.9694192212086,1.07458635512483));
#7291=CARTESIAN_POINT('Ctrl Pts',(-15.2749092647593,-58.8354139075858,1.00917774582426));
#7292=CARTESIAN_POINT('Ctrl Pts',(-15.2825345538271,-58.7662414468357,0.980144071765164));
#7293=CARTESIAN_POINT('Ctrl Pts',(-15.2980224928251,-58.6257599111729,0.930342923141624));
#7294=CARTESIAN_POINT('Ctrl Pts',(-15.3058821310652,-58.5544779956064,0.909499098030534));
#7295=CARTESIAN_POINT('Ctrl Pts',(-15.3219238156027,-58.4090008464542,0.875702917141051));
#7296=CARTESIAN_POINT('Ctrl Pts',(-15.3301088421833,-58.3347787367505,0.862869457609742));
#7297=CARTESIAN_POINT('Ctrl Pts',(-15.3465861659123,-58.1853671540473,0.845739712808625));
#7298=CARTESIAN_POINT('Ctrl Pts',(-15.3548784173185,-58.1101780935503,0.841443474834594));
#7299=CARTESIAN_POINT('Ctrl Pts',(-15.3631706917439,-58.0349888254672,0.841443474834594));
#7300=CARTESIAN_POINT('Ctrl Pts',(12.0725556283406,-54.9926510371558,0.841443474834637));
#7301=CARTESIAN_POINT('Ctrl Pts',(12.0729590218902,-54.9959452352925,0.841443474893029));
#7302=CARTESIAN_POINT('Ctrl Pts',(12.0733624107237,-54.999239394641,0.841452048369353));
#7303=CARTESIAN_POINT('Ctrl Pts',(12.0737657986351,-55.0025335472514,0.841469181213312));
#7304=CARTESIAN_POINT('Ctrl Pts',(12.0822953106438,-55.072187380338,0.841831449873735));
#7305=CARTESIAN_POINT('Ctrl Pts',(12.090795648953,-55.1416073520829,0.846014897945019));
#7306=CARTESIAN_POINT('Ctrl Pts',(12.0992352573042,-55.2105322545606,0.853842609962906));
#7307=CARTESIAN_POINT('Ctrl Pts',(12.1078045278481,-55.28051608698,0.861790583284512));
#7308=CARTESIAN_POINT('Ctrl Pts',(12.1163113090785,-55.3499904054092,0.873495850562737));
#7309=CARTESIAN_POINT('Ctrl Pts',(12.1247227543072,-55.418684223346,0.888827813282961));
#7310=CARTESIAN_POINT('Ctrl Pts',(12.1331436841354,-55.4874554992388,0.904177064058056));
#7311=CARTESIAN_POINT('Ctrl Pts',(12.1414691859938,-55.5554454261459,0.923161490654747));
#7312=CARTESIAN_POINT('Ctrl Pts',(12.1496646442037,-55.6223709657719,0.945700470593541));
#7313=CARTESIAN_POINT('Ctrl Pts',(12.1557762356719,-55.6722792865161,0.962508443249697));
#7314=CARTESIAN_POINT('Ctrl Pts',(12.1618154849271,-55.7215955410759,0.981294203631421));
#7315=CARTESIAN_POINT('Ctrl Pts',(12.1677668176826,-55.7701937134098,1.00204109812393));
#7316=CARTESIAN_POINT('Ctrl Pts',(12.1770144429814,-55.8457091830398,1.03427917222686));
#7317=CARTESIAN_POINT('Ctrl Pts',(12.1860043085895,-55.9191108694909,1.07108918885075));
#7318=CARTESIAN_POINT('Ctrl Pts',(12.1946720602148,-55.9898832550704,1.11228689751474));
#7319=CARTESIAN_POINT('Ctrl Pts',(12.2031905849678,-56.0594371999061,1.15277533283182));
#7320=CARTESIAN_POINT('Ctrl Pts',(12.2113981117096,-56.1264525370251,1.19750215128717));
#7321=CARTESIAN_POINT('Ctrl Pts',(12.2192300697002,-56.1904157001341,1.24633590274794));
#7322=CARTESIAN_POINT('Ctrl Pts',(12.2208976008482,-56.2040343338065,1.25673327741904));
#7323=CARTESIAN_POINT('Ctrl Pts',(12.2225480901637,-56.2175144879623,1.26731697347409));
#7324=CARTESIAN_POINT('Ctrl Pts',(12.2241808856037,-56.2308509985153,1.27808595206034));
#7325=CARTESIAN_POINT('Ctrl Pts',(12.2316621610092,-56.2919573110094,1.32742813704346));
#7326=CARTESIAN_POINT('Ctrl Pts',(12.2387723676199,-56.3500508693097,1.38065819444979));
#7327=CARTESIAN_POINT('Ctrl Pts',(12.2454859252506,-56.4049125062505,1.43738702637981));
#7328=CARTESIAN_POINT('Ctrl Pts',(12.2514334613168,-56.4535143925092,1.4876430593893));
#7329=CARTESIAN_POINT('Ctrl Pts',(12.2570345868122,-56.4992953095105,1.54034824562826));
#7330=CARTESIAN_POINT('Ctrl Pts',(12.2622843051172,-56.5422042226314,1.59520812695097));
#7331=CARTESIAN_POINT('Ctrl Pts',(12.2676176003509,-56.5857962572003,1.65094139235286));
#7332=CARTESIAN_POINT('Ctrl Pts',(12.2725882732854,-56.6264245960874,1.70889923596721));
#7333=CARTESIAN_POINT('Ctrl Pts',(12.2771862824398,-56.663999976279,1.76881395355234));
#7334=CARTESIAN_POINT('Ctrl Pts',(12.2818021795516,-56.7017215386066,1.82896176156374));
#7335=CARTESIAN_POINT('Ctrl Pts',(12.2860425670213,-56.7363667915218,1.89108252047128));
#7336=CARTESIAN_POINT('Ctrl Pts',(12.2898915731031,-56.76780273669,1.95493456625134));
#7337=CARTESIAN_POINT('Ctrl Pts',(12.2924336264559,-56.788564421165,1.99710527307989));
#7338=CARTESIAN_POINT('Ctrl Pts',(12.2948048462903,-56.8079253646558,2.04003171995981));
#7339=CARTESIAN_POINT('Ctrl Pts',(12.2969991050994,-56.8258356196464,2.08364857865978));
#7340=CARTESIAN_POINT('Ctrl Pts',(12.3007734835374,-56.8566433256349,2.15867461037576));
#7341=CARTESIAN_POINT('Ctrl Pts',(12.3040060218284,-56.883006778505,2.23536871416301));
#7342=CARTESIAN_POINT('Ctrl Pts',(12.3066711071192,-56.9047275736296,2.31329568019814));
#7343=CARTESIAN_POINT('Ctrl Pts',(12.3093098922174,-56.9262340187311,2.39045362986563));
#7344=CARTESIAN_POINT('Ctrl Pts',(12.3113924213515,-56.9431893701484,2.46882119073617));
#7345=CARTESIAN_POINT('Ctrl Pts',(12.3128875273257,-56.9553538439806,2.54799307918573));
#7346=CARTESIAN_POINT('Ctrl Pts',(12.3143358153067,-56.9671373974892,2.62468576616832));
#7347=CARTESIAN_POINT('Ctrl Pts',(12.315232916793,-56.9744255890313,2.70213403158305));
#7348=CARTESIAN_POINT('Ctrl Pts',(12.315544041597,-56.9769522161861,2.77997255084914));
#7349=CARTESIAN_POINT('Ctrl Pts',(12.3156258436646,-56.9776165262082,2.80043813808881));
#7350=CARTESIAN_POINT('Ctrl Pts',(12.315667101176,-56.9779514011817,2.82093068332259));
#7351=CARTESIAN_POINT('Ctrl Pts',(12.315667101176,-56.9779514011817,2.84144347483459));
#7352=CARTESIAN_POINT('Ctrl Pts',(26.3149852280006,41.9215400535851,2.84145575003835));
#7353=CARTESIAN_POINT('Ctrl Pts',(26.3221056225553,41.8988681271785,2.84145575003835));
#7354=CARTESIAN_POINT('Ctrl Pts',(26.3292263378593,41.8761951794795,2.84145575003835));
#7355=CARTESIAN_POINT('Ctrl Pts',(26.8105836190546,40.3435137008417,2.84145575003835));
#7356=CARTESIAN_POINT('Ctrl Pts',(27.2917469810063,38.2818577302657,2.84145575003835));
#7357=CARTESIAN_POINT('Ctrl Pts',(27.7837419471571,34.6546713647172,2.84145575003835));
#7358=CARTESIAN_POINT('Ctrl Pts',(27.9055389556054,32.612477987216,2.84145575003835));
#7359=CARTESIAN_POINT('Ctrl Pts',(27.9501615066637,31.0723945764791,2.84145575003835));
#7360=CARTESIAN_POINT('Ctrl Pts',(27.95058135793,31.0579040116207,2.84145575003835));
#7361=CARTESIAN_POINT('Ctrl Pts',(27.9510012110485,31.0434133828347,2.84145575003835));
#7362=CARTESIAN_POINT('Ctrl Pts',(26.3149889742962,41.9215412301548,2.24305296808192));
#7363=CARTESIAN_POINT('Ctrl Pts',(26.3221093688509,41.8988693037483,2.24305296808192));
#7364=CARTESIAN_POINT('Ctrl Pts',(26.3292300841549,41.8761963560492,2.24305296808191));
#7365=CARTESIAN_POINT('Ctrl Pts',(26.8105874280704,40.343514675293,2.24305296808191));
#7366=CARTESIAN_POINT('Ctrl Pts',(27.2917508452724,38.2818584631551,2.24305296808193));
#7367=CARTESIAN_POINT('Ctrl Pts',(27.7837458654661,34.6546716943179,2.24305296808192));
#7368=CARTESIAN_POINT('Ctrl Pts',(27.9055428791801,32.6124781891752,2.24305296808192));
#7369=CARTESIAN_POINT('Ctrl Pts',(27.9501654317259,31.0723946902035,2.24305296808192));
#7370=CARTESIAN_POINT('Ctrl Pts',(27.9505852829922,31.0579041253458,2.24305296808192));
#7371=CARTESIAN_POINT('Ctrl Pts',(27.9510051361108,31.0434134965599,2.24305296808192));
#7372=CARTESIAN_POINT('Ctrl Pts',(25.8355964508995,41.7709821708175,1.20730367584571));
#7373=CARTESIAN_POINT('Ctrl Pts',(25.8427168454542,41.748310244411,1.20730367584571));
#7374=CARTESIAN_POINT('Ctrl Pts',(25.8498375607582,41.7256372967119,1.20730367584571));
#7375=CARTESIAN_POINT('Ctrl Pts',(26.3231689471615,40.218819597254,1.20730367584574));
#7376=CARTESIAN_POINT('Ctrl Pts',(26.7972622937717,38.1880746953012,1.20730367584572));
#7377=CARTESIAN_POINT('Ctrl Pts',(27.2823417393484,34.6124945361737,1.20730367584573));
#7378=CARTESIAN_POINT('Ctrl Pts',(27.4034649370602,32.5866346016273,1.20730367584572));
#7379=CARTESIAN_POINT('Ctrl Pts',(27.4478971367436,31.057842010182,1.20730367584572));
#7380=CARTESIAN_POINT('Ctrl Pts',(27.4483169896696,31.043351346877,1.20730367584571));
#7381=CARTESIAN_POINT('Ctrl Pts',(27.4487368427867,31.0288607181796,1.20730367584571));
#7382=CARTESIAN_POINT('Ctrl Pts',(24.8350467595246,41.4567473569611,0.841440615759764));
#7383=CARTESIAN_POINT('Ctrl Pts',(24.8421671540793,41.4340754305546,0.841440615759764));
#7384=CARTESIAN_POINT('Ctrl Pts',(24.8492878693833,41.4114024828556,0.841440615759755));
#7385=CARTESIAN_POINT('Ctrl Pts',(25.3067093937825,39.9551443981854,0.841440615759818));
#7386=CARTESIAN_POINT('Ctrl Pts',(25.7652621529509,37.9923205986288,0.841440615759778));
#7387=CARTESIAN_POINT('Ctrl Pts',(26.2360821695847,34.5235191621002,0.841440615759786));
#7388=CARTESIAN_POINT('Ctrl Pts',(26.3559076356501,32.5323390537937,0.841440615759764));
#7389=CARTESIAN_POINT('Ctrl Pts',(26.3996029635487,31.0274688247374,0.841440615759764));
#7390=CARTESIAN_POINT('Ctrl Pts',(26.4000228228996,31.0129779528496,0.841440615759764));
#7391=CARTESIAN_POINT('Ctrl Pts',(26.4004426760109,30.9984873243398,0.841440615759764));
#7392=CARTESIAN_POINT('Ctrl Pts',(24.4068641197345,41.3222713851321,0.841443474873697));
#7393=CARTESIAN_POINT('Ctrl Pts',(24.4139845142892,41.2995994587256,0.841443474873697));
#7394=CARTESIAN_POINT('Ctrl Pts',(24.4211052295932,41.2769265110265,0.841443474873688));
#7395=CARTESIAN_POINT('Ctrl Pts',(24.8719080981555,39.8415328088458,0.84144347487375));
#7396=CARTESIAN_POINT('Ctrl Pts',(25.3236331920027,37.9085445012537,0.841443474873705));
#7397=CARTESIAN_POINT('Ctrl Pts',(25.7883902520019,34.4852286781013,0.841443474873719));
#7398=CARTESIAN_POINT('Ctrl Pts',(25.907684875724,32.509022844784,0.841443474873697));
#7399=CARTESIAN_POINT('Ctrl Pts',(25.9509881961935,31.0144706996743,0.841443474873697));
#7400=CARTESIAN_POINT('Ctrl Pts',(25.9514080589624,30.9999797378216,0.841443474873697));
#7401=CARTESIAN_POINT('Ctrl Pts',(25.9518279120706,30.9854891093927,0.841443474873697));
#7402=CARTESIAN_POINT('',(27.9510000794527,31.0434524396289,2.8414434748346));
#7403=CARTESIAN_POINT('Ctrl Pts',(27.9510000794528,31.0434524396289,2.8414434748346));
#7404=CARTESIAN_POINT('Ctrl Pts',(27.9510000794528,31.0441215254197,2.76883411617609));
#7405=CARTESIAN_POINT('Ctrl Pts',(27.9470416459259,31.0446679046673,2.69619442656432));
#7406=CARTESIAN_POINT('Ctrl Pts',(27.9391409164159,31.045097279249,2.62396701082108));
#7407=CARTESIAN_POINT('Ctrl Pts',(27.9312429596967,31.0455265031401,2.5517649435615));
#7408=CARTESIAN_POINT('Ctrl Pts',(27.9194055076296,31.0458388044774,2.47997529428633));
#7409=CARTESIAN_POINT('Ctrl Pts',(27.9036965854579,31.0460398791369,2.40903584835755));
#7410=CARTESIAN_POINT('Ctrl Pts',(27.8879899849644,31.0462409240788,2.33810688682458));
#7411=CARTESIAN_POINT('Ctrl Pts',(27.8684131481282,31.0463307752178,2.26802830286767));
#7412=CARTESIAN_POINT('Ctrl Pts',(27.8450850441047,31.0463151259047,2.19922688622944));
#7413=CARTESIAN_POINT('Ctrl Pts',(27.8217556500014,31.0462994757261,2.13042166476747));
#7414=CARTESIAN_POINT('Ctrl Pts',(27.7946747172933,31.0461783134266,2.06289416237648));
#7415=CARTESIAN_POINT('Ctrl Pts',(27.7640104714912,31.0459573333017,1.9970541580139));
#7416=CARTESIAN_POINT('Ctrl Pts',(27.7333247070014,31.0457361981035,1.93116795031405));
#7417=CARTESIAN_POINT('Ctrl Pts',(27.6990507904235,31.0454151049362,1.86697200079315));
#7418=CARTESIAN_POINT('Ctrl Pts',(27.6614040938652,31.0449997600916,1.8048538224253));
#7419=CARTESIAN_POINT('Ctrl Pts',(27.6237444111927,31.044584271975,1.74271421657953));
#7420=CARTESIAN_POINT('Ctrl Pts',(27.5827098660415,31.0440744671463,1.68265417588145));
#7421=CARTESIAN_POINT('Ctrl Pts',(27.5385595761198,31.0434760578046,1.62503283506585));
#7422=CARTESIAN_POINT('Ctrl Pts',(27.4943637673404,31.0428770315041,1.56735208676693));
#7423=CARTESIAN_POINT('Ctrl Pts',(27.4470460720261,31.0421892178943,1.51211539835343));
#7424=CARTESIAN_POINT('Ctrl Pts',(27.3969060318626,31.0414183468602,1.45964899779174));
#7425=CARTESIAN_POINT('Ctrl Pts',(27.377333016308,31.0411174242704,1.43916784797742));
#7426=CARTESIAN_POINT('Ctrl Pts',(27.3573303165406,31.0408038448611,1.41910846012335));
#7427=CARTESIAN_POINT('Ctrl Pts',(27.3369172343981,31.0404779494837,1.39948867678144));
#7428=CARTESIAN_POINT('Ctrl Pts',(27.2925866519524,31.0397702106036,1.35688088159735));
#7429=CARTESIAN_POINT('Ctrl Pts',(27.2463161553626,31.0390043270624,1.31634201492815));
#7430=CARTESIAN_POINT('Ctrl Pts',(27.1982662983998,31.0381837350625,1.27800912089653));
#7431=CARTESIAN_POINT('Ctrl Pts',(27.1426896664943,31.0372346013416,1.23367156661168));
#7432=CARTESIAN_POINT('Ctrl Pts',(27.0846833476061,31.0362123326426,1.19225071418443));
#7433=CARTESIAN_POINT('Ctrl Pts',(27.0245807339783,31.0351285799905,1.15401211971858));
#7434=CARTESIAN_POINT('Ctrl Pts',(26.9645344444028,31.0340458429572,1.11580935984402));
#7435=CARTESIAN_POINT('Ctrl Pts',(26.9023961533807,31.0329017371541,1.08078318001566));
#7436=CARTESIAN_POINT('Ctrl Pts',(26.8385295889019,31.0317078808814,1.04915684322202));
#7437=CARTESIAN_POINT('Ctrl Pts',(26.7747045497459,31.0305148008407,1.01755106951736));
#7438=CARTESIAN_POINT('Ctrl Pts',(26.7091538856858,31.0292720350038,0.98934094956061));
#7439=CARTESIAN_POINT('Ctrl Pts',(26.6422661011656,31.0279911790236,0.964703938504257));
#7440=CARTESIAN_POINT('Ctrl Pts',(26.5753895681434,31.0267105385021,0.94007107175142));
#7441=CARTESIAN_POINT('Ctrl Pts',(26.5071767939981,31.0253918206507,0.919010286189185));
#7442=CARTESIAN_POINT('Ctrl Pts',(26.4380353336349,31.0240466152717,0.90165053197089));
#7443=CARTESIAN_POINT('Ctrl Pts',(26.3689011209996,31.0227015509034,0.884292597482379));
#7444=CARTESIAN_POINT('Ctrl Pts',(26.2988388668354,31.0213300045603,0.870635029835135));
#7445=CARTESIAN_POINT('Ctrl Pts',(26.2282686374149,31.0199435624001,0.860756183320439));
#7446=CARTESIAN_POINT('Ctrl Pts',(26.1576642778433,31.0185564497096,0.850872559061271));
#7447=CARTESIAN_POINT('Ctrl Pts',(26.0865519126652,31.0171544267904,0.844771362599372));
#7448=CARTESIAN_POINT('Ctrl Pts',(26.0153580267594,31.0157490966187,0.842479229376835));
#7449=CARTESIAN_POINT('Ctrl Pts',(25.9939089324883,31.0153257026861,0.841788661908201));
#7450=CARTESIAN_POINT('Ctrl Pts',(25.9724524525458,31.0149020085609,0.841443476722046));
#7451=CARTESIAN_POINT('Ctrl Pts',(25.9510002554209,31.0144783315419,0.841443474834595));
#7452=CARTESIAN_POINT('Ctrl Pts',(24.4211172804844,41.2769291075182,0.84144347483459));
#7453=CARTESIAN_POINT('Ctrl Pts',(24.4235680777729,41.2777632790668,0.841443474834591));
#7454=CARTESIAN_POINT('Ctrl Pts',(24.4260188727491,41.2785974498232,0.841448689330812));
#7455=CARTESIAN_POINT('Ctrl Pts',(24.4284696494164,41.2794316144115,0.841459111577012));
#7456=CARTESIAN_POINT('Ctrl Pts',(24.4949198463554,41.3020490980506,0.841741699673171));
#7457=CARTESIAN_POINT('Ctrl Pts',(24.5611502345645,41.3245928723459,0.845847418998411));
#7458=CARTESIAN_POINT('Ctrl Pts',(24.6269117198932,41.346977299997,0.853599109195472));
#7459=CARTESIAN_POINT('Ctrl Pts',(24.693686374651,41.3697065984744,0.861470227588118));
#7460=CARTESIAN_POINT('Ctrl Pts',(24.7599784197995,41.3922718643885,0.873100719097846));
#7461=CARTESIAN_POINT('Ctrl Pts',(24.8255294313637,41.4145844191754,0.888359723851684));
#7462=CARTESIAN_POINT('Ctrl Pts',(24.8911568193779,41.4369229713296,0.9036365075625));
#7463=CARTESIAN_POINT('Ctrl Pts',(24.9560423256618,41.4590084968576,0.922550561598962));
#7464=CARTESIAN_POINT('Ctrl Pts',(25.019915886371,41.4807489340415,0.945021013392592));
#7465=CARTESIAN_POINT('Ctrl Pts',(25.0682673458219,41.4972061638447,0.962030854814917));
#7466=CARTESIAN_POINT('Ctrl Pts',(25.1160388079015,41.5134656157424,0.981079672365553));
#7467=CARTESIAN_POINT('Ctrl Pts',(25.1631043448014,41.5294847186503,1.00215005660916));
#7468=CARTESIAN_POINT('Ctrl Pts',(25.2351521231719,41.5540067118542,1.03440453566447));
#7469=CARTESIAN_POINT('Ctrl Pts',(25.3051837975872,41.5778400857343,1.07123292773464));
#7470=CARTESIAN_POINT('Ctrl Pts',(25.3727060362097,41.6008196590752,1.11245127721318));
#7471=CARTESIAN_POINT('Ctrl Pts',(25.4390549425944,41.6233999169496,1.15295337647234));
#7472=CARTESIAN_POINT('Ctrl Pts',(25.5029817671628,41.6451560822747,1.1976946614346));
#7473=CARTESIAN_POINT('Ctrl Pts',(25.5639949002079,41.6659245040034,1.24654398794703));
#7474=CARTESIAN_POINT('Ctrl Pts',(25.5768947542063,41.6703155194243,1.25687207877733));
#7475=CARTESIAN_POINT('Ctrl Pts',(25.5896642491047,41.6746623471679,1.2673839483443));
#7476=CARTESIAN_POINT('Ctrl Pts',(25.6022985424745,41.6789633809541,1.27807858169966));
#7477=CARTESIAN_POINT('Ctrl Pts',(25.6606603483079,41.6988312193336,1.32748048310221));
#7478=CARTESIAN_POINT('Ctrl Pts',(25.716139974382,41.7177227530162,1.38078032834162));
#7479=CARTESIAN_POINT('Ctrl Pts',(25.7685283133522,41.7355640251933,1.43758768234398));
#7480=CARTESIAN_POINT('Ctrl Pts',(25.814881364018,41.7513499311682,1.48785066471807));
#7481=CARTESIAN_POINT('Ctrl Pts',(25.8585428019794,41.766221809312,1.54056278620839));
#7482=CARTESIAN_POINT('Ctrl Pts',(25.8994647811527,41.7801606380897,1.5954297391321));
#7483=CARTESIAN_POINT('Ctrl Pts',(25.9410364562843,41.7943207660545,1.65116778476131));
#7484=CARTESIAN_POINT('Ctrl Pts',(25.9797814593218,41.8075181312607,1.70913035798999));
#7485=CARTESIAN_POINT('Ctrl Pts',(26.0156151757409,41.8197219921756,1.76904991213458));
#7486=CARTESIAN_POINT('Ctrl Pts',(26.0515852024683,41.8319722761862,1.8291973983421));
#7487=CARTESIAN_POINT('Ctrl Pts',(26.0846221833098,41.843221620479,1.89131760407634));
#7488=CARTESIAN_POINT('Ctrl Pts',(26.1145994279392,41.8534260021732,1.95516904281476));
#7489=CARTESIAN_POINT('Ctrl Pts',(26.1343858097391,41.8601613707746,1.99731397511159));
#7490=CARTESIAN_POINT('Ctrl Pts',(26.152838330181,41.8664412211918,2.0402137139609));
#7491=CARTESIAN_POINT('Ctrl Pts',(26.1699093814866,41.8722493754876,2.08380308719635));
#7492=CARTESIAN_POINT('Ctrl Pts',(26.1992886411783,41.8822452023602,2.15882034847405));
#7493=CARTESIAN_POINT('Ctrl Pts',(26.2244314100821,41.8907938658882,2.23550508754954));
#7494=CARTESIAN_POINT('Ctrl Pts',(26.2451474592204,41.8978334879938,2.31342235689316));
#7495=CARTESIAN_POINT('Ctrl Pts',(26.2656582995172,41.9048033770781,2.39056779409546));
#7496=CARTESIAN_POINT('Ctrl Pts',(26.2818300565963,41.9102940875897,2.46892242563396));
#7497=CARTESIAN_POINT('Ctrl Pts',(26.2934326756698,41.9142312529231,2.54808123234025));
#7498=CARTESIAN_POINT('Ctrl Pts',(26.3046716567871,41.9180450234654,2.62475912103073));
#7499=CARTESIAN_POINT('Ctrl Pts',(26.311623577342,41.9204011518493,2.7021924028407));
#7500=CARTESIAN_POINT('Ctrl Pts',(26.3140329056195,41.9212174476199,2.78001599344356));
#7501=CARTESIAN_POINT('Ctrl Pts',(26.3146660487966,41.9214319605621,2.80046711912388));
#7502=CARTESIAN_POINT('Ctrl Pts',(26.314985228039,41.9215400535971,2.82094517868324));
#7503=CARTESIAN_POINT('Ctrl Pts',(26.314985228039,41.9215400535971,2.8414434748346));
#7504=CARTESIAN_POINT('Ctrl Pts',(26.314985228039,41.9215400535971,2.8414434748346));
#7505=CARTESIAN_POINT('Ctrl Pts',(26.3221056225937,41.8988681271906,2.8414434748346));
#7506=CARTESIAN_POINT('Ctrl Pts',(26.3292263378977,41.8761951794915,2.8414434748346));
#7507=CARTESIAN_POINT('Ctrl Pts',(26.8105836190936,40.3435137008517,2.8414434748346));
#7508=CARTESIAN_POINT('Ctrl Pts',(27.2917469810459,38.2818577302732,2.8414434748346));
#7509=CARTESIAN_POINT('Ctrl Pts',(27.7837419471972,34.6546713647206,2.8414434748346));
#7510=CARTESIAN_POINT('Ctrl Pts',(27.9055389556456,32.6124779872181,2.8414434748346));
#7511=CARTESIAN_POINT('Ctrl Pts',(27.9501611179825,31.0724079926414,2.8414434748346));
#7512=CARTESIAN_POINT('Ctrl Pts',(27.9505806035392,31.0579300497258,2.8414434748346));
#7513=CARTESIAN_POINT('Ctrl Pts',(27.9510000794528,31.0434524396289,2.8414434748346));
#7514=CARTESIAN_POINT('Origin',(26.2476141072659,36.301477103167,2.84144347483459));
#7515=CARTESIAN_POINT('Ctrl Pts',(18.8783956329265,56.3755294042934,0.841443474834598));
#7516=CARTESIAN_POINT('Ctrl Pts',(18.8806476281037,56.3764413006225,0.841443474834598));
#7517=CARTESIAN_POINT('Ctrl Pts',(18.8828996213667,56.3773531963268,0.841448065512752));
#7518=CARTESIAN_POINT('Ctrl Pts',(18.8851515999173,56.3782650858188,0.84145724129636));
#7519=CARTESIAN_POINT('Ctrl Pts',(18.9501982438109,56.4046043025241,0.841722276648802));
#7520=CARTESIAN_POINT('Ctrl Pts',(19.0150330991193,56.4308523512047,0.845807297409544));
#7521=CARTESIAN_POINT('Ctrl Pts',(19.0794099536427,56.4569156914646,0.853535347306201));
#7522=CARTESIAN_POINT('Ctrl Pts',(19.1447834370127,56.483382522652,0.861383036435194));
#7523=CARTESIAN_POINT('Ctrl Pts',(19.2096854540931,56.5096592165103,0.872987615176662));
#7524=CARTESIAN_POINT('Ctrl Pts',(19.2738621645088,56.5356451507748,0.888218267060387));
#7525=CARTESIAN_POINT('Ctrl Pts',(19.3381279345204,56.5616671463579,0.90347005489349));
#7526=CARTESIAN_POINT('Ctrl Pts',(19.4016672404829,56.5873979110969,0.922358281201971));
#7527=CARTESIAN_POINT('Ctrl Pts',(19.4642164369175,56.6127286972832,0.944801950515404));
#7528=CARTESIAN_POINT('Ctrl Pts',(19.5118854621116,56.6320334038779,0.961906372297492));
#7529=CARTESIAN_POINT('Ctrl Pts',(19.5589793529092,56.6511056858399,0.981076858876656));
#7530=CARTESIAN_POINT('Ctrl Pts',(19.6053733156739,56.6698925626465,1.00229561418229));
#7531=CARTESIAN_POINT('Ctrl Pts',(19.6758512601153,56.6984320617731,1.03452942583427));
#7532=CARTESIAN_POINT('Ctrl Pts',(19.7443578671423,56.7261744104974,1.0713272274231));
#7533=CARTESIAN_POINT('Ctrl Pts',(19.8104124684968,56.7529245654512,1.1125058409025));
#7534=CARTESIAN_POINT('Ctrl Pts',(19.8753464202957,56.7792208905636,1.15298583848008));
#7535=CARTESIAN_POINT('Ctrl Pts',(19.9379117595315,56.8045587016498,1.19769973011087));
#7536=CARTESIAN_POINT('Ctrl Pts',(19.9976309030048,56.8287394023413,1.24651676942734));
#7537=CARTESIAN_POINT('Ctrl Pts',(20.0102816113438,56.8338617630131,1.25685801162285));
#7538=CARTESIAN_POINT('Ctrl Pts',(20.0228044936949,56.8389321411791,1.26738352467843));
#7539=CARTESIAN_POINT('Ctrl Pts',(20.0351948279247,56.8439485510366,1.27809229100816));
#7540=CARTESIAN_POINT('Ctrl Pts',(20.0924366127499,56.8671237332658,1.32756544375974));
#7541=CARTESIAN_POINT('Ctrl Pts',(20.1468520005255,56.8891483553651,1.38094792156143));
#7542=CARTESIAN_POINT('Ctrl Pts',(20.1982336886865,56.9099400784471,1.4378479421841));
#7543=CARTESIAN_POINT('Ctrl Pts',(20.2436306795304,56.928310079437,1.48812051608498));
#7544=CARTESIAN_POINT('Ctrl Pts',(20.286393657609,56.9456105227875,1.54084220475975));
#7545=CARTESIAN_POINT('Ctrl Pts',(20.3264733013973,56.9618253635273,1.59571898745936));
#7546=CARTESIAN_POINT('Ctrl Pts',(20.3671861871914,56.9782963921297,1.6514628009173));
#7547=CARTESIAN_POINT('Ctrl Pts',(20.4051307332885,56.9936474155045,1.70943107709506));
#7548=CARTESIAN_POINT('Ctrl Pts',(20.4402222668428,57.0078467977921,1.76935657985878));
#7549=CARTESIAN_POINT('Ctrl Pts',(20.4754418440803,57.022097991472,1.82950074169241));
#7550=CARTESIAN_POINT('Ctrl Pts',(20.5077879698252,57.0351892941606,1.89161726150355));
#7551=CARTESIAN_POINT('Ctrl Pts',(20.5371355657742,57.0470713690603,1.95546501409464));
#7552=CARTESIAN_POINT('Ctrl Pts',(20.5564916109494,57.0549081260789,1.99757544745485));
#7553=CARTESIAN_POINT('Ctrl Pts',(20.5745424805571,57.0622185122232,2.04043953770597));
#7554=CARTESIAN_POINT('Ctrl Pts',(20.5912415731028,57.0689836911093,2.08399234661785));
#7555=CARTESIAN_POINT('Ctrl Pts',(20.6200141026007,57.0806400915111,2.15903381822471));
#7556=CARTESIAN_POINT('Ctrl Pts',(20.6446308330977,57.0906212469158,2.23574397704456));
#7557=CARTESIAN_POINT('Ctrl Pts',(20.6649074212148,57.0988481366453,2.31368750529564));
#7558=CARTESIAN_POINT('Ctrl Pts',(20.6849820069224,57.1069930672434,2.39085453306127));
#7559=CARTESIAN_POINT('Ctrl Pts',(20.7008028434419,57.1134186828558,2.46923143957416));
#7560=CARTESIAN_POINT('Ctrl Pts',(20.7121473608699,57.1180293008905,2.54841286983867));
#7561=CARTESIAN_POINT('Ctrl Pts',(20.7231358694057,57.1224952304421,2.62510946163803));
#7562=CARTESIAN_POINT('Ctrl Pts',(20.7299247489927,57.1252583693624,2.70256170994801));
#7563=CARTESIAN_POINT('Ctrl Pts',(20.7322671859466,57.1262121321573,2.78040422977879));
#7564=CARTESIAN_POINT('Ctrl Pts',(20.7328787163291,57.1264611270879,2.8007262563126));
#7565=CARTESIAN_POINT('Ctrl Pts',(20.7331869484911,57.1265866929598,2.8210748620217));
#7566=CARTESIAN_POINT('Ctrl Pts',(20.7331869484911,57.1265866929598,2.84144347483459));
#7567=CARTESIAN_POINT('Ctrl Pts',(12.3156671011764,61.9779514011816,2.8414434748346));
#7568=CARTESIAN_POINT('Ctrl Pts',(12.3269769125462,61.9764352728205,2.8414434748346));
#7569=CARTESIAN_POINT('Ctrl Pts',(12.3382869116253,61.9749191192962,2.84144347483459));
#7570=CARTESIAN_POINT('Ctrl Pts',(13.16107349707,61.8646210748301,2.8414434748346));
#7571=CARTESIAN_POINT('Ctrl Pts',(14.3833491356086,61.6550157876324,2.8414434748346));
#7572=CARTESIAN_POINT('Ctrl Pts',(16.0855440618743,61.1669831305823,2.8414434748346));
#7573=CARTESIAN_POINT('Ctrl Pts',(17.3883366321796,60.6395676300446,2.8414434748346));
#7574=CARTESIAN_POINT('Ctrl Pts',(18.5777080553254,59.909884301706,2.8414434748346));
#7575=CARTESIAN_POINT('Ctrl Pts',(19.3763196830029,59.1799145927695,2.8414434748346));
#7576=CARTESIAN_POINT('Ctrl Pts',(20.0884606328205,58.3504715705653,2.8414434748346));
#7577=CARTESIAN_POINT('Ctrl Pts',(20.4706373750493,57.718211515742,2.8414434748346));
#7578=CARTESIAN_POINT('Ctrl Pts',(20.7064857862141,57.1867546459794,2.8414434748346));
#7579=CARTESIAN_POINT('Ctrl Pts',(20.719843211159,57.1566552477506,2.8414434748346));
#7580=CARTESIAN_POINT('Ctrl Pts',(20.7331869484911,57.1265866929598,2.8414434748346));
#7581=CARTESIAN_POINT('Ctrl Pts',(12.3156671011764,61.9779514011816,2.24304487415083));
#7582=CARTESIAN_POINT('Ctrl Pts',(12.3269769125462,61.9764352728205,2.24304487415083));
#7583=CARTESIAN_POINT('Ctrl Pts',(12.3382869116253,61.9749191192962,2.24304487415083));
#7584=CARTESIAN_POINT('Ctrl Pts',(13.16107349707,61.8646210748301,2.24304487415082));
#7585=CARTESIAN_POINT('Ctrl Pts',(14.3833491356086,61.6550157876324,2.24304487415083));
#7586=CARTESIAN_POINT('Ctrl Pts',(16.0855440618743,61.1669831305823,2.24304487415083));
#7587=CARTESIAN_POINT('Ctrl Pts',(17.3883366321796,60.6395676300446,2.24304487415083));
#7588=CARTESIAN_POINT('Ctrl Pts',(18.5777080553254,59.909884301706,2.24304487415083));
#7589=CARTESIAN_POINT('Ctrl Pts',(19.3763196830029,59.1799145927695,2.24304487415083));
#7590=CARTESIAN_POINT('Ctrl Pts',(20.0884606328205,58.3504715705653,2.24304487415083));
#7591=CARTESIAN_POINT('Ctrl Pts',(20.4706373750493,57.718211515742,2.24304487415083));
#7592=CARTESIAN_POINT('Ctrl Pts',(20.7064857862141,57.1867546459794,2.24304487415083));
#7593=CARTESIAN_POINT('Ctrl Pts',(20.719843211159,57.1566552477506,2.24304487415083));
#7594=CARTESIAN_POINT('Ctrl Pts',(20.7331869484911,57.1265866929598,2.24304487415083));
#7595=CARTESIAN_POINT('Ctrl Pts',(12.2489019865451,61.4799059375446,1.20733428311204));
#7596=CARTESIAN_POINT('Ctrl Pts',(12.260211797915,61.4783898091835,1.20733428311204));
#7597=CARTESIAN_POINT('Ctrl Pts',(12.2715217969942,61.4768736556591,1.20733428311201));
#7598=CARTESIAN_POINT('Ctrl Pts',(13.0806430163306,61.3680791799771,1.20733428311203));
#7599=CARTESIAN_POINT('Ctrl Pts',(14.2783832850411,61.1624224609798,1.20733428311204));
#7600=CARTESIAN_POINT('Ctrl Pts',(15.9241355389773,60.6900870662537,1.20733428311203));
#7601=CARTESIAN_POINT('Ctrl Pts',(17.1649409614005,60.1867851557771,1.20733428311203));
#7602=CARTESIAN_POINT('Ctrl Pts',(18.276938875603,59.503520735934,1.20733428311203));
#7603=CARTESIAN_POINT('Ctrl Pts',(19.0172056263044,58.826684432226,1.20733428311202));
#7604=CARTESIAN_POINT('Ctrl Pts',(19.6755669395763,58.0597105262295,1.20733428311202));
#7605=CARTESIAN_POINT('Ctrl Pts',(20.0281785302904,57.4763216844777,1.20733428311201));
#7606=CARTESIAN_POINT('Ctrl Pts',(20.2471812451161,56.982925789073,1.20733428311204));
#7607=CARTESIAN_POINT('Ctrl Pts',(20.260538670061,56.9528263908442,1.20733428311204));
#7608=CARTESIAN_POINT('Ctrl Pts',(20.273882407393,56.9227578360533,1.20733428311204));
#7609=CARTESIAN_POINT('Ctrl Pts',(12.1095656287578,60.4405032300237,0.8414434748346));
#7610=CARTESIAN_POINT('Ctrl Pts',(12.1208754401277,60.4389871016625,0.8414434748346));
#7611=CARTESIAN_POINT('Ctrl Pts',(12.132185439207,60.4374709481381,0.841443474834551));
#7612=CARTESIAN_POINT('Ctrl Pts',(12.9116467385997,60.3327621126496,0.8414434748346));
#7613=CARTESIAN_POINT('Ctrl Pts',(14.0593371378908,60.1343732021044,0.841443474834591));
#7614=CARTESIAN_POINT('Ctrl Pts',(15.5869131411884,59.6951184171667,0.841443474834591));
#7615=CARTESIAN_POINT('Ctrl Pts',(16.6982865886529,59.2422685615813,0.841443474834591));
#7616=CARTESIAN_POINT('Ctrl Pts',(17.6493553399313,58.6552961696117,0.841443474834582));
#7617=CARTESIAN_POINT('Ctrl Pts',(18.2676821434761,58.0895251979005,0.841443474834582));
#7618=CARTESIAN_POINT('Ctrl Pts',(18.8138178395938,57.4528681239348,0.841443474834568));
#7619=CARTESIAN_POINT('Ctrl Pts',(19.1051253412866,56.9709800552906,0.84144347483455));
#7620=CARTESIAN_POINT('Ctrl Pts',(19.2886294291678,56.5575424030014,0.841443474834599));
#7621=CARTESIAN_POINT('Ctrl Pts',(19.3019868541127,56.5274430047726,0.841443474834599));
#7622=CARTESIAN_POINT('Ctrl Pts',(19.3153305914448,56.4973744499818,0.841443474834599));
#7623=CARTESIAN_POINT('Ctrl Pts',(12.0499356249288,59.9956833107026,0.8414434748346));
#7624=CARTESIAN_POINT('Ctrl Pts',(12.0612454362986,59.9941671823415,0.8414434748346));
#7625=CARTESIAN_POINT('Ctrl Pts',(12.0725554353779,59.9926510288171,0.841443474834551));
#7626=CARTESIAN_POINT('Ctrl Pts',(12.83907693696,59.8898955583691,0.8414434748346));
#7627=CARTESIAN_POINT('Ctrl Pts',(13.9655977252312,59.6944066769972,0.841443474834591));
#7628=CARTESIAN_POINT('Ctrl Pts',(15.4425166664067,59.269378372241,0.841443474834591));
#7629=CARTESIAN_POINT('Ctrl Pts',(16.4984842654029,58.8381474827752,0.841443474834591));
#7630=CARTESIAN_POINT('Ctrl Pts',(17.380800364605,58.292258027157,0.841443474834582));
#7631=CARTESIAN_POINT('Ctrl Pts',(17.9469039675187,57.7740567178286,0.841443474834582));
#7632=CARTESIAN_POINT('Ctrl Pts',(18.4450141722934,57.1931580167828,0.841443474834573));
#7633=CARTESIAN_POINT('Ctrl Pts',(18.7101720346954,56.7546016502946,0.84144347483455));
#7634=CARTESIAN_POINT('Ctrl Pts',(18.8784102346729,56.375496500962,0.841443474834599));
#7635=CARTESIAN_POINT('Ctrl Pts',(18.8917676596178,56.3453971027332,0.841443474834599));
#7636=CARTESIAN_POINT('Ctrl Pts',(18.9051113969498,56.3153285479424,0.841443474834599));
#7637=CARTESIAN_POINT('Ctrl Pts',(12.0725556283424,59.9926510371556,0.841443474834564));
#7638=CARTESIAN_POINT('Ctrl Pts',(12.0729583521411,59.9959397659636,0.841443474892862));
#7639=CARTESIAN_POINT('Ctrl Pts',(12.0733610712298,59.9992284559917,0.84145202030686));
#7640=CARTESIAN_POINT('Ctrl Pts',(12.073763789416,60.0025171394938,0.841469097091299));
#7641=CARTESIAN_POINT('Ctrl Pts',(12.0822932587083,60.0721706240032,0.841830779065123));
#7642=CARTESIAN_POINT('Ctrl Pts',(12.0907935302416,60.1415902767292,0.846013783637253));
#7643=CARTESIAN_POINT('Ctrl Pts',(12.0992330754092,60.2105148439879,0.853841140497753));
#7644=CARTESIAN_POINT('Ctrl Pts',(12.107802509548,60.2805001960357,0.861788964434458));
#7645=CARTESIAN_POINT('Ctrl Pts',(12.1163094544164,60.3499759905905,0.873494372978993));
#7646=CARTESIAN_POINT('Ctrl Pts',(12.1247210670401,60.4186712015242,0.888826698891836));
#7647=CARTESIAN_POINT('Ctrl Pts',(12.133142443377,60.4874461498832,0.904176821681267));
#7648=CARTESIAN_POINT('Ctrl Pts',(12.1414683888519,60.5554396146719,0.923162583400305));
#7649=CARTESIAN_POINT('Ctrl Pts',(12.14966427079,60.622368513518,0.945703287887031));
#7650=CARTESIAN_POINT('Ctrl Pts',(12.1557759001876,60.6722770686713,0.962511781862936));
#7651=CARTESIAN_POINT('Ctrl Pts',(12.1618151825079,60.721593512587,0.981298100462297));
#7652=CARTESIAN_POINT('Ctrl Pts',(12.1677665338254,60.7701918339943,1.00204556398095));
#7653=CARTESIAN_POINT('Ctrl Pts',(12.1770132121121,60.8456995664987,1.03428112027484));
#7654=CARTESIAN_POINT('Ctrl Pts',(12.1860021588218,60.9190938236785,1.07108765821845));
#7655=CARTESIAN_POINT('Ctrl Pts',(12.1946690637574,60.9898593447144,1.11228090678221));
#7656=CARTESIAN_POINT('Ctrl Pts',(12.2031868880243,61.0594076179235,1.15276558439845));
#7657=CARTESIAN_POINT('Ctrl Pts',(12.211393773953,61.1264177509625,1.19748782822904));
#7658=CARTESIAN_POINT('Ctrl Pts',(12.2192251801202,61.1903764129802,1.24631616841383));
#7659=CARTESIAN_POINT('Ctrl Pts',(12.2208941238794,61.2040065845672,1.2567219310429));
#7660=CARTESIAN_POINT('Ctrl Pts',(12.2225459985359,61.2174980543461,1.26731431918494));
#7661=CARTESIAN_POINT('Ctrl Pts',(12.2241801504973,61.2308456462961,1.27809229100816));
#7662=CARTESIAN_POINT('Ctrl Pts',(12.2316613886793,61.2919516614589,1.32743444292));
#7663=CARTESIAN_POINT('Ctrl Pts',(12.2387715745002,61.3500450485942,1.3806642841311));
#7664=CARTESIAN_POINT('Ctrl Pts',(12.2454851221426,61.4049066484176,1.43739279022251));
#7665=CARTESIAN_POINT('Ctrl Pts',(12.2514327320648,61.4535091776379,1.48764923341428));
#7666=CARTESIAN_POINT('Ctrl Pts',(12.2570339419489,61.4992907815865,1.54035483466563));
#7667=CARTESIAN_POINT('Ctrl Pts',(12.2622837487362,61.5422003926364,1.59521516493609));
#7668=CARTESIAN_POINT('Ctrl Pts',(12.2676170905816,61.5857927825014,1.65094843416766));
#7669=CARTESIAN_POINT('Ctrl Pts',(12.2725878202058,61.6264215361787,1.7089062805696));
#7670=CARTESIAN_POINT('Ctrl Pts',(12.2771858897524,61.6639973549797,1.76882103397644));
#7671=CARTESIAN_POINT('Ctrl Pts',(12.2818017857335,61.7017188529326,1.82896807321867));
#7672=CARTESIAN_POINT('Ctrl Pts',(12.2860421858441,61.736364147759,1.891088043863));
#7673=CARTESIAN_POINT('Ctrl Pts',(12.2898912129767,61.7678002072195,1.95493932237363));
#7674=CARTESIAN_POINT('Ctrl Pts',(12.2924332418047,61.7885616533288,1.99710888498916));
#7675=CARTESIAN_POINT('Ctrl Pts',(12.2948044459601,61.8079224323229,2.04003417386886));
#7676=CARTESIAN_POINT('Ctrl Pts',(12.2969986968155,61.8258325888645,2.08364987447534));
#7677=CARTESIAN_POINT('Ctrl Pts',(12.3007736573934,61.8566449887879,2.1586857574343));
#7678=CARTESIAN_POINT('Ctrl Pts',(12.3040066306422,61.8830119304771,2.23539025673167));
#7679=CARTESIAN_POINT('Ctrl Pts',(12.3066719835143,61.904734857243,2.31332796853955));
#7680=CARTESIAN_POINT('Ctrl Pts',(12.3093110228617,61.9262433258123,2.39049624530329));
#7681=CARTESIAN_POINT('Ctrl Pts',(12.3113936467058,61.9431994071278,2.46887446690896));
#7682=CARTESIAN_POINT('Ctrl Pts',(12.3128886690474,61.9553631719744,2.54805716559365));
#7683=CARTESIAN_POINT('Ctrl Pts',(12.3143368719612,61.9671460057179,2.62476010960249));
#7684=CARTESIAN_POINT('Ctrl Pts',(12.3152337241416,61.9744321525486,2.70221876812067));
#7685=CARTESIAN_POINT('Ctrl Pts',(12.3155444185749,61.9769552789935,2.78006765088135));
#7686=CARTESIAN_POINT('Ctrl Pts',(12.3156259704267,61.9776175555324,2.80050162030808));
#7687=CARTESIAN_POINT('Ctrl Pts',(12.3156671011775,61.9779514011814,2.82096245527954));
#7688=CARTESIAN_POINT('Ctrl Pts',(12.3156671011775,61.9779514011814,2.84144347483459));
#7689=CARTESIAN_POINT('Ctrl Pts',(-27.0068214594471,58.7173444756882,2.8414434748346));
#7690=CARTESIAN_POINT('Ctrl Pts',(-26.4771455994474,59.9284507910568,2.84144347483459));
#7691=CARTESIAN_POINT('Ctrl Pts',(-25.3875078962465,61.7453828556541,2.84144347483459));
#7692=CARTESIAN_POINT('Ctrl Pts',(-23.0738755818877,63.6175625391661,2.84144347483459));
#7693=CARTESIAN_POINT('Ctrl Pts',(-21.4328423886597,64.3820627876022,2.84144347483459));
#7694=CARTESIAN_POINT('Ctrl Pts',(-20.0899224848935,64.7779662977021,2.84144347483459));
#7695=CARTESIAN_POINT('Ctrl Pts',(-18.7381575274413,65.0441135681994,2.84144347483459));
#7696=CARTESIAN_POINT('Ctrl Pts',(-17.081479146659,65.1645713513162,2.84144347483459));
#7697=CARTESIAN_POINT('Ctrl Pts',(-15.7841424120881,65.0927152149245,2.84144347483461));
#7698=CARTESIAN_POINT('Ctrl Pts',(-15.1464710682703,65.0232144849873,2.84144347483459));
#7699=CARTESIAN_POINT('Ctrl Pts',(-15.1455388327496,65.023112879278,2.84144347483459));
#7700=CARTESIAN_POINT('Ctrl Pts',(-15.1446066039829,65.0230112743049,2.84144347483459));
#7701=CARTESIAN_POINT('Ctrl Pts',(-27.0068214594471,58.7173444756882,2.24304487415083));
#7702=CARTESIAN_POINT('Ctrl Pts',(-26.4771455994474,59.9284507910568,2.24304487415083));
#7703=CARTESIAN_POINT('Ctrl Pts',(-25.3875078962465,61.7453828556541,2.24304487415083));
#7704=CARTESIAN_POINT('Ctrl Pts',(-23.0738755818877,63.6175625391661,2.24304487415083));
#7705=CARTESIAN_POINT('Ctrl Pts',(-21.4328423886597,64.3820627876022,2.24304487415083));
#7706=CARTESIAN_POINT('Ctrl Pts',(-20.0899224848935,64.7779662977021,2.24304487415083));
#7707=CARTESIAN_POINT('Ctrl Pts',(-18.7381575274413,65.0441135681994,2.24304487415083));
#7708=CARTESIAN_POINT('Ctrl Pts',(-17.081479146659,65.1645713513162,2.24304487415083));
#7709=CARTESIAN_POINT('Ctrl Pts',(-15.7841424120881,65.0927152149245,2.24304487415082));
#7710=CARTESIAN_POINT('Ctrl Pts',(-15.1464710682703,65.0232144849873,2.24304487415082));
#7711=CARTESIAN_POINT('Ctrl Pts',(-15.1455388327496,65.023112879278,2.24304487415082));
#7712=CARTESIAN_POINT('Ctrl Pts',(-15.1446066039829,65.0230112743049,2.24304487415082));
#7713=CARTESIAN_POINT('Ctrl Pts',(-26.546425897545,58.5159910419756,1.20733477774666));
#7714=CARTESIAN_POINT('Ctrl Pts',(-26.0358167760522,59.6819853454062,1.20733477774666));
#7715=CARTESIAN_POINT('Ctrl Pts',(-24.9909442982051,61.4191635513207,1.20733477774666));
#7716=CARTESIAN_POINT('Ctrl Pts',(-22.8067162497227,63.1847182348295,1.20733477774666));
#7717=CARTESIAN_POINT('Ctrl Pts',(-21.2515670047041,63.9108332213679,1.20733477774666));
#7718=CARTESIAN_POINT('Ctrl Pts',(-19.9708723006156,64.2886455204396,1.20733477774666));
#7719=CARTESIAN_POINT('Ctrl Pts',(-18.6758179725696,64.5438812406777,1.20733477774667));
#7720=CARTESIAN_POINT('Ctrl Pts',(-17.0790499224188,64.6604689195864,1.20733477774667));
#7721=CARTESIAN_POINT('Ctrl Pts',(-15.8204678003298,64.5912121763623,1.20733477774669));
#7722=CARTESIAN_POINT('Ctrl Pts',(-15.2009169574344,64.5236717702571,1.20733477774666));
#7723=CARTESIAN_POINT('Ctrl Pts',(-15.1999847219137,64.5235701645477,1.20733477774666));
#7724=CARTESIAN_POINT('Ctrl Pts',(-15.199052493147,64.5234685595746,1.20733477774666));
#7725=CARTESIAN_POINT('Ctrl Pts',(-25.5855983269434,58.0957742837012,0.841443474834596));
#7726=CARTESIAN_POINT('Ctrl Pts',(-25.1138148833243,59.1734998660321,0.841443474834596));
#7727=CARTESIAN_POINT('Ctrl Pts',(-24.163342605243,60.7381462717087,0.841443474834596));
#7728=CARTESIAN_POINT('Ctrl Pts',(-22.2489110699678,62.2832085100297,0.841443474834604));
#7729=CARTESIAN_POINT('Ctrl Pts',(-20.8733196014123,62.928200373478,0.841443474834604));
#7730=CARTESIAN_POINT('Ctrl Pts',(-19.7218698281938,63.268076082505,0.841443474834618));
#7731=CARTESIAN_POINT('Ctrl Pts',(-18.5457862141766,63.500346797682,0.841443474834618));
#7732=CARTESIAN_POINT('Ctrl Pts',(-17.0735615782816,63.6088081508937,0.841443474834612));
#7733=CARTESIAN_POINT('Ctrl Pts',(-15.8964398662706,63.5445771238044,0.841443474834643));
#7734=CARTESIAN_POINT('Ctrl Pts',(-15.314543403351,63.4811456194334,0.841443474834594));
#7735=CARTESIAN_POINT('Ctrl Pts',(-15.3136111678303,63.4810440137241,0.841443474834594));
#7736=CARTESIAN_POINT('Ctrl Pts',(-15.3126789390636,63.480942408751,0.841443474834594));
#7737=CARTESIAN_POINT('Ctrl Pts',(-25.1744050451164,57.9159394067676,0.841443474834596));
#7738=CARTESIAN_POINT('Ctrl Pts',(-24.7190286956174,58.957159546096,0.841443474834596));
#7739=CARTESIAN_POINT('Ctrl Pts',(-23.8091667145832,60.4466544450437,0.841443474834596));
#7740=CARTESIAN_POINT('Ctrl Pts',(-22.0101393225475,61.8977937716033,0.841443474834604));
#7741=CARTESIAN_POINT('Ctrl Pts',(-20.711460347946,62.5078492266075,0.841443474834604));
#7742=CARTESIAN_POINT('Ctrl Pts',(-19.6151886978735,62.8314506048454,0.841443474834618));
#7743=CARTESIAN_POINT('Ctrl Pts',(-18.4901529476843,63.0538515790504,0.841443474834618));
#7744=CARTESIAN_POINT('Ctrl Pts',(-17.0711223656059,63.1588245031315,0.841443474834612));
#7745=CARTESIAN_POINT('Ctrl Pts',(-15.9289877559077,63.0966580526477,0.841443474834643));
#7746=CARTESIAN_POINT('Ctrl Pts',(-15.363170683238,63.0349888245371,0.841443474834594));
#7747=CARTESIAN_POINT('Ctrl Pts',(-15.3622384477173,63.0348872188277,0.841443474834594));
#7748=CARTESIAN_POINT('Ctrl Pts',(-15.3613062189506,63.0347856138546,0.841443474834594));
#7749=CARTESIAN_POINT('Ctrl Pts',(-15.1446066039829,65.0230112743049,2.84144347483459));
#7750=CARTESIAN_POINT('Ctrl Pts',(-15.1446509866645,65.0230161958845,2.76664364994246));
#7751=CARTESIAN_POINT('Ctrl Pts',(-15.1451499441399,65.018844783199,2.69182314526515));
#7752=CARTESIAN_POINT('Ctrl Pts',(-15.1461015336317,65.010518346696,2.61746126719553));
#7753=CARTESIAN_POINT('Ctrl Pts',(-15.1470328308226,65.0023694684336,2.54468512922377));
#7754=CARTESIAN_POINT('Ctrl Pts',(-15.1483976362917,64.9902411123694,2.47234868169461));
#7755=CARTESIAN_POINT('Ctrl Pts',(-15.1501883501408,64.9742053673667,2.40089619660668));
#7756=CARTESIAN_POINT('Ctrl Pts',(-15.1519788993332,64.9581710968559,2.32945028159817));
#7757=CARTESIAN_POINT('Ctrl Pts',(-15.1541952685858,64.9382302461114,2.25888857810078));
#7758=CARTESIAN_POINT('Ctrl Pts',(-15.1568242506286,64.9145054701529,2.1896439875661));
#7759=CARTESIAN_POINT('Ctrl Pts',(-15.1594533966668,64.8907792142474,2.12039507756718));
#7760=CARTESIAN_POINT('Ctrl Pts',(-15.1624951914324,64.8632687011878,2.05246384207274));
#7761=CARTESIAN_POINT('Ctrl Pts',(-15.1659310063047,64.8321454762634,1.98626594019814));
#7762=CARTESIAN_POINT('Ctrl Pts',(-15.1694980429811,64.7998335826032,1.91753978565935));
#7763=CARTESIAN_POINT('Ctrl Pts',(-15.1734897834951,64.763627644299,1.85068248336624));
#7764=CARTESIAN_POINT('Ctrl Pts',(-15.1778795203495,64.7237724845676,1.78613271617894));
#7765=CARTESIAN_POINT('Ctrl Pts',(-15.1821120576597,64.6853445659565,1.72389452126105));
#7766=CARTESIAN_POINT('Ctrl Pts',(-15.1867145385826,64.6435246321146,1.66380173852749));
#7767=CARTESIAN_POINT('Ctrl Pts',(-15.1916581348737,64.5985762191026,1.60621824389988));
#7768=CARTESIAN_POINT('Ctrl Pts',(-15.196603721527,64.5536097092207,1.548611565339));
#7769=CARTESIAN_POINT('Ctrl Pts',(-15.2018906675686,64.5055124774709,1.49351651276869));
#7770=CARTESIAN_POINT('Ctrl Pts',(-15.2074857391998,64.4545877933986,1.44126350941045));
#7771=CARTESIAN_POINT('Ctrl Pts',(-15.2130858850972,64.4036169248588,1.38896311690925));
#7772=CARTESIAN_POINT('Ctrl Pts',(-15.2189946811372,64.3498137850643,1.33951021321617));
#7773=CARTESIAN_POINT('Ctrl Pts',(-15.2251749154108,64.2935175277752,1.29319766700987));
#7774=CARTESIAN_POINT('Ctrl Pts',(-15.225852060024,64.2873493623491,1.28812337859248));
#7775=CARTESIAN_POINT('Ctrl Pts',(-15.2265324596576,64.281151299485,1.28308674898636));
#7776=CARTESIAN_POINT('Ctrl Pts',(-15.2272160628194,64.2749238082427,1.27808813321842));
#7777=CARTESIAN_POINT('Ctrl Pts',(-15.2332776631976,64.2197038131067,1.23376474075527));
#7778=CARTESIAN_POINT('Ctrl Pts',(-15.2396023200661,64.1620690878952,1.19235471460455));
#7779=CARTESIAN_POINT('Ctrl Pts',(-15.2461540762337,64.1023505735718,1.15412376848339));
#7780=CARTESIAN_POINT('Ctrl Pts',(-15.2526995959877,64.0426889034511,1.11592921321479));
#7781=CARTESIAN_POINT('Ctrl Pts',(-15.2594717425726,63.9809477730721,1.08090797333671));
#7782=CARTESIAN_POINT('Ctrl Pts',(-15.266431207697,63.9174883244765,1.04928350795247));
#7783=CARTESIAN_POINT('Ctrl Pts',(-15.2733860531881,63.8540709997182,1.01768003461687));
#7784=CARTESIAN_POINT('Ctrl Pts',(-15.2805279243257,63.7889380366459,0.989469059015491));
#7785=CARTESIAN_POINT('Ctrl Pts',(-15.2878147751024,63.7224752527003,0.96482826072936));
#7786=CARTESIAN_POINT('Ctrl Pts',(-15.2951002764412,63.6560247768702,0.940192025625401));
#7787=CARTESIAN_POINT('Ctrl Pts',(-15.3025306563674,63.5882453997438,0.919124820709176));
#7788=CARTESIAN_POINT('Ctrl Pts',(-15.3100617641448,63.5195419154618,0.901755838077417));
#7789=CARTESIAN_POINT('Ctrl Pts',(-15.3175920097239,63.4508462966937,0.88438884393249));
#7790=CARTESIAN_POINT('Ctrl Pts',(-15.3252229104636,63.3812272298971,0.870719337438923));
#7791=CARTESIAN_POINT('Ctrl Pts',(-15.3329089312847,63.3111019909036,0.860825926907953));
#7792=CARTESIAN_POINT('Ctrl Pts',(-15.3405985870616,63.2409435875256,0.850927837478556));
#7793=CARTESIAN_POINT('Ctrl Pts',(-15.3483433642033,63.170278991767,0.844809467856697));
#7794=CARTESIAN_POINT('Ctrl Pts',(-15.356097016901,63.0995318982257,0.842497712246733));
#7795=CARTESIAN_POINT('Ctrl Pts',(-15.3584545219764,63.078021180814,0.841794820874642));
#7796=CARTESIAN_POINT('Ctrl Pts',(-15.360812845979,63.0565028510798,0.841443474834626));
#7797=CARTESIAN_POINT('Ctrl Pts',(-15.363170688272,63.0349888250857,0.841443474834593));
#7798=CARTESIAN_POINT('Ctrl Pts',(-25.1744050451164,57.915939406768,0.841443474834596));
#7799=CARTESIAN_POINT('Ctrl Pts',(-25.1774294230462,57.9173002985914,0.841443474834596));
#7800=CARTESIAN_POINT('Ctrl Pts',(-25.1804537933904,57.9186611947241,0.841452036763904));
#7801=CARTESIAN_POINT('Ctrl Pts',(-25.1834781237194,57.9200220807582,0.841469146428891));
#7802=CARTESIAN_POINT('Ctrl Pts',(-25.2474798263462,57.9488215218875,0.841831225822165));
#7803=CARTESIAN_POINT('Ctrl Pts',(-25.3112652009185,57.9775271663193,0.846015669091739));
#7804=CARTESIAN_POINT('Ctrl Pts',(-25.3745942165501,58.0060309608168,0.853845482570001));
#7805=CARTESIAN_POINT('Ctrl Pts',(-25.43889677505,58.0349729378057,0.861795662028938));
#7806=CARTESIAN_POINT('Ctrl Pts',(-25.5027296538982,58.0637071680521,0.873504344428593));
#7807=CARTESIAN_POINT('Ctrl Pts',(-25.5658439715972,58.0921211926423,0.888840844005594));
#7808=CARTESIAN_POINT('Ctrl Pts',(-25.6290299557595,58.1205674814275,0.904194758215656));
#7809=CARTESIAN_POINT('Ctrl Pts',(-25.6914965904613,58.1486932050011,0.923185030110153));
#7810=CARTESIAN_POINT('Ctrl Pts',(-25.7529839681251,58.1763806991783,0.945730946083248));
#7811=CARTESIAN_POINT('Ctrl Pts',(-25.7988000335145,58.1970114707593,0.962530575531366));
#7812=CARTESIAN_POINT('Ctrl Pts',(-25.8440722624165,58.2173988626381,0.98130542163984));
#7813=CARTESIAN_POINT('Ctrl Pts',(-25.8886852049905,58.2374906024636,1.00203882693745));
#7814=CARTESIAN_POINT('Ctrl Pts',(-25.9580436991721,58.2687266684881,1.0342724723267));
#7815=CARTESIAN_POINT('Ctrl Pts',(-26.0254600418368,58.2990905329035,1.0710767025033));
#7816=CARTESIAN_POINT('Ctrl Pts',(-26.0904606194388,58.3283696623854,1.11226722497098));
#7817=CARTESIAN_POINT('Ctrl Pts',(-26.15434384615,58.3571454877027,1.15274968808486));
#7818=CARTESIAN_POINT('Ctrl Pts',(-26.2158945167198,58.3848739244123,1.19746941051955));
#7819=CARTESIAN_POINT('Ctrl Pts',(-26.2746407232143,58.4113431710499,1.24629489626836));
#7820=CARTESIAN_POINT('Ctrl Pts',(-26.2871691280329,58.4169880876651,1.25670757629369));
#7821=CARTESIAN_POINT('Ctrl Pts',(-26.2995698736675,58.4225756863591,1.26730713673552));
#7822=CARTESIAN_POINT('Ctrl Pts',(-26.3118381907174,58.4281038274155,1.27809253327818));
#7823=CARTESIAN_POINT('Ctrl Pts',(-26.3679601714961,58.4533925630138,1.32743082597109));
#7824=CARTESIAN_POINT('Ctrl Pts',(-26.4213135240851,58.4774382102028,1.3806561293089));
#7825=CARTESIAN_POINT('Ctrl Pts',(-26.4716979885204,58.5001483278706,1.43737948911453));
#7826=CARTESIAN_POINT('Ctrl Pts',(-26.5163352469851,58.5202679699759,1.48763258401215));
#7827=CARTESIAN_POINT('Ctrl Pts',(-26.5583807564721,58.5392221434346,1.54033452827161));
#7828=CARTESIAN_POINT('Ctrl Pts',(-26.5977884797814,58.5569882315818,1.59519093943134));
#7829=CARTESIAN_POINT('Ctrl Pts',(-26.6378232943179,58.5750370297432,1.65092027526944));
#7830=CARTESIAN_POINT('Ctrl Pts',(-26.6751361506423,58.5918598247122,1.70887392146746));
#7831=CARTESIAN_POINT('Ctrl Pts',(-26.7096456644757,58.6074185877554,1.76878425609821));
#7832=CARTESIAN_POINT('Ctrl Pts',(-26.7442892117623,58.6230377803588,1.8289272798671));
#7833=CARTESIAN_POINT('Ctrl Pts',(-26.7761080137353,58.6373832847258,1.89104304219862));
#7834=CARTESIAN_POINT('Ctrl Pts',(-26.804980210719,58.6503995102325,1.95488996538965));
#7835=CARTESIAN_POINT('Ctrl Pts',(-26.8240551738074,58.6589989258305,1.99707164293454));
#7836=CARTESIAN_POINT('Ctrl Pts',(-26.8418431737274,58.6670177784895,2.04000951996087));
#7837=CARTESIAN_POINT('Ctrl Pts',(-26.8582982884104,58.6744353633444,2.08363822685546));
#7838=CARTESIAN_POINT('Ctrl Pts',(-26.8865992387313,58.6871927767398,2.158674705797));
#7839=CARTESIAN_POINT('Ctrl Pts',(-26.9108180402225,58.6981084886313,2.23537988923494));
#7840=CARTESIAN_POINT('Ctrl Pts',(-26.9307720255182,58.707100433117,2.31331834850306));
#7841=CARTESIAN_POINT('Ctrl Pts',(-26.9505291296747,58.7160036562646,2.39048780787342));
#7842=CARTESIAN_POINT('Ctrl Pts',(-26.9661055185906,58.7230210416859,2.46886728795247));
#7843=CARTESIAN_POINT('Ctrl Pts',(-26.9772800776733,58.7280542540537,2.54805128818935));
#7844=CARTESIAN_POINT('Ctrl Pts',(-26.9881047901774,58.732929889544,2.62475624192757));
#7845=CARTESIAN_POINT('Ctrl Pts',(-26.9947991345103,58.7359437137772,2.70221696531871));
#7846=CARTESIAN_POINT('Ctrl Pts',(-26.9971173510722,58.7369872274526,2.78006792700302));
#7847=CARTESIAN_POINT('Ctrl Pts',(-26.9977258233852,58.7372611229937,2.80050180513936));
#7848=CARTESIAN_POINT('Ctrl Pts',(-26.9980325590646,58.7373991702911,2.82096254811104));
#7849=CARTESIAN_POINT('Ctrl Pts',(-26.9980325590646,58.7373991702911,2.8414434748346));
#7850=CARTESIAN_POINT('Origin',(-36.7018597195686,33.0035589654115,2.8414434748346));
#7851=CARTESIAN_POINT('Ctrl Pts',(-30.9427693097969,45.4497281620138,0.841443474834597));
#7852=CARTESIAN_POINT('Ctrl Pts',(-30.9449299471584,45.4508140115959,0.841443474834597));
#7853=CARTESIAN_POINT('Ctrl Pts',(-30.9470906086452,45.4518998648565,0.841447855822556));
#7854=CARTESIAN_POINT('Ctrl Pts',(-30.9492512852081,45.452985717197,0.841456618066231));
#7855=CARTESIAN_POINT('Ctrl Pts',(-31.015282376083,45.4861697743589,0.84172439553846));
#7856=CARTESIAN_POINT('Ctrl Pts',(-31.0811492290869,45.5192639697553,0.846082581218637));
#7857=CARTESIAN_POINT('Ctrl Pts',(-31.1465680265187,45.5521243521857,0.854477176917027));
#7858=CARTESIAN_POINT('Ctrl Pts',(-31.2129581527654,45.5854726408078,0.862996414354659));
#7859=CARTESIAN_POINT('Ctrl Pts',(-31.2788856787688,45.6185796635281,0.875674357380979));
#7860=CARTESIAN_POINT('Ctrl Pts',(-31.3440157016859,45.6512784231605,0.892447150078295));
#7861=CARTESIAN_POINT('Ctrl Pts',(-31.4090381352075,45.6839231671543,0.909192235513347));
#7862=CARTESIAN_POINT('Ctrl Pts',(-31.4732642284564,45.7161603883314,0.930019121272603));
#7863=CARTESIAN_POINT('Ctrl Pts',(-31.5363430198331,45.7478157929576,0.954841730846383));
#7864=CARTESIAN_POINT('Ctrl Pts',(-31.5729058588603,45.7661644556131,0.969229848599943));
#7865=CARTESIAN_POINT('Ctrl Pts',(-31.6090830208311,45.7843175397386,0.984959947223504));
#7866=CARTESIAN_POINT('Ctrl Pts',(-31.6448063407822,45.8022410520056,1.0020117382788));
#7867=CARTESIAN_POINT('Ctrl Pts',(-31.7066351041156,45.8332624856119,1.03152442508981));
#7868=CARTESIAN_POINT('Ctrl Pts',(-31.7667617703466,45.8634240646219,1.06483305189317));
#7869=CARTESIAN_POINT('Ctrl Pts',(-31.8249101999979,45.8925853892924,1.10170351313408));
#7870=CARTESIAN_POINT('Ctrl Pts',(-31.8825283387527,45.9214807741069,1.13823773021384));
#7871=CARTESIAN_POINT('Ctrl Pts',(-31.9382042524449,45.9493941803322,1.17826709513869));
#7872=CARTESIAN_POINT('Ctrl Pts',(-31.9917154591954,45.9762093818662,1.22159110720055));
#7873=CARTESIAN_POINT('Ctrl Pts',(-32.0142768133559,45.9875151866766,1.23985734410943));
#7874=CARTESIAN_POINT('Ctrl Pts',(-32.0364539167885,45.9986260093512,1.25870975844173));
#7875=CARTESIAN_POINT('Ctrl Pts',(-32.0582323050887,46.0095340611713,1.27813620443027));
#7876=CARTESIAN_POINT('Ctrl Pts',(-32.1104426990047,46.0356844665425,1.32470817217481));
#7877=CARTESIAN_POINT('Ctrl Pts',(-32.1603689874344,46.0606731336965,1.37458234751186));
#7878=CARTESIAN_POINT('Ctrl Pts',(-32.2077979311993,46.0844022138233,1.42762066464263));
#7879=CARTESIAN_POINT('Ctrl Pts',(-32.2105454766631,46.0857768328067,1.4306931595387));
#7880=CARTESIAN_POINT('Ctrl Pts',(-32.2132846197259,46.0871472139242,1.43377626415605));
#7881=CARTESIAN_POINT('Ctrl Pts',(-32.2160153112397,46.0885133342748,1.43686994808024));
#7882=CARTESIAN_POINT('Ctrl Pts',(-32.262603534384,46.1118206611613,1.48965117081208));
#7883=CARTESIAN_POINT('Ctrl Pts',(-32.3064841440865,46.1337636747099,1.54523037776504));
#7884=CARTESIAN_POINT('Ctrl Pts',(-32.3474758476014,46.154260318631,1.60334630633977));
#7885=CARTESIAN_POINT('Ctrl Pts',(-32.3890306939109,46.1750385448322,1.66226062979985));
#7886=CARTESIAN_POINT('Ctrl Pts',(-32.4276150467353,46.194329655714,1.7237821071816));
#7887=CARTESIAN_POINT('Ctrl Pts',(-32.4630200611046,46.2120357711431,1.787603813559));
#7888=CARTESIAN_POINT('Ctrl Pts',(-32.4983625772804,46.2297106311062,1.85131285958522));
#7889=CARTESIAN_POINT('Ctrl Pts',(-32.5305357188095,46.245805541332,1.91731332326101));
#7890=CARTESIAN_POINT('Ctrl Pts',(-32.5593342819214,46.2602206612475,1.98526914982882));
#7891=CARTESIAN_POINT('Ctrl Pts',(-32.5728897533634,46.2670058520776,2.01725592857096));
#7892=CARTESIAN_POINT('Ctrl Pts',(-32.585697716173,46.2734188885413,2.0496755566886));
#7893=CARTESIAN_POINT('Ctrl Pts',(-32.5977379241546,46.2794495778377,2.08249155401221));
#7894=CARTESIAN_POINT('Ctrl Pts',(-32.6234102067815,46.2923082892726,2.15246223552028));
#7895=CARTESIAN_POINT('Ctrl Pts',(-32.6454496436483,46.3033575090538,2.22384883292283));
#7896=CARTESIAN_POINT('Ctrl Pts',(-32.6637948269035,46.3125642611079,2.29625947988081));
#7897=CARTESIAN_POINT('Ctrl Pts',(-32.6820184729748,46.3217100182566,2.36819040494227));
#7898=CARTESIAN_POINT('Ctrl Pts',(-32.6965978672042,46.3290382299943,2.44113056829362));
#7899=CARTESIAN_POINT('Ctrl Pts',(-32.7074909517944,46.3345208007276,2.51474355733268));
#7900=CARTESIAN_POINT('Ctrl Pts',(-32.7180755555701,46.3398481107658,2.58627190316317));
#7901=CARTESIAN_POINT('Ctrl Pts',(-32.7251814520329,46.3434336660085,2.65843502028428));
#7902=CARTESIAN_POINT('Ctrl Pts',(-32.7287649886871,46.345245130194,2.73098218411631));
#7903=CARTESIAN_POINT('Ctrl Pts',(-32.7305792910937,46.3461622531785,2.7677119588161));
#7904=CARTESIAN_POINT('Ctrl Pts',(-32.7314904778272,46.3466244487196,2.80454116067735));
#7905=CARTESIAN_POINT('Ctrl Pts',(-32.7314899021215,46.3466256928971,2.84144347483459));
#7906=CARTESIAN_POINT('Ctrl Pts',(-35.069706688419,34.9360725563925,2.8414434748346));
#7907=CARTESIAN_POINT('Ctrl Pts',(-35.1112711325912,36.5632641186648,2.8414434748346));
#7908=CARTESIAN_POINT('Ctrl Pts',(-35.0406578019751,39.3051981582242,2.84144347483459));
#7909=CARTESIAN_POINT('Ctrl Pts',(-34.1761316753488,43.2700618791788,2.8414434748346));
#7910=CARTESIAN_POINT('Ctrl Pts',(-33.2501457545576,45.3929620768642,2.84144347483459));
#7911=CARTESIAN_POINT('Ctrl Pts',(-32.6998434097233,46.4050765839876,2.84144347483459));
#7912=CARTESIAN_POINT('Ctrl Pts',(-35.069706688419,34.9360725563925,2.24304487415082));
#7913=CARTESIAN_POINT('Ctrl Pts',(-35.11127806409,36.5635354774314,2.24304487415082));
#7914=CARTESIAN_POINT('Ctrl Pts',(-35.0410508465404,39.3041977755532,2.24304487415082));
#7915=CARTESIAN_POINT('Ctrl Pts',(-34.1762947262177,43.2702514362354,2.24304487415082));
#7916=CARTESIAN_POINT('Ctrl Pts',(-33.2503361051193,45.3926119846527,2.24304487415082));
#7917=CARTESIAN_POINT('Ctrl Pts',(-32.6998434097233,46.4050765839876,2.24304487415082));
#7918=CARTESIAN_POINT('Ctrl Pts',(-34.5678921586681,34.9488907411043,1.20692714261141));
#7919=CARTESIAN_POINT('Ctrl Pts',(-34.6089196498436,36.555061322516,1.20692714261141));
#7920=CARTESIAN_POINT('Ctrl Pts',(-34.5372182091677,39.2574387151847,1.20692714261139));
#7921=CARTESIAN_POINT('Ctrl Pts',(-33.6952889660216,43.1137535781013,1.20692714261141));
#7922=CARTESIAN_POINT('Ctrl Pts',(-32.7943936662671,45.1803001468354,1.20692714261139));
#7923=CARTESIAN_POINT('Ctrl Pts',(-32.2588369497518,46.1652945363029,1.20692714261139));
#7924=CARTESIAN_POINT('Ctrl Pts',(-33.5190114545313,34.9756830036019,0.841443474834599));
#7925=CARTESIAN_POINT('Ctrl Pts',(-33.5589215116458,36.5381075585293,0.841443474834599));
#7926=CARTESIAN_POINT('Ctrl Pts',(-33.4852182464742,39.1569070057631,0.841443474834586));
#7927=CARTESIAN_POINT('Ctrl Pts',(-32.6903581390049,42.7871755017269,0.841443474834599));
#7928=CARTESIAN_POINT('Ctrl Pts',(-31.8419259220616,44.735552183419,0.841443474834586));
#7929=CARTESIAN_POINT('Ctrl Pts',(-31.337055815807,45.6641078465918,0.841443474834586));
#7930=CARTESIAN_POINT('Ctrl Pts',(-33.0703588483691,34.9871432376849,0.841443474834599));
#7931=CARTESIAN_POINT('Ctrl Pts',(-33.1097917867087,36.5308892403027,0.841443474834599));
#7932=CARTESIAN_POINT('Ctrl Pts',(-33.0352799984576,39.1137814485989,0.841443474834586));
#7933=CARTESIAN_POINT('Ctrl Pts',(-32.2605249989716,42.6475070736292,0.841443474834599));
#7934=CARTESIAN_POINT('Ctrl Pts',(-31.4345369356429,44.5452705435346,0.841443474834586));
#7935=CARTESIAN_POINT('Ctrl Pts',(-30.9427693097969,45.4497281620138,0.841443474834586));
#7936=CARTESIAN_POINT('Ctrl Pts',(-33.0703588483691,34.987143237685,0.841443474834596));
#7937=CARTESIAN_POINT('Ctrl Pts',(-33.0734884652193,34.9871032732531,0.841443474834596));
#7938=CARTESIAN_POINT('Ctrl Pts',(-33.0766181200174,34.9870633103493,0.841450820704863));
#7939=CARTESIAN_POINT('Ctrl Pts',(-33.0797477907029,34.9870233492143,0.841465513015554));
#7940=CARTESIAN_POINT('Ctrl Pts',(-33.1536168364559,34.9860801538423,0.841812292942168));
#7941=CARTESIAN_POINT('Ctrl Pts',(-33.2272950856744,34.985140423742,0.846250125775727));
#7942=CARTESIAN_POINT('Ctrl Pts',(-33.3004638302524,34.9842086117231,0.854724647895946));
#7943=CARTESIAN_POINT('Ctrl Pts',(-33.3747185260237,34.9832629699961,0.863324946636528));
#7944=CARTESIAN_POINT('Ctrl Pts',(-33.4484472486045,34.9823254586997,0.876084177183514));
#7945=CARTESIAN_POINT('Ctrl Pts',(-33.5212755442838,34.9814005089997,0.892937859408933));
#7946=CARTESIAN_POINT('Ctrl Pts',(-33.593985642374,34.9804770604584,0.909764188740957));
#7947=CARTESIAN_POINT('Ctrl Pts',(-33.6657966453098,34.9795661075646,0.930672146475219));
#7948=CARTESIAN_POINT('Ctrl Pts',(-33.7363167768347,34.9786722140613,0.955574964700949));
#7949=CARTESIAN_POINT('Ctrl Pts',(-33.7763267637025,34.9781650586355,0.969703716429503));
#7950=CARTESIAN_POINT('Ctrl Pts',(-33.815921019533,34.9776633993574,0.98511789551912));
#7951=CARTESIAN_POINT('Ctrl Pts',(-33.8550281649904,34.9771681390701,1.00179838309731));
#7952=CARTESIAN_POINT('Ctrl Pts',(-33.9241841072491,34.9762923351363,1.03129567374113));
#7953=CARTESIAN_POINT('Ctrl Pts',(-33.9914334636356,34.9754413667537,1.06458972904126));
#7954=CARTESIAN_POINT('Ctrl Pts',(-34.0564665617738,34.9746200731936,1.10144589507657));
#7955=CARTESIAN_POINT('Ctrl Pts',(-34.1209199747711,34.973806100393,1.1379735365235));
#7956=CARTESIAN_POINT('Ctrl Pts',(-34.1831965956787,34.9730212511683,1.17799804787719));
#7957=CARTESIAN_POINT('Ctrl Pts',(-34.2430455895804,34.9722706444469,1.22131823060586));
#7958=CARTESIAN_POINT('Ctrl Pts',(-34.2683989206261,34.9719526711703,1.23966959897619));
#7959=CARTESIAN_POINT('Ctrl Pts',(-34.2933172103479,34.9716408500608,1.2586129080008));
#7960=CARTESIAN_POINT('Ctrl Pts',(-34.3177838301304,34.9713356090106,1.2781357908268));
#7961=CARTESIAN_POINT('Ctrl Pts',(-34.3761485721125,34.9706074612202,1.3247073249831));
#7962=CARTESIAN_POINT('Ctrl Pts',(-34.4319513500112,34.9699166854618,1.37458003707166));
#7963=CARTESIAN_POINT('Ctrl Pts',(-34.4849580422633,34.9692632645109,1.42761564916634));
#7964=CARTESIAN_POINT('Ctrl Pts',(-34.487906400256,34.9692269196872,1.43056561574927));
#7965=CARTESIAN_POINT('Ctrl Pts',(-34.4908460852101,34.9691906907068,1.43352535987876));
#7966=CARTESIAN_POINT('Ctrl Pts',(-34.493777049223,34.9691545776653,1.43649485460756));
#7967=CARTESIAN_POINT('Ctrl Pts',(-34.5458563029695,34.9685128979172,1.48925874689685));
#7968=CARTESIAN_POINT('Ctrl Pts',(-34.594905446702,34.9679112418322,1.54481998194057));
#7969=CARTESIAN_POINT('Ctrl Pts',(-34.6407259487231,34.9673493202333,1.60291726593717));
#7970=CARTESIAN_POINT('Ctrl Pts',(-34.6871822437078,34.9667796015614,1.66182069222257));
#7971=CARTESIAN_POINT('Ctrl Pts',(-34.7303178517298,34.9662507139866,1.72333129315289));
#7972=CARTESIAN_POINT('Ctrl Pts',(-34.7699024278364,34.965763388706,1.78714198973107));
#7973=CARTESIAN_POINT('Ctrl Pts',(-34.8094264174604,34.965276809305,1.8508550203485));
#7974=CARTESIAN_POINT('Ctrl Pts',(-34.8454088665392,34.9648316531015,1.91686041403419));
#7975=CARTESIAN_POINT('Ctrl Pts',(-34.8776217279476,34.9644298596315,1.98482168892357));
#7976=CARTESIAN_POINT('Ctrl Pts',(-34.8928081745388,34.9642404379283,2.01686138444418));
#7977=CARTESIAN_POINT('Ctrl Pts',(-34.907156956857,34.9640606724373,2.04933540755568));
#7978=CARTESIAN_POINT('Ctrl Pts',(-34.9206453297205,34.9638908720189,2.08220705781546));
#7979=CARTESIAN_POINT('Ctrl Pts',(-34.9493585581582,34.9635294112074,2.15218222921569));
#7980=CARTESIAN_POINT('Ctrl Pts',(-34.9740138935082,34.963215037529,2.22357381542589));
#7981=CARTESIAN_POINT('Ctrl Pts',(-34.9945418204532,34.9629498038589,2.295989636328));
#7982=CARTESIAN_POINT('Ctrl Pts',(-35.014935097023,34.9626863099559,2.3679304546897));
#7983=CARTESIAN_POINT('Ctrl Pts',(-35.0312562837567,34.9624713035135,2.44088082129033));
#7984=CARTESIAN_POINT('Ctrl Pts',(-35.0434555431964,34.9623081412462,2.5145039806442));
#7985=CARTESIAN_POINT('Ctrl Pts',(-35.0553098559386,34.962149592561,2.58604536890296));
#7986=CARTESIAN_POINT('Ctrl Pts',(-35.0632740121847,34.9620399930731,2.65822154799151));
#7987=CARTESIAN_POINT('Ctrl Pts',(-35.0672949871133,34.9619837941212,2.73078156730805));
#7988=CARTESIAN_POINT('Ctrl Pts',(-35.0693340917972,34.9619552946782,2.76757798556098));
#7989=CARTESIAN_POINT('Ctrl Pts',(-35.0703588483691,34.9619405506515,2.80447410508443));
#7990=CARTESIAN_POINT('Ctrl Pts',(-35.0703588483691,34.9619402895222,2.8414434748346));
#7991=CARTESIAN_POINT('Origin',(-33.0703588483691,-13.7309700338087,2.8414434748346));
#7992=CARTESIAN_POINT('Ctrl Pts',(-33.0703588483691,-29.9871432376854,0.841443474834596));
#7993=CARTESIAN_POINT('Ctrl Pts',(-33.0734884652205,-29.9871032732534,0.841443474834596));
#7994=CARTESIAN_POINT('Ctrl Pts',(-33.0766181203979,-29.9870633103113,0.84145082070487));
#7995=CARTESIAN_POINT('Ctrl Pts',(-33.0797477918396,-29.9870233491565,0.84146551302089));
#7996=CARTESIAN_POINT('Ctrl Pts',(-33.1536176698065,-29.9860801429178,0.841812296896339));
#7997=CARTESIAN_POINT('Ctrl Pts',(-33.227296953911,-29.9851403946849,0.846250231348862));
#7998=CARTESIAN_POINT('Ctrl Pts',(-33.3004667991895,-29.984208558013,0.854724991765286));
#7999=CARTESIAN_POINT('Ctrl Pts',(-33.3747223418568,-29.9832628947074,0.863325501050244));
#8000=CARTESIAN_POINT('Ctrl Pts',(-33.4484519815804,-29.9823253550461,0.876085051911563));
#8001=CARTESIAN_POINT('Ctrl Pts',(-33.5212811455433,-29.9814003711049,0.892939155642276));
#8002=CARTESIAN_POINT('Ctrl Pts',(-33.5939912062156,-29.9804768998631,0.909765696524484));
#8003=CARTESIAN_POINT('Ctrl Pts',(-33.6658021444565,-29.9795659180918,0.930673863792296));
#8004=CARTESIAN_POINT('Ctrl Pts',(-33.7363221174063,-29.978671990608,0.955576850628828));
#8005=CARTESIAN_POINT('Ctrl Pts',(-33.7763312834227,-29.9781648251681,0.969705439920205));
#8006=CARTESIAN_POINT('Ctrl Pts',(-33.8159247041595,-29.9776631540396,0.985119395939941));
#8007=CARTESIAN_POINT('Ctrl Pts',(-33.8550309986882,-29.9771678802742,1.00179959176551));
#8008=CARTESIAN_POINT('Ctrl Pts',(-33.9241872853759,-29.9762920290865,1.03129715522478));
#8009=CARTESIAN_POINT('Ctrl Pts',(-33.9914368492292,-29.9754410096401,1.06459147695105));
#8010=CARTESIAN_POINT('Ctrl Pts',(-34.0564700208777,-29.9746196632008,1.10144785545685));
#8011=CARTESIAN_POINT('Ctrl Pts',(-34.1209226461672,-29.973805648861,1.13797521977186));
#8012=CARTESIAN_POINT('Ctrl Pts',(-34.1831984069043,-29.9730207555355,1.17799930639383));
#8013=CARTESIAN_POINT('Ctrl Pts',(-34.2430465220654,-29.9722701043332,1.22131890556203));
#8014=CARTESIAN_POINT('Ctrl Pts',(-34.2684001203083,-29.9719521041931,1.23967048957425));
#8015=CARTESIAN_POINT('Ctrl Pts',(-34.2933186523419,-29.9716402564675,1.25861401600865));
#8016=CARTESIAN_POINT('Ctrl Pts',(-34.3177854938643,-29.9713349892707,1.27813711838734));
#8017=CARTESIAN_POINT('Ctrl Pts',(-34.3761494851165,-29.9706067950741,1.32470815516789));
#8018=CARTESIAN_POINT('Ctrl Pts',(-34.4319515113054,-29.9699159739138,1.37458023667506));
#8019=CARTESIAN_POINT('Ctrl Pts',(-34.484957532807,-29.9692625087209,1.42761513943228));
#8020=CARTESIAN_POINT('Ctrl Pts',(-34.4879062247118,-29.9692261568599,1.43056543798329));
#8021=CARTESIAN_POINT('Ctrl Pts',(-34.4908462416349,-29.969189920875,1.43352551630342));
#8022=CARTESIAN_POINT('Ctrl Pts',(-34.4937775356663,-29.969153800862,1.43649534744586));
#8023=CARTESIAN_POINT('Ctrl Pts',(-34.5458558041701,-29.9685120816374,1.48925827808028));
#8024=CARTESIAN_POINT('Ctrl Pts',(-34.5949040829027,-29.9679103869984,1.54481845232438));
#8025=CARTESIAN_POINT('Ctrl Pts',(-34.640723879868,-29.9673484282136,1.60291464277398));
#8026=CARTESIAN_POINT('Ctrl Pts',(-34.687179722215,-29.9667786686241,1.66181729279082));
#8027=CARTESIAN_POINT('Ctrl Pts',(-34.7303150041521,-29.9662497420079,1.72332711425615));
#8028=CARTESIAN_POINT('Ctrl Pts',(-34.769899382838,-29.965762380183,1.78713708118192));
#8029=CARTESIAN_POINT('Ctrl Pts',(-34.8094235593465,-29.9652757595657,1.85085000227589));
#8030=CARTESIAN_POINT('Ctrl Pts',(-34.845406253907,-29.9648305654488,1.91685538145771));
#8031=CARTESIAN_POINT('Ctrl Pts',(-34.8776193891306,-29.9644287380573,1.98481675460785));
#8032=CARTESIAN_POINT('Ctrl Pts',(-34.8928064194654,-29.9642392946907,2.01685745565924));
#8033=CARTESIAN_POINT('Ctrl Pts',(-34.9071557413768,-29.9640595090012,2.04933253492438));
#8034=CARTESIAN_POINT('Ctrl Pts',(-34.9206446034599,-29.9638896899445,2.08220528789457));
#8035=CARTESIAN_POINT('Ctrl Pts',(-34.9493578907978,-29.9635282018264,2.15218041224546));
#8036=CARTESIAN_POINT('Ctrl Pts',(-34.9740133228366,-29.9632138049861,2.22357204203273));
#8037=CARTESIAN_POINT('Ctrl Pts',(-34.9945413466232,-29.9629485526553,2.2959879648134));
#8038=CARTESIAN_POINT('Ctrl Pts',(-35.0149348391381,-29.9626850386669,2.36792930678266));
#8039=CARTESIAN_POINT('Ctrl Pts',(-35.031256193139,-29.9624700171581,2.4408802658639));
#8040=CARTESIAN_POINT('Ctrl Pts',(-35.0434555493153,-29.962306844905,2.51450401757192));
#8041=CARTESIAN_POINT('Ctrl Pts',(-35.0553100147495,-29.9621482857314,2.58604633563796));
#8042=CARTESIAN_POINT('Ctrl Pts',(-35.063274218035,-29.962038681041,2.6582234499167));
#8043=CARTESIAN_POINT('Ctrl Pts',(-35.0672951398458,-29.9619824819004,2.73078432345946));
#8044=CARTESIAN_POINT('Ctrl Pts',(-35.0693341444128,-29.9619539833845,2.76757985430885));
#8045=CARTESIAN_POINT('Ctrl Pts',(-35.0703588483691,-29.9619392405811,2.80447505825017));
#8046=CARTESIAN_POINT('Ctrl Pts',(-35.0703588483691,-29.9619389808121,2.8414434748346));
#8047=CARTESIAN_POINT('Origin',(-6.23152180426723,62.0223835651827,2.84144347483459));
#8048=CARTESIAN_POINT('Ctrl Pts',(-32.6998434097239,-41.4050765839865,2.8414434748346));
#8049=CARTESIAN_POINT('Ctrl Pts',(-33.5252969269751,-39.8869048233016,2.8414434748346));
#8050=CARTESIAN_POINT('Ctrl Pts',(-34.5549826739176,-37.1409364243792,2.8414434748346));
#8051=CARTESIAN_POINT('Ctrl Pts',(-35.0687499068338,-33.1925332506897,2.8414434748346));
#8052=CARTESIAN_POINT('Ctrl Pts',(-35.0974163178671,-31.0208669312409,2.8414434748346));
#8053=CARTESIAN_POINT('Ctrl Pts',(-35.069706688419,-29.9360725563931,2.8414434748346));
#8054=CARTESIAN_POINT('Ctrl Pts',(-32.6998434097239,-41.4050765839865,2.24304487415082));
#8055=CARTESIAN_POINT('Ctrl Pts',(-33.5255824528176,-39.8863796849843,2.24304487415082));
#8056=CARTESIAN_POINT('Ctrl Pts',(-34.5550994456014,-37.1413536431335,2.24304487415082));
#8057=CARTESIAN_POINT('Ctrl Pts',(-35.068998505108,-33.1919232643382,2.24304487415082));
#8058=CARTESIAN_POINT('Ctrl Pts',(-35.0974209388663,-31.0210478370853,2.24304487415082));
#8059=CARTESIAN_POINT('Ctrl Pts',(-35.069706688419,-29.9360725563931,2.24304487415082));
#8060=CARTESIAN_POINT('Ctrl Pts',(-32.2588533148879,-41.1653034342798,1.20691162573962));
#8061=CARTESIAN_POINT('Ctrl Pts',(-33.0621883896608,-39.6878118500787,1.20691162573962));
#8062=CARTESIAN_POINT('Ctrl Pts',(-34.0633862972661,-37.0200808523702,1.20691162573961));
#8063=CARTESIAN_POINT('Ctrl Pts',(-34.5662169826961,-33.1634063591356,1.20691162573961));
#8064=CARTESIAN_POINT('Ctrl Pts',(-34.5952624410901,-31.0196706530474,1.20691162573962));
#8065=CARTESIAN_POINT('Ctrl Pts',(-34.5679107803064,-29.9488902654399,1.20691162573962));
#8066=CARTESIAN_POINT('Ctrl Pts',(-31.3370558158075,-40.6641078465908,0.841443474834599));
#8067=CARTESIAN_POINT('Ctrl Pts',(-32.0943609751891,-39.2712743518318,0.841443474834599));
#8068=CARTESIAN_POINT('Ctrl Pts',(-33.0358904116967,-36.7677557504724,0.841443474834599));
#8069=CARTESIAN_POINT('Ctrl Pts',(-33.5159547472656,-33.102086743511,0.841443474834599));
#8070=CARTESIAN_POINT('Ctrl Pts',(-33.5456181592743,-31.0172993735538,0.841443474834599));
#8071=CARTESIAN_POINT('Ctrl Pts',(-33.5190114545314,-29.9756830036025,0.841443474834599));
#8072=CARTESIAN_POINT('Ctrl Pts',(-30.9427693097974,-40.4497281620128,0.841443474834599));
#8073=CARTESIAN_POINT('Ctrl Pts',(-31.6804207485662,-39.0930417342942,0.841443474834599));
#8074=CARTESIAN_POINT('Ctrl Pts',(-32.5964071364716,-36.6598781567009,0.841443474834599));
#8075=CARTESIAN_POINT('Ctrl Pts',(-33.0667496114301,-33.0757834186149,0.841443474834599));
#8076=CARTESIAN_POINT('Ctrl Pts',(-33.0966474739288,-31.0163072394304,0.841443474834599));
#8077=CARTESIAN_POINT('Ctrl Pts',(-33.0703588483691,-29.9871432376854,0.841443474834599));
#8078=CARTESIAN_POINT('Ctrl Pts',(-30.9427693097981,-40.4497281620114,0.841443474834599));
#8079=CARTESIAN_POINT('Ctrl Pts',(-30.9473467125132,-40.450622413481,0.841443474834599));
#8080=CARTESIAN_POINT('Ctrl Pts',(-30.9519196267509,-40.4515384497881,0.841458863288816));
#8081=CARTESIAN_POINT('Ctrl Pts',(-31.0980097913771,-40.4815331849509,0.842446451813629));
#8082=CARTESIAN_POINT('Ctrl Pts',(-31.241479150023,-40.5337656205532,0.856885181404506));
#8083=CARTESIAN_POINT('Ctrl Pts',(-31.5280041126655,-40.6916780044898,0.937736935206125));
#8084=CARTESIAN_POINT('Ctrl Pts',(-31.6492595250499,-40.7774562593812,0.99279901616644));
#8085=CARTESIAN_POINT('Ctrl Pts',(-31.9308989762842,-40.9631946279802,1.16480640849545));
#8086=CARTESIAN_POINT('Ctrl Pts',(-32.0723297879879,-41.0302953672393,1.28192350934203));
#8087=CARTESIAN_POINT('Ctrl Pts',(-32.3042757243262,-41.0942538210237,1.51933584226674));
#8088=CARTESIAN_POINT('Ctrl Pts',(-32.48215830296,-41.1289046992982,1.7094702303191));
#8089=CARTESIAN_POINT('Ctrl Pts',(-32.6548034351067,-41.2356850488513,2.15252103870346));
#8090=CARTESIAN_POINT('Ctrl Pts',(-32.6860348045397,-41.2701664376791,2.28874616910409));
#8091=CARTESIAN_POINT('Ctrl Pts',(-32.7253919908526,-41.3256950639126,2.56106851751591));
#8092=CARTESIAN_POINT('Ctrl Pts',(-32.731506906419,-41.3465889443227,2.70326375891832));
#8093=CARTESIAN_POINT('Ctrl Pts',(-32.7315071766947,-41.3465883602205,2.84144347483459));
#8094=CARTESIAN_POINT('Origin',(-33.8351324063945,-34.1989423752202,2.8414434748346));
#8095=CARTESIAN_POINT('',(-35.6502343713691,-35.0388262104887,2.84144347483459));
#8096=CARTESIAN_POINT('Ctrl Pts',(-25.1744050451169,-52.9159394067666,0.841443474834596));
#8097=CARTESIAN_POINT('Ctrl Pts',(-25.177409034538,-52.9172911242886,0.841443474834596));
#8098=CARTESIAN_POINT('Ctrl Pts',(-25.1804130164997,-52.9186428461185,0.841451612248763));
#8099=CARTESIAN_POINT('Ctrl Pts',(-25.1834169633227,-52.9199945599301,0.841467887002158));
#8100=CARTESIAN_POINT('Ctrl Pts',(-25.247406019894,-52.9487883091741,0.84181456628014));
#8101=CARTESIAN_POINT('Ctrl Pts',(-25.3111844604213,-52.9774909590617,0.845851162314973));
#8102=CARTESIAN_POINT('Ctrl Pts',(-25.3745270935331,-53.0060012545241,0.853518592612947));
#8103=CARTESIAN_POINT('Ctrl Pts',(-25.4388440256595,-53.0349500785321,0.861303958800484));
#8104=CARTESIAN_POINT('Ctrl Pts',(-25.5027109620607,-53.0637002496838,0.872833919039853));
#8105=CARTESIAN_POINT('Ctrl Pts',(-25.5658617355663,-53.0921312857001,0.888052012495014));
#8106=CARTESIAN_POINT('Ctrl Pts',(-25.6290851224413,-53.1205950128967,0.903287604342977));
#8107=CARTESIAN_POINT('Ctrl Pts',(-25.6915897788449,-53.1487384225564,0.922220313618826));
#8108=CARTESIAN_POINT('Ctrl Pts',(-25.7530907114415,-53.176432261798,0.944785893052424));
#8109=CARTESIAN_POINT('Ctrl Pts',(-25.7989790358113,-53.1970957513503,0.961622981287081));
#8110=CARTESIAN_POINT('Ctrl Pts',(-25.8443081255155,-53.2175087484791,0.980482306785549));
#8111=CARTESIAN_POINT('Ctrl Pts',(-25.8889577112587,-53.2376167783953,1.00133361796423));
#8112=CARTESIAN_POINT('Ctrl Pts',(-25.9583016467416,-53.2688459579272,1.03371716538224));
#8113=CARTESIAN_POINT('Ctrl Pts',(-26.0256529494578,-53.2991796095338,1.07074328413021));
#8114=CARTESIAN_POINT('Ctrl Pts',(-26.0905808112305,-53.3284249715793,1.11211251916338));
#8115=CARTESIAN_POINT('Ctrl Pts',(-26.1543909563161,-53.3571668821283,1.15276959329884));
#8116=CARTESIAN_POINT('Ctrl Pts',(-26.2158603073746,-53.3848575885802,1.19761808684648));
#8117=CARTESIAN_POINT('Ctrl Pts',(-26.2746496707651,-53.4113467216489,1.24639241080605));
#8118=CARTESIAN_POINT('Ctrl Pts',(-26.2871707048392,-53.4169884112101,1.25678042892738));
#8119=CARTESIAN_POINT('Ctrl Pts',(-26.2995704196305,-53.4225757128649,1.26734670593141));
#8120=CARTESIAN_POINT('Ctrl Pts',(-26.3118459242774,-53.4281073563796,1.27808903061855));
#8121=CARTESIAN_POINT('Ctrl Pts',(-26.3680671786357,-53.4534420327131,1.32728839031974));
#8122=CARTESIAN_POINT('Ctrl Pts',(-26.4216907164822,-53.477612720912,1.38018480318959));
#8123=CARTESIAN_POINT('Ctrl Pts',(-26.4724326664769,-53.5004883875812,1.43658063491501));
#8124=CARTESIAN_POINT('Ctrl Pts',(-26.5173897124188,-53.520756083196,1.48654698421925));
#8125=CARTESIAN_POINT('Ctrl Pts',(-26.5598184715832,-53.5398876655468,1.53896519362491));
#8126=CARTESIAN_POINT('Ctrl Pts',(-26.5995943169966,-53.5578241348009,1.59361574129269));
#8127=CARTESIAN_POINT('Ctrl Pts',(-26.6400034660012,-53.5760461851727,1.6491364247865));
#8128=CARTESIAN_POINT('Ctrl Pts',(-26.6776734172992,-53.5930342272884,1.70696138272395));
#8129=CARTESIAN_POINT('Ctrl Pts',(-26.7124510459264,-53.6087170342682,1.76684211223745));
#8130=CARTESIAN_POINT('Ctrl Pts',(-26.7473641161851,-53.6244609180103,1.82695604752174));
#8131=CARTESIAN_POINT('Ctrl Pts',(-26.7793614225643,-53.6388889678051,1.8891414593072));
#8132=CARTESIAN_POINT('Ctrl Pts',(-26.8082809898022,-53.651927041372,1.9531291413827));
#8133=CARTESIAN_POINT('Ctrl Pts',(-26.8273807966656,-53.660537982364,1.99538953757831));
#8134=CARTESIAN_POINT('Ctrl Pts',(-26.8451380587158,-53.6685426235839,2.03843566259147));
#8135=CARTESIAN_POINT('Ctrl Pts',(-26.86150660676,-53.6759201506569,2.08218748731715));
#8136=CARTESIAN_POINT('Ctrl Pts',(-26.8896614755357,-53.6886099326747,2.15744320826002));
#8137=CARTESIAN_POINT('Ctrl Pts',(-26.9135639696463,-53.6993792620757,2.2344092638788));
#8138=CARTESIAN_POINT('Ctrl Pts',(-26.9331061446387,-53.7081806399498,2.31257053082928));
#8139=CARTESIAN_POINT('Ctrl Pts',(-26.9524554992934,-53.7168951756657,2.38996058976966));
#8140=CARTESIAN_POINT('Ctrl Pts',(-26.9675319507046,-53.7236812237299,2.46852022292636));
#8141=CARTESIAN_POINT('Ctrl Pts',(-26.9782647273875,-53.7285100020553,2.54780771249057));
#8142=CARTESIAN_POINT('Ctrl Pts',(-26.9886614488094,-53.733187585922,2.62461262193681));
#8143=CARTESIAN_POINT('Ctrl Pts',(-26.994984939959,-53.7360297915202,2.70209969379158));
#8144=CARTESIAN_POINT('Ctrl Pts',(-26.9971695014485,-53.7370114141174,2.7799438843118));
#8145=CARTESIAN_POINT('Ctrl Pts',(-26.9977441344902,-53.7372696228159,2.80042023354345));
#8146=CARTESIAN_POINT('Ctrl Pts',(-26.9980322545269,-53.7373990418339,2.82092174264142));
#8147=CARTESIAN_POINT('Ctrl Pts',(-26.9980322545269,-53.7373990418339,2.8414434748346));
#8148=CARTESIAN_POINT('Ctrl Pts',(-15.1443929141319,-60.0229879839363,2.84144347483459));
#8149=CARTESIAN_POINT('Ctrl Pts',(-15.14539637285,-60.0230973523657,2.84144347483459));
#8150=CARTESIAN_POINT('Ctrl Pts',(-15.1463998372893,-60.0232067214187,2.84144347483459));
#8151=CARTESIAN_POINT('Ctrl Pts',(-16.4208815136223,-60.1621143384154,2.84144347483461));
#8152=CARTESIAN_POINT('Ctrl Pts',(-18.3917517529785,-60.1799941416254,2.84144347483459));
#8153=CARTESIAN_POINT('Ctrl Pts',(-20.7694988663353,-59.6165074351223,2.84144347483461));
#8154=CARTESIAN_POINT('Ctrl Pts',(-22.0857518135322,-59.0771866319557,2.84144347483461));
#8155=CARTESIAN_POINT('Ctrl Pts',(-23.3638112268161,-58.3837147956535,2.84144347483461));
#8156=CARTESIAN_POINT('Ctrl Pts',(-24.8081484271574,-57.2133958547028,2.84144347483459));
#8157=CARTESIAN_POINT('Ctrl Pts',(-26.1112098404125,-55.5323836436381,2.84144347483461));
#8158=CARTESIAN_POINT('Ctrl Pts',(-26.7419835294475,-54.3228976333719,2.84144347483459));
#8159=CARTESIAN_POINT('Ctrl Pts',(-27.0068214594475,-53.7173444756871,2.8414434748346));
#8160=CARTESIAN_POINT('Ctrl Pts',(-15.1443929141319,-60.0229879839363,2.24304487415082));
#8161=CARTESIAN_POINT('Ctrl Pts',(-15.14539637285,-60.0230973523657,2.24304487415082));
#8162=CARTESIAN_POINT('Ctrl Pts',(-15.1463998372893,-60.0232067214187,2.24304487415082));
#8163=CARTESIAN_POINT('Ctrl Pts',(-16.4208815136223,-60.1621143384154,2.24304487415082));
#8164=CARTESIAN_POINT('Ctrl Pts',(-18.3917517529785,-60.1799941416254,2.24304487415083));
#8165=CARTESIAN_POINT('Ctrl Pts',(-20.7694988663353,-59.6165074351223,2.24304487415083));
#8166=CARTESIAN_POINT('Ctrl Pts',(-22.0857518135322,-59.0771866319557,2.24304487415083));
#8167=CARTESIAN_POINT('Ctrl Pts',(-23.3638112268161,-58.3837147956535,2.24304487415083));
#8168=CARTESIAN_POINT('Ctrl Pts',(-24.8081484271574,-57.2133958547028,2.24304487415083));
#8169=CARTESIAN_POINT('Ctrl Pts',(-26.1112098404125,-55.5323836436381,2.24304487415083));
#8170=CARTESIAN_POINT('Ctrl Pts',(-26.7419835294475,-54.3228976333719,2.24304487415083));
#8171=CARTESIAN_POINT('Ctrl Pts',(-27.0068214594475,-53.7173444756871,2.24304487415083));
#8172=CARTESIAN_POINT('Ctrl Pts',(-15.1988376393631,-59.5234559483257,1.20732188842747));
#8173=CARTESIAN_POINT('Ctrl Pts',(-15.1998410980812,-59.5235653167551,1.20732188842747));
#8174=CARTESIAN_POINT('Ctrl Pts',(-15.2008445625205,-59.5236746858081,1.20732188842746));
#8175=CARTESIAN_POINT('Ctrl Pts',(-16.4394065146963,-59.6581306655239,1.20732188842749));
#8176=CARTESIAN_POINT('Ctrl Pts',(-18.3472988214835,-59.6741853470432,1.20732188842749));
#8177=CARTESIAN_POINT('Ctrl Pts',(-20.6200441501912,-59.134405253227,1.20732188842748));
#8178=CARTESIAN_POINT('Ctrl Pts',(-21.8702283925575,-58.6219193378921,1.20732188842748));
#8179=CARTESIAN_POINT('Ctrl Pts',(-23.0800475957665,-57.9653157422575,1.20732188842748));
#8180=CARTESIAN_POINT('Ctrl Pts',(-24.4442444213524,-56.8605718705108,1.20732188842748));
#8181=CARTESIAN_POINT('Ctrl Pts',(-25.6842294702211,-55.2624809753489,1.20732188842748));
#8182=CARTESIAN_POINT('Ctrl Pts',(-26.2910126699643,-54.1001974799289,1.20732188842747));
#8183=CARTESIAN_POINT('Ctrl Pts',(-26.5464357397855,-53.5159953464661,1.20732188842747));
#8184=CARTESIAN_POINT('Ctrl Pts',(-15.3124652492126,-58.4809191183824,0.841443474834603));
#8185=CARTESIAN_POINT('Ctrl Pts',(-15.3134687079307,-58.4810284868118,0.841443474834603));
#8186=CARTESIAN_POINT('Ctrl Pts',(-15.3144721723699,-58.4811378558648,0.841443474834594));
#8187=CARTESIAN_POINT('Ctrl Pts',(-16.4776187160928,-58.6075500577788,0.841443474834643));
#8188=CARTESIAN_POINT('Ctrl Pts',(-18.2548079669349,-58.6185557135175,0.841443474834618));
#8189=CARTESIAN_POINT('Ctrl Pts',(-20.3081490045141,-58.1283093470524,0.841443474834618));
#8190=CARTESIAN_POINT('Ctrl Pts',(-21.4204731618664,-57.6721758985813,0.841443474834618));
#8191=CARTESIAN_POINT('Ctrl Pts',(-22.4879542722768,-57.0921919676001,0.841443474834618));
#8192=CARTESIAN_POINT('Ctrl Pts',(-23.6843449016694,-56.124188213299,0.841443474834604));
#8193=CARTESIAN_POINT('Ctrl Pts',(-24.7932311377082,-54.6991590146816,0.841443474834604));
#8194=CARTESIAN_POINT('Ctrl Pts',(-25.3496283362221,-53.6354391599165,0.841443474834596));
#8195=CARTESIAN_POINT('Ctrl Pts',(-25.5855983269439,-53.0957742837002,0.841443474834596));
#8196=CARTESIAN_POINT('Ctrl Pts',(-15.3610925290996,-58.034762323486,0.841443474834603));
#8197=CARTESIAN_POINT('Ctrl Pts',(-15.3620959878177,-58.0348716919155,0.841443474834603));
#8198=CARTESIAN_POINT('Ctrl Pts',(-15.3630994522569,-58.0349810609685,0.841443474834594));
#8199=CARTESIAN_POINT('Ctrl Pts',(-16.4938725862908,-58.1582256743116,0.841443474834643));
#8200=CARTESIAN_POINT('Ctrl Pts',(-18.2152887226851,-58.166797347743,0.841443474834618));
#8201=CARTESIAN_POINT('Ctrl Pts',(-20.1746771325771,-57.6977617359153,0.841443474834618));
#8202=CARTESIAN_POINT('Ctrl Pts',(-21.2280096170873,-57.2658210349459,0.841443474834618));
#8203=CARTESIAN_POINT('Ctrl Pts',(-22.2345945732486,-56.7185550275068,0.841443474834618));
#8204=CARTESIAN_POINT('Ctrl Pts',(-23.3590505974803,-55.8090438780398,0.841443474834604));
#8205=CARTESIAN_POINT('Ctrl Pts',(-24.4119524130075,-54.4580775460195,0.841443474834604));
#8206=CARTESIAN_POINT('Ctrl Pts',(-24.9467168703671,-53.4365494764314,0.841443474834596));
#8207=CARTESIAN_POINT('Ctrl Pts',(-25.1744050451168,-52.9159394067666,0.841443474834596));
#8208=CARTESIAN_POINT('Origin',(25.9510000794528,16.7717262198154,2.84144347483459));
#8209=CARTESIAN_POINT('',(27.9510000794528,-26.0434524396292,2.8414434748346));
#8210=CARTESIAN_POINT('Ctrl Pts',(27.9510000794529,-26.0434524396292,2.84144347483458));
#8211=CARTESIAN_POINT('Ctrl Pts',(27.9510199809657,-26.0427655674307,2.76687378886519));
#8212=CARTESIAN_POINT('Ctrl Pts',(27.9465749495349,-26.0420702895099,2.69230917594008));
#8213=CARTESIAN_POINT('Ctrl Pts',(27.9378685655323,-26.041371749098,2.61827523974883));
#8214=CARTESIAN_POINT('Ctrl Pts',(27.9291624697341,-26.0406732318096,2.54424375427802));
#8215=CARTESIAN_POINT('Ctrl Pts',(27.9161982724734,-26.0399715370021,2.47074147732123));
#8216=CARTESIAN_POINT('Ctrl Pts',(27.8992046933351,-26.0392710354442,2.39821485917318));
#8217=CARTESIAN_POINT('Ctrl Pts',(27.8822116351584,-26.0385705553611,2.32569046442887));
#8218=CARTESIAN_POINT('Ctrl Pts',(27.8611909012981,-26.0378713082276,2.25413966826922));
#8219=CARTESIAN_POINT('Ctrl Pts',(27.8363633581577,-26.0371759649122,2.18395644283841));
#8220=CARTESIAN_POINT('Ctrl Pts',(27.8115365154188,-26.0364806412129,2.11377519732284));
#8221=CARTESIAN_POINT('Ctrl Pts',(27.7829033587455,-26.0357892255217,2.04495952469267));
#8222=CARTESIAN_POINT('Ctrl Pts',(27.7506642129669,-26.0351023680526,1.97788070251062));
#8223=CARTESIAN_POINT('Ctrl Pts',(27.7184258978446,-26.0344155282808,1.91080360864508));
#8224=CARTESIAN_POINT('Ctrl Pts',(27.6825811723935,-26.0337332240254,1.84546166446231));
#8225=CARTESIAN_POINT('Ctrl Pts',(27.6433124608444,-26.0330542260705,1.78223006394524));
#8226=CARTESIAN_POINT('Ctrl Pts',(27.6040446650701,-26.0323752439503,1.71899993803479));
#8227=CARTESIAN_POINT('Ctrl Pts',(27.5613516422504,-26.0316995214232,1.65787887927165));
#8228=CARTESIAN_POINT('Ctrl Pts',(27.5154129798454,-26.031024467886,1.59926707371903));
#8229=CARTESIAN_POINT('Ctrl Pts',(27.4692171211649,-26.0303456349341,1.54032711890603));
#8230=CARTESIAN_POINT('Ctrl Pts',(27.4197368930061,-26.0296674062767,1.48392408151499));
#8231=CARTESIAN_POINT('Ctrl Pts',(27.367179752154,-26.0289866614343,1.43050342643762));
#8232=CARTESIAN_POINT('Ctrl Pts',(27.3149077916652,-26.0283096103823,1.37737263723909));
#8233=CARTESIAN_POINT('Ctrl Pts',(27.2595893490091,-26.0276299782587,1.3271928189215));
#8234=CARTESIAN_POINT('Ctrl Pts',(27.2014919122508,-26.0269454577325,1.28043812301472));
#8235=CARTESIAN_POINT('Ctrl Pts',(27.1433981891609,-26.0262609809618,1.23368641573267));
#8236=CARTESIAN_POINT('Ctrl Pts',(27.082534067259,-26.0255718462027,1.19037196005089));
#8237=CARTESIAN_POINT('Ctrl Pts',(27.0194189070185,-26.024882102577,1.15066361023914));
#8238=CARTESIAN_POINT('Ctrl Pts',(26.9563071637208,-26.0241923962927,1.11095741016701));
#8239=CARTESIAN_POINT('Ctrl Pts',(26.8909442972385,-26.0235020621898,1.07485384521936));
#8240=CARTESIAN_POINT('Ctrl Pts',(26.823798329245,-26.0228128576124,1.04248064532006));
#8241=CARTESIAN_POINT('Ctrl Pts',(26.7560002275403,-26.0221169593562,1.00979303108398));
#8242=CARTESIAN_POINT('Ctrl Pts',(26.6863828622658,-26.0214221639932,0.980906658026693));
#8243=CARTESIAN_POINT('Ctrl Pts',(26.6153892594979,-26.0207284758639,0.955948704598945));
#8244=CARTESIAN_POINT('Ctrl Pts',(26.5450746399739,-26.020041422172,0.931229449187908));
#8245=CARTESIAN_POINT('Ctrl Pts',(26.473408084337,-26.0193553880769,0.910363021640678));
#8246=CARTESIAN_POINT('Ctrl Pts',(26.4008070512847,-26.0186694961509,0.89348914548954));
#8247=CARTESIAN_POINT('Ctrl Pts',(26.32715442572,-26.0179736693964,0.876370859017105));
#8248=CARTESIAN_POINT('Ctrl Pts',(26.2525377950234,-26.0172779126553,0.863361823668675));
#8249=CARTESIAN_POINT('Ctrl Pts',(26.1774110591368,-26.0165814757364,0.854629566342545));
#8250=CARTESIAN_POINT('Ctrl Pts',(26.1022843232502,-26.0158850388176,0.845897309016411));
#8251=CARTESIAN_POINT('Ctrl Pts',(26.0266452102322,-26.0151878438855,0.841443481741407));
#8252=CARTESIAN_POINT('Ctrl Pts',(25.9510000794528,-26.014490480664,0.841443474834608));
#8253=CARTESIAN_POINT('',(27.9510000794528,16.7717262198154,2.8414434748346));
#8254=CARTESIAN_POINT('Ctrl Pts',(20.7331869484918,-52.1265866929582,2.8414434748346));
#8255=CARTESIAN_POINT('Ctrl Pts',(20.7198432111595,-52.1566552477495,2.8414434748346));
#8256=CARTESIAN_POINT('Ctrl Pts',(20.7064857862145,-52.1867546459787,2.8414434748346));
#8257=CARTESIAN_POINT('Ctrl Pts',(20.4706373750494,-52.718211515742,2.8414434748346));
#8258=CARTESIAN_POINT('Ctrl Pts',(20.0886337383027,-53.3504817050856,2.8414434748346));
#8259=CARTESIAN_POINT('Ctrl Pts',(19.3763953372411,-54.1797255346834,2.8414434748346));
#8260=CARTESIAN_POINT('Ctrl Pts',(18.5776401370949,-54.9094873962772,2.8414434748346));
#8261=CARTESIAN_POINT('Ctrl Pts',(17.3890195438569,-55.6395868971491,2.8414434748346));
#8262=CARTESIAN_POINT('Ctrl Pts',(15.6492554287613,-56.340387884522,2.8414434748346));
#8263=CARTESIAN_POINT('Ctrl Pts',(13.9728757097806,-56.7276821181872,2.8414434748346));
#8264=CARTESIAN_POINT('Ctrl Pts',(12.75533529859,-56.9190120076056,2.8414434748346));
#8265=CARTESIAN_POINT('Ctrl Pts',(12.3382869116244,-56.9749191192962,2.8414434748346));
#8266=CARTESIAN_POINT('Ctrl Pts',(12.3269769125448,-56.9764352728207,2.8414434748346));
#8267=CARTESIAN_POINT('Ctrl Pts',(12.3156671011743,-56.9779514011819,2.8414434748346));
#8268=CARTESIAN_POINT('Ctrl Pts',(20.7331869484918,-52.1265866929582,2.24304487415083));
#8269=CARTESIAN_POINT('Ctrl Pts',(20.7198432111595,-52.1566552477495,2.24304487415083));
#8270=CARTESIAN_POINT('Ctrl Pts',(20.7064857862145,-52.1867546459787,2.24304487415083));
#8271=CARTESIAN_POINT('Ctrl Pts',(20.4706373750494,-52.718211515742,2.24304487415083));
#8272=CARTESIAN_POINT('Ctrl Pts',(20.0886337383027,-53.3504817050856,2.24304487415083));
#8273=CARTESIAN_POINT('Ctrl Pts',(19.3763953372411,-54.1797255346834,2.24304487415083));
#8274=CARTESIAN_POINT('Ctrl Pts',(18.5776401370949,-54.9094873962772,2.24304487415083));
#8275=CARTESIAN_POINT('Ctrl Pts',(17.3890195438569,-55.6395868971491,2.24304487415083));
#8276=CARTESIAN_POINT('Ctrl Pts',(15.6492554287613,-56.340387884522,2.24304487415083));
#8277=CARTESIAN_POINT('Ctrl Pts',(13.9728757097806,-56.7276821181872,2.24304487415083));
#8278=CARTESIAN_POINT('Ctrl Pts',(12.75533529859,-56.9190120076056,2.24304487415083));
#8279=CARTESIAN_POINT('Ctrl Pts',(12.3382869116244,-56.9749191192962,2.24304487415081));
#8280=CARTESIAN_POINT('Ctrl Pts',(12.3269769125448,-56.9764352728207,2.24304487415084));
#8281=CARTESIAN_POINT('Ctrl Pts',(12.3156671011743,-56.9779514011819,2.24304487415083));
#8282=CARTESIAN_POINT('Ctrl Pts',(20.2738922664638,-51.9227622112818,1.20732134109356));
#8283=CARTESIAN_POINT('Ctrl Pts',(20.2605485291316,-51.952830766073,1.20732134109356));
#8284=CARTESIAN_POINT('Ctrl Pts',(20.2471911041865,-51.9829301643022,1.20732134109357));
#8285=CARTESIAN_POINT('Ctrl Pts',(20.028200277145,-52.4762949717604,1.20732134109359));
#8286=CARTESIAN_POINT('Ctrl Pts',(19.6757356730725,-53.059732876105,1.20732134109358));
#8287=CARTESIAN_POINT('Ctrl Pts',(19.0172425732064,-53.8265450417968,1.20732134109358));
#8288=CARTESIAN_POINT('Ctrl Pts',(18.2768064460805,-54.5031941378792,1.20732134109358));
#8289=CARTESIAN_POINT('Ctrl Pts',(17.1655657873601,-55.1868612885332,1.20732134109357));
#8290=CARTESIAN_POINT('Ctrl Pts',(15.5081318566733,-55.8560140941492,1.20732134109357));
#8291=CARTESIAN_POINT('Ctrl Pts',(13.8759586953883,-56.2342936107289,1.20732134109357));
#8292=CARTESIAN_POINT('Ctrl Pts',(12.6814466782353,-56.4221369208078,1.20732134109357));
#8293=CARTESIAN_POINT('Ctrl Pts',(12.2715232301207,-56.4768843463115,1.20732134109359));
#8294=CARTESIAN_POINT('Ctrl Pts',(12.260213231041,-56.478400499836,1.20732134109357));
#8295=CARTESIAN_POINT('Ctrl Pts',(12.2489034196705,-56.4799166281972,1.20732134109356));
#8296=CARTESIAN_POINT('Ctrl Pts',(19.3153305914454,-51.4973744499803,0.841443474834599));
#8297=CARTESIAN_POINT('Ctrl Pts',(19.3019868541132,-51.5274430047715,0.841443474834599));
#8298=CARTESIAN_POINT('Ctrl Pts',(19.2886294291681,-51.5575424030008,0.841443474834599));
#8299=CARTESIAN_POINT('Ctrl Pts',(19.105132674658,-51.9709599886096,0.841443474834639));
#8300=CARTESIAN_POINT('Ctrl Pts',(18.8139786199737,-52.4528615407622,0.841443474834621));
#8301=CARTESIAN_POINT('Ctrl Pts',(18.2676785263845,-53.0894088924095,0.841443474834622));
#8302=CARTESIAN_POINT('Ctrl Pts',(17.6491461613061,-53.6550580691995,0.841443474834609));
#8303=CARTESIAN_POINT('Ctrl Pts',(16.698910508534,-54.242241468264,0.841443474834609));
#8304=CARTESIAN_POINT('Ctrl Pts',(15.2136681684337,-54.8449116142894,0.8414434748346));
#8305=CARTESIAN_POINT('Ctrl Pts',(13.6735307164403,-55.2049542135066,0.8414434748346));
#8306=CARTESIAN_POINT('Ctrl Pts',(12.5273760207784,-55.3846315550877,0.8414434748346));
#8307=CARTESIAN_POINT('Ctrl Pts',(12.1321854392059,-55.4374709481382,0.841443474834653));
#8308=CARTESIAN_POINT('Ctrl Pts',(12.1208754401262,-55.4389871016627,0.841443474834591));
#8309=CARTESIAN_POINT('Ctrl Pts',(12.1095656287558,-55.4405032300239,0.841443474834591));
#8310=CARTESIAN_POINT('Ctrl Pts',(18.9051113969505,-51.3153285479409,0.841443474834599));
#8311=CARTESIAN_POINT('Ctrl Pts',(18.8917676596182,-51.3453971027321,0.841443474834599));
#8312=CARTESIAN_POINT('Ctrl Pts',(18.8784102346732,-51.3754965009614,0.841443474834599));
#8313=CARTESIAN_POINT('Ctrl Pts',(18.7101720346955,-51.7546016502946,0.841443474834639));
#8314=CARTESIAN_POINT('Ctrl Pts',(18.4451813944758,-52.1931338167177,0.841443474834622));
#8315=CARTESIAN_POINT('Ctrl Pts',(17.9469001224052,-52.7739410122644,0.841443474834622));
#8316=CARTESIAN_POINT('Ctrl Pts',(17.3805787496306,-53.2920539354358,0.841443474834609));
#8317=CARTESIAN_POINT('Ctrl Pts',(16.4991377501966,-53.838039897967,0.841443474834609));
#8318=CARTESIAN_POINT('Ctrl Pts',(15.0876660213731,-54.4121633323639,0.8414434748346));
#8319=CARTESIAN_POINT('Ctrl Pts',(13.5868659573292,-54.764528661654,0.8414434748346));
#8320=CARTESIAN_POINT('Ctrl Pts',(12.4614712804105,-54.9405152041357,0.8414434748346));
#8321=CARTESIAN_POINT('Ctrl Pts',(12.0725554353769,-54.9926510288172,0.841443474834653));
#8322=CARTESIAN_POINT('Ctrl Pts',(12.0612454362972,-54.9941671823416,0.841443474834591));
#8323=CARTESIAN_POINT('Ctrl Pts',(12.0499356249267,-54.9956833107029,0.841443474834591));
#8324=CARTESIAN_POINT('Ctrl Pts',(20.7331869484918,-52.1265866929583,2.8414434748346));
#8325=CARTESIAN_POINT('Ctrl Pts',(20.71982906648,-52.156687121134,2.8414434748346));
#8326=CARTESIAN_POINT('Ctrl Pts',(20.7064711844684,-52.1867875493094,2.8414434748346));
#8327=CARTESIAN_POINT('Ctrl Pts',(20.6931133024566,-52.2168879774853,2.8414434748346));
#8328=CARTESIAN_POINT('Ctrl Pts',(20.1615377412207,-53.4147314669597,2.8414434748346));
#8329=CARTESIAN_POINT('Ctrl Pts',(19.2347199532181,-54.4666965129959,2.8414434748346));
#8330=CARTESIAN_POINT('Ctrl Pts',(18.0859369592377,-55.1966778302255,2.8414434748346));
#8331=CARTESIAN_POINT('Ctrl Pts',(16.8957286611674,-55.9529823940601,2.8414434748346));
#8332=CARTESIAN_POINT('Ctrl Pts',(15.5759522936608,-56.3641666072698,2.8414434748346));
#8333=CARTESIAN_POINT('Ctrl Pts',(14.1887200171585,-56.6592256195669,2.8414434748346));
#8334=CARTESIAN_POINT('Ctrl Pts',(13.596433357901,-56.785202732151,2.8414434748346));
#8335=CARTESIAN_POINT('Ctrl Pts',(12.985554974749,-56.8881500799477,2.8414434748346));
#8336=CARTESIAN_POINT('Ctrl Pts',(12.3495971001091,-56.9734029403812,2.8414434748346));
#8337=CARTESIAN_POINT('Ctrl Pts',(12.3382871004647,-56.9749190939813,2.8414434748346));
#8338=CARTESIAN_POINT('Ctrl Pts',(12.3269771008187,-56.9764352475817,2.8414434748346));
#8339=CARTESIAN_POINT('Ctrl Pts',(12.3156671011742,-56.9779514011819,2.8414434748346));
#8340=CARTESIAN_POINT('Ctrl Pts',(27.9512795605211,-26.0338065510229,2.8414434748346));
#8341=CARTESIAN_POINT('Ctrl Pts',(27.9507669242514,-26.0514994573217,2.8414434748346));
#8342=CARTESIAN_POINT('Ctrl Pts',(27.9502542825958,-26.0691925495092,2.84144347483461));
#8343=CARTESIAN_POINT('Ctrl Pts',(27.9055389556457,-27.6124779872189,2.8414434748346));
#8344=CARTESIAN_POINT('Ctrl Pts',(27.7837262279153,-29.6546913867696,2.8414434748346));
#8345=CARTESIAN_POINT('Ctrl Pts',(27.2917335436857,-33.2818859336467,2.8414434748346));
#8346=CARTESIAN_POINT('Ctrl Pts',(26.8105836190929,-35.3435137008532,2.8414434748346));
#8347=CARTESIAN_POINT('Ctrl Pts',(26.3292263378977,-36.8761951794914,2.8414434748346));
#8348=CARTESIAN_POINT('Ctrl Pts',(26.3221056225938,-36.8988681271903,2.8414434748346));
#8349=CARTESIAN_POINT('Ctrl Pts',(26.3149852280392,-36.9215400535965,2.8414434748346));
#8350=CARTESIAN_POINT('Ctrl Pts',(27.9512795605211,-26.0338065510229,2.24304487415083));
#8351=CARTESIAN_POINT('Ctrl Pts',(27.9507669242514,-26.0514994573217,2.24304487415083));
#8352=CARTESIAN_POINT('Ctrl Pts',(27.9502542825958,-26.0691925495092,2.24304487415084));
#8353=CARTESIAN_POINT('Ctrl Pts',(27.9055389556457,-27.6124779872189,2.24304487415083));
#8354=CARTESIAN_POINT('Ctrl Pts',(27.7837262279153,-29.6546913867696,2.24304487415083));
#8355=CARTESIAN_POINT('Ctrl Pts',(27.2917335436857,-33.2818859336467,2.24304487415083));
#8356=CARTESIAN_POINT('Ctrl Pts',(26.8105836190929,-35.3435137008532,2.24304487415083));
#8357=CARTESIAN_POINT('Ctrl Pts',(26.3292263378977,-36.8761951794914,2.24304487415083));
#8358=CARTESIAN_POINT('Ctrl Pts',(26.3221056225938,-36.8988681271903,2.24304487415083));
#8359=CARTESIAN_POINT('Ctrl Pts',(26.3149852280392,-36.9215400535965,2.24304487415083));
#8360=CARTESIAN_POINT('Ctrl Pts',(27.4490264791529,-26.0192542133954,1.2072901839219));
#8361=CARTESIAN_POINT('Ctrl Pts',(27.4485138428832,-26.0369471196943,1.2072901839219));
#8362=CARTESIAN_POINT('Ctrl Pts',(27.4480012012276,-26.0546402118818,1.20729018392191));
#8363=CARTESIAN_POINT('Ctrl Pts',(27.4034779287255,-27.5866333862998,1.2072901839219));
#8364=CARTESIAN_POINT('Ctrl Pts',(27.2823426408901,-29.612498286747,1.20729018392191));
#8365=CARTESIAN_POINT('Ctrl Pts',(26.7972651572291,-33.1880875872171,1.2072901839219));
#8366=CARTESIAN_POINT('Ctrl Pts',(26.3231841342873,-35.2188051793563,1.2072901839219));
#8367=CARTESIAN_POINT('Ctrl Pts',(25.8498483336295,-36.7256406800632,1.2072901839219));
#8368=CARTESIAN_POINT('Ctrl Pts',(25.8427276183256,-36.748313627762,1.20729018392191));
#8369=CARTESIAN_POINT('Ctrl Pts',(25.835607223771,-36.7709855541683,1.20729018392191));
#8370=CARTESIAN_POINT('Ctrl Pts',(26.400729217409,-25.9888807298815,0.841443474834599));
#8371=CARTESIAN_POINT('Ctrl Pts',(26.4002165811393,-26.0065736361803,0.841443474834599));
#8372=CARTESIAN_POINT('Ctrl Pts',(26.3997039394837,-26.0242667283679,0.841443474834599));
#8373=CARTESIAN_POINT('Ctrl Pts',(26.3559158218577,-27.5323394780897,0.841443474834599));
#8374=CARTESIAN_POINT('Ctrl Pts',(26.2360818880764,-29.523518297473,0.841443474834599));
#8375=CARTESIAN_POINT('Ctrl Pts',(25.7652652758616,-32.9923202897465,0.841443474834599));
#8376=CARTESIAN_POINT('Ctrl Pts',(25.3067173369744,-34.955146458693,0.841443474834599));
#8377=CARTESIAN_POINT('Ctrl Pts',(24.8492956882467,-36.4114049384647,0.841443474834599));
#8378=CARTESIAN_POINT('Ctrl Pts',(24.8421749729428,-36.4340778861636,0.841443474834599));
#8379=CARTESIAN_POINT('Ctrl Pts',(24.8350545783882,-36.4567498125698,0.841443474834599));
#8380=CARTESIAN_POINT('Ctrl Pts',(25.9521185315563,-25.9758826330933,0.841443474834599));
#8381=CARTESIAN_POINT('Ctrl Pts',(25.9516058952866,-25.9935755393921,0.841443474834599));
#8382=CARTESIAN_POINT('Ctrl Pts',(25.9510932536309,-26.0112686315797,0.841443474834599));
#8383=CARTESIAN_POINT('Ctrl Pts',(25.9076971350558,-27.509023482505,0.841443474834599));
#8384=CARTESIAN_POINT('Ctrl Pts',(25.7883940392398,-29.4852281654521,0.841443474834599));
#8385=CARTESIAN_POINT('Ctrl Pts',(25.3236403292631,-32.9085449539961,0.841443474834599));
#8386=CARTESIAN_POINT('Ctrl Pts',(24.8719199903968,-34.8415359162338,0.841443474834599));
#8387=CARTESIAN_POINT('Ctrl Pts',(24.4211169408079,-36.2769301890759,0.841443474834599));
#8388=CARTESIAN_POINT('Ctrl Pts',(24.413996225504,-36.2996031367748,0.841443474834599));
#8389=CARTESIAN_POINT('Ctrl Pts',(24.4068758309494,-36.322275063181,0.841443474834599));
#8390=CARTESIAN_POINT('Ctrl Pts',(27.9510000794528,-26.0434524396303,2.8414434748346));
#8391=CARTESIAN_POINT('Ctrl Pts',(27.950580149353,-26.0579457253133,2.8414434748346));
#8392=CARTESIAN_POINT('Ctrl Pts',(27.9501583181536,-26.0725046247245,2.84144347483461));
#8393=CARTESIAN_POINT('Ctrl Pts',(27.9055389556457,-27.6124779872189,2.8414434748346));
#8394=CARTESIAN_POINT('Ctrl Pts',(27.7837262279153,-29.6546913867696,2.8414434748346));
#8395=CARTESIAN_POINT('Ctrl Pts',(27.2917335436857,-33.2818859336467,2.8414434748346));
#8396=CARTESIAN_POINT('Ctrl Pts',(26.8105836190929,-35.3435137008532,2.8414434748346));
#8397=CARTESIAN_POINT('Ctrl Pts',(26.3292263378977,-36.8761951794914,2.8414434748346));
#8398=CARTESIAN_POINT('Ctrl Pts',(26.3221056225938,-36.8988681271903,2.8414434748346));
#8399=CARTESIAN_POINT('Ctrl Pts',(26.3149852280392,-36.9215400535965,2.8414434748346));
#8400=CARTESIAN_POINT('Origin',(26.3149852280392,-36.9215400535966,3.8414434748346));
#8401=CARTESIAN_POINT('',(20.7331869484918,-52.1265866929583,3.8414434748346));
#8402=CARTESIAN_POINT('',(26.3149852280394,-36.9215400535959,3.84144347483459));
#8403=CARTESIAN_POINT('Ctrl Pts',(27.9510000794528,-26.0434524396286,29.3414434748346));
#8404=CARTESIAN_POINT('Ctrl Pts',(27.9510000794528,-26.0434524396286,-2.45855652516543));
#8405=CARTESIAN_POINT('Ctrl Pts',(27.9505805939352,-26.0579303811939,29.3414434748346));
#8406=CARTESIAN_POINT('Ctrl Pts',(27.9505805939352,-26.0579303811939,-2.45855652516543));
#8407=CARTESIAN_POINT('Ctrl Pts',(27.9501611084176,-26.0724083227592,29.3414434748346));
#8408=CARTESIAN_POINT('Ctrl Pts',(27.9501611084176,-26.0724083227592,-2.45855652516543));
#8409=CARTESIAN_POINT('Ctrl Pts',(27.9497416229,-26.0868862643246,29.3414434748346));
#8410=CARTESIAN_POINT('Ctrl Pts',(27.9497416229,-26.0868862643246,-2.45855652516543));
#8411=CARTESIAN_POINT('Ctrl Pts',(27.8744310837432,-28.6861216118987,29.3414434748346));
#8412=CARTESIAN_POINT('Ctrl Pts',(27.8744310837432,-28.6861216118987,-2.45855652516543));
#8413=CARTESIAN_POINT('Ctrl Pts',(27.654839832178,-31.1675510555544,29.3414434748346));
#8414=CARTESIAN_POINT('Ctrl Pts',(27.654839832178,-31.1675510555544,-2.45855652516543));
#8415=CARTESIAN_POINT('Ctrl Pts',(27.2064558266625,-33.436778494878,29.3414434748346));
#8416=CARTESIAN_POINT('Ctrl Pts',(27.2064558266625,-33.436778494878,-2.45855652516543));
#8417=CARTESIAN_POINT('Ctrl Pts',(26.9687973451266,-34.63954474179,29.3414434748346));
#8418=CARTESIAN_POINT('Ctrl Pts',(26.9687973451266,-34.63954474179,-2.45855652516543));
#8419=CARTESIAN_POINT('Ctrl Pts',(26.6762781979974,-35.7711532929722,29.3414434748346));
#8420=CARTESIAN_POINT('Ctrl Pts',(26.6762781979974,-35.7711532929722,-2.45855652516543));
#8421=CARTESIAN_POINT('Ctrl Pts',(26.3363474023414,-36.8535211201027,29.3414434748346));
#8422=CARTESIAN_POINT('Ctrl Pts',(26.3363474023414,-36.8535211201027,-2.45855652516543));
#8423=CARTESIAN_POINT('Ctrl Pts',(26.3292266775741,-36.8761940979337,29.3414434748346));
#8424=CARTESIAN_POINT('Ctrl Pts',(26.3292266775741,-36.8761940979337,-2.45855652516543));
#8425=CARTESIAN_POINT('Ctrl Pts',(26.3221059528067,-36.8988670757649,29.3414434748346));
#8426=CARTESIAN_POINT('Ctrl Pts',(26.3221059528067,-36.8988670757649,-2.45855652516543));
#8427=CARTESIAN_POINT('Ctrl Pts',(26.3149852280394,-36.9215400535958,29.3414434748346));
#8428=CARTESIAN_POINT('Ctrl Pts',(26.3149852280394,-36.9215400535958,-2.45855652516543));
#8429=CARTESIAN_POINT('',(27.9510000794528,-26.0434524396292,3.8414434748346));
#8430=CARTESIAN_POINT('Origin',(27.9510000794528,31.0434524396293,3.84144347483459));
#8431=CARTESIAN_POINT('',(27.9510000794528,31.0434524396293,3.8414434748346));
#8432=CARTESIAN_POINT('Ctrl Pts',(26.3149852280391,41.9215400535969,29.3414434748346));
#8433=CARTESIAN_POINT('Ctrl Pts',(26.3149852280391,41.9215400535969,-2.45855652516541));
#8434=CARTESIAN_POINT('Ctrl Pts',(26.3221059528065,41.8988670757657,29.3414434748346));
#8435=CARTESIAN_POINT('Ctrl Pts',(26.3221059528065,41.8988670757657,-2.45855652516541));
#8436=CARTESIAN_POINT('Ctrl Pts',(26.329226677574,41.8761940979339,29.3414434748346));
#8437=CARTESIAN_POINT('Ctrl Pts',(26.329226677574,41.8761940979339,-2.45855652516541));
#8438=CARTESIAN_POINT('Ctrl Pts',(26.3363474023414,41.8535211201027,29.3414434748346));
#8439=CARTESIAN_POINT('Ctrl Pts',(26.3363474023414,41.8535211201027,-2.45855652516541));
#8440=CARTESIAN_POINT('Ctrl Pts',(26.676278198005,40.7711532929479,29.3414434748346));
#8441=CARTESIAN_POINT('Ctrl Pts',(26.676278198005,40.7711532929479,-2.45855652516541));
#8442=CARTESIAN_POINT('Ctrl Pts',(26.9687973451395,39.6395447417403,29.3414434748346));
#8443=CARTESIAN_POINT('Ctrl Pts',(26.9687973451395,39.6395447417403,-2.45855652516541));
#8444=CARTESIAN_POINT('Ctrl Pts',(27.2064558266785,38.4367784947968,29.3414434748346));
#8445=CARTESIAN_POINT('Ctrl Pts',(27.2064558266785,38.4367784947968,-2.45855652516541));
#8446=CARTESIAN_POINT('Ctrl Pts',(27.6548398321844,36.167551055492,29.3414434748346));
#8447=CARTESIAN_POINT('Ctrl Pts',(27.6548398321844,36.167551055492,-2.45855652516541));
#8448=CARTESIAN_POINT('Ctrl Pts',(27.8744310837441,33.6861216118677,29.3414434748346));
#8449=CARTESIAN_POINT('Ctrl Pts',(27.8744310837441,33.6861216118677,-2.45855652516541));
#8450=CARTESIAN_POINT('Ctrl Pts',(27.9497416229,31.0868862643247,29.3414434748346));
#8451=CARTESIAN_POINT('Ctrl Pts',(27.9497416229,31.0868862643247,-2.45855652516541));
#8452=CARTESIAN_POINT('Ctrl Pts',(27.9501611084176,31.0724083227593,29.3414434748346));
#8453=CARTESIAN_POINT('Ctrl Pts',(27.9501611084176,31.0724083227593,-2.45855652516541));
#8454=CARTESIAN_POINT('Ctrl Pts',(27.9505805939352,31.0579303811939,29.3414434748346));
#8455=CARTESIAN_POINT('Ctrl Pts',(27.9505805939352,31.0579303811939,-2.45855652516541));
#8456=CARTESIAN_POINT('Ctrl Pts',(27.9510000794528,31.0434524396287,29.3414434748346));
#8457=CARTESIAN_POINT('Ctrl Pts',(27.9510000794528,31.0434524396287,-2.45855652516541));
#8458=CARTESIAN_POINT('Origin',(-18.292713172114,39.0000000000001,2.84144347483459));
#8459=CARTESIAN_POINT('Origin',(-23.292713172114,39.0000000000001,2.84144347483459));
#8460=CARTESIAN_POINT('Ctrl Pts',(-15.2927131721141,35.,0.841443474834594));
#8461=CARTESIAN_POINT('Ctrl Pts',(-15.2972164645914,34.9983284991021,0.841443474834594));
#8462=CARTESIAN_POINT('Ctrl Pts',(-15.3017210439011,34.9966604570392,0.841444871789493));
#8463=CARTESIAN_POINT('Ctrl Pts',(-15.7067089127474,34.8470478338065,0.841694431907002));
#8464=CARTESIAN_POINT('Ctrl Pts',(-16.1180011852651,34.726316591212,0.852587362575069));
#8465=CARTESIAN_POINT('Ctrl Pts',(-17.1133132850246,34.5129550343219,0.87862211460786));
#8466=CARTESIAN_POINT('Ctrl Pts',(-17.6998355797387,34.4489578808282,0.892485594006409));
#8467=CARTESIAN_POINT('Ctrl Pts',(-18.8855907644798,34.4489578808282,0.892485594006409));
#8468=CARTESIAN_POINT('Ctrl Pts',(-19.4721130591847,34.5129550343199,0.878622114608358));
#8469=CARTESIAN_POINT('Ctrl Pts',(-20.4674251601271,34.7263165914602,0.85258736254461));
#8470=CARTESIAN_POINT('Ctrl Pts',(-20.8787174374437,34.8470478359998,0.841694431903326));
#8471=CARTESIAN_POINT('Ctrl Pts',(-21.2837053001581,34.9966604569774,0.841444871789596));
#8472=CARTESIAN_POINT('Ctrl Pts',(-21.2882098798052,34.9983284991648,0.841443474834591));
#8473=CARTESIAN_POINT('Ctrl Pts',(-21.2927131721138,35.,0.841443474834591));
#8474=CARTESIAN_POINT('Origin',(7.68244273397864,35.,3.8414434748346));
#8475=CARTESIAN_POINT('Origin',(16.9509996473191,35.,3.8414434748346));
#8476=CARTESIAN_POINT('Origin',(-25.0490003526809,35.,3.84144347483458));
#8477=CARTESIAN_POINT('Ctrl Pts',(24.9510000794528,-26.0000003874302,5.84144347483459));
#8478=CARTESIAN_POINT('Ctrl Pts',(24.9510000794528,-26.0000003874302,34.0414434748346));
#8479=CARTESIAN_POINT('Ctrl Pts',(24.9443959236606,-26.2279333615934,5.84144347483459));
#8480=CARTESIAN_POINT('Ctrl Pts',(24.9443959236606,-26.2279333615934,34.0414434748346));
#8481=CARTESIAN_POINT('Ctrl Pts',(24.9292274918389,-26.681334177227,5.84144347483459));
#8482=CARTESIAN_POINT('Ctrl Pts',(24.9292274918389,-26.681334177227,34.0414434748346));
#8483=CARTESIAN_POINT('Ctrl Pts',(24.9005948273424,-27.3540404351631,5.8414434748346));
#8484=CARTESIAN_POINT('Ctrl Pts',(24.9005948273424,-27.3540404351631,34.0414434748346));
#8485=CARTESIAN_POINT('Ctrl Pts',(24.8504614587283,-28.2359451184395,5.84144347483459));
#8486=CARTESIAN_POINT('Ctrl Pts',(24.8504614587283,-28.2359451184395,34.0414434748346));
#8487=CARTESIAN_POINT('Ctrl Pts',(24.7664776838387,-29.3115167030478,5.8414434748346));
#8488=CARTESIAN_POINT('Ctrl Pts',(24.7664776838387,-29.3115167030478,34.0414434748346));
#8489=CARTESIAN_POINT('Ctrl Pts',(24.6591350510334,-30.3577111692559,5.84144347483459));
#8490=CARTESIAN_POINT('Ctrl Pts',(24.6591350510334,-30.3577111692559,34.0414434748346));
#8491=CARTESIAN_POINT('Ctrl Pts',(24.5263021902271,-31.3718480130999,5.84144347483459));
#8492=CARTESIAN_POINT('Ctrl Pts',(24.5263021902271,-31.3718480130999,34.0414434748346));
#8493=CARTESIAN_POINT('Ctrl Pts',(24.3664366530274,-32.3519873842184,5.84144347483459));
#8494=CARTESIAN_POINT('Ctrl Pts',(24.3664366530274,-32.3519873842184,34.0414434748346));
#8495=CARTESIAN_POINT('Ctrl Pts',(24.1800455286172,-33.2987670200829,5.84144347483459));
#8496=CARTESIAN_POINT('Ctrl Pts',(24.1800455286172,-33.2987670200829,34.0414434748346));
#8497=CARTESIAN_POINT('Ctrl Pts',(23.9689018304903,-34.2144167397835,5.84144347483459));
#8498=CARTESIAN_POINT('Ctrl Pts',(23.9689018304903,-34.2144167397835,34.0414434748346));
#8499=CARTESIAN_POINT('Ctrl Pts',(23.7816922646159,-34.9239284194841,5.84144347483459));
#8500=CARTESIAN_POINT('Ctrl Pts',(23.7816922646159,-34.9239284194841,34.0414434748346));
#8501=CARTESIAN_POINT('Ctrl Pts',(23.6316313670993,-35.4439212360757,5.84144347483459));
#8502=CARTESIAN_POINT('Ctrl Pts',(23.6316313670993,-35.4439212360757,34.0414434748346));
#8503=CARTESIAN_POINT('Ctrl Pts',(23.5273695280945,-35.7852742974601,5.84144347483459));
#8504=CARTESIAN_POINT('Ctrl Pts',(23.5273695280945,-35.7852742974601,34.0414434748346));
#8505=CARTESIAN_POINT('Ctrl Pts',(23.4741833067067,-35.9546236344794,5.8414434748346));
#8506=CARTESIAN_POINT('Ctrl Pts',(23.4741833067067,-35.9546236344794,34.0414434748346));
#8507=CARTESIAN_POINT('',(24.9510000794528,-26.0000003874302,3.8414434748346));
#8508=CARTESIAN_POINT('Origin',(24.9510000794528,31.0000003874302,3.8414434748346));
#8509=CARTESIAN_POINT('',(24.9510000794528,31.0000003874302,3.8414434748346));
#8510=CARTESIAN_POINT('Ctrl Pts',(23.4741833067067,40.9546236344795,5.8414434748346));
#8511=CARTESIAN_POINT('Ctrl Pts',(23.4741833067067,40.9546236344795,34.0414434748346));
#8512=CARTESIAN_POINT('Ctrl Pts',(23.5273695280945,40.7852742974601,5.84144347483459));
#8513=CARTESIAN_POINT('Ctrl Pts',(23.5273695280945,40.7852742974601,34.0414434748346));
#8514=CARTESIAN_POINT('Ctrl Pts',(23.6316313670993,40.4439212360757,5.8414434748346));
#8515=CARTESIAN_POINT('Ctrl Pts',(23.6316313670993,40.4439212360757,34.0414434748346));
#8516=CARTESIAN_POINT('Ctrl Pts',(23.7816922646159,39.9239284194841,5.8414434748346));
#8517=CARTESIAN_POINT('Ctrl Pts',(23.7816922646159,39.9239284194841,34.0414434748346));
#8518=CARTESIAN_POINT('Ctrl Pts',(23.9689018304903,39.2144167397836,5.8414434748346));
#8519=CARTESIAN_POINT('Ctrl Pts',(23.9689018304903,39.2144167397836,34.0414434748346));
#8520=CARTESIAN_POINT('Ctrl Pts',(24.1800455286172,38.298767020083,5.8414434748346));
#8521=CARTESIAN_POINT('Ctrl Pts',(24.1800455286172,38.298767020083,34.0414434748346));
#8522=CARTESIAN_POINT('Ctrl Pts',(24.3664366530274,37.3519873842184,5.8414434748346));
#8523=CARTESIAN_POINT('Ctrl Pts',(24.3664366530274,37.3519873842184,34.0414434748346));
#8524=CARTESIAN_POINT('Ctrl Pts',(24.5263021902271,36.3718480130999,5.84144347483459));
#8525=CARTESIAN_POINT('Ctrl Pts',(24.5263021902271,36.3718480130999,34.0414434748346));
#8526=CARTESIAN_POINT('Ctrl Pts',(24.6591350510334,35.3577111692559,5.8414434748346));
#8527=CARTESIAN_POINT('Ctrl Pts',(24.6591350510334,35.3577111692559,34.0414434748346));
#8528=CARTESIAN_POINT('Ctrl Pts',(24.7664776838387,34.3115167030479,5.8414434748346));
#8529=CARTESIAN_POINT('Ctrl Pts',(24.7664776838387,34.3115167030479,34.0414434748346));
#8530=CARTESIAN_POINT('Ctrl Pts',(24.8504614587283,33.2359451184396,5.84144347483459));
#8531=CARTESIAN_POINT('Ctrl Pts',(24.8504614587283,33.2359451184396,34.0414434748346));
#8532=CARTESIAN_POINT('Ctrl Pts',(24.9005948273424,32.3540404351632,5.8414434748346));
#8533=CARTESIAN_POINT('Ctrl Pts',(24.9005948273424,32.3540404351632,34.0414434748346));
#8534=CARTESIAN_POINT('Ctrl Pts',(24.9292274918389,31.681334177227,5.8414434748346));
#8535=CARTESIAN_POINT('Ctrl Pts',(24.9292274918389,31.681334177227,34.0414434748346));
#8536=CARTESIAN_POINT('Ctrl Pts',(24.9443959236606,31.2279333615935,5.8414434748346));
#8537=CARTESIAN_POINT('Ctrl Pts',(24.9443959236606,31.2279333615935,34.0414434748346));
#8538=CARTESIAN_POINT('Ctrl Pts',(24.9510000794528,31.0000003874302,5.8414434748346));
#8539=CARTESIAN_POINT('Ctrl Pts',(24.9510000794528,31.0000003874302,34.0414434748346));
#8540=CARTESIAN_POINT('Origin',(-21.6708567623974,34.0413564472301,3.8414434748346));
#8541=CARTESIAN_POINT('Origin',(-3.58611417936183,2.5000000000015,3.84144347483459));
#8542=CARTESIAN_POINT('',(-23.6490003526809,-39.,3.8414434748346));
#8543=CARTESIAN_POINT('Origin',(-25.0490003526809,-39.,3.8414434748346));
#8544=CARTESIAN_POINT('Origin',(-3.58611417936183,2.5000000000015,3.84144347483459));
#8545=CARTESIAN_POINT('',(18.3509996473191,-39.,3.8414434748346));
#8546=CARTESIAN_POINT('Origin',(16.9509996473191,-39.,3.8414434748346));
#8547=CARTESIAN_POINT('Origin',(-3.58611417936183,2.5000000000015,3.84144347483459));
#8548=CARTESIAN_POINT('',(-23.6490003526809,39.,3.8414434748346));
#8549=CARTESIAN_POINT('Origin',(-25.0490003526809,39.,3.8414434748346));
#8550=CARTESIAN_POINT('Origin',(-3.58611417936183,2.5000000000015,3.84144347483459));
#8551=CARTESIAN_POINT('',(18.3509996473191,39.,3.8414434748346));
#8552=CARTESIAN_POINT('Origin',(16.9509996473191,39.,3.8414434748346));
#8553=CARTESIAN_POINT('Origin',(-25.0490003526809,-25.,3.84144347483458));
#8554=CARTESIAN_POINT('Origin',(-25.0490003526809,-30.,3.84144347483458));
#8555=CARTESIAN_POINT('Origin',(-30.0490003526809,-25.,3.8414434748346));
#8556=CARTESIAN_POINT('Origin',(-30.0490003526809,17.2500000000008,3.8414434748346));
#8557=CARTESIAN_POINT('Origin',(-30.0490003526809,30.,3.8414434748346));
#8558=CARTESIAN_POINT('Origin',(-25.0490003526809,30.,3.84144347483458));
#8559=CARTESIAN_POINT('Origin',(16.9509996473191,30.,3.8414434748346));
#8560=CARTESIAN_POINT('Origin',(21.9509996473191,30.,3.8414434748346));
#8561=CARTESIAN_POINT('Origin',(21.9509996473191,-12.2499999999992,3.8414434748346));
#8562=CARTESIAN_POINT('Origin',(21.9509996473191,-25.,3.8414434748346));
#8563=CARTESIAN_POINT('Origin',(16.9509996473191,-25.,3.8414434748346));
#8564=CARTESIAN_POINT('Origin',(16.9509996473191,-30.,3.8414434748346));
#8565=CARTESIAN_POINT('Origin',(-15.3175572660214,-30.,3.84144347483459));
#8566=CARTESIAN_POINT('Origin',(-26.9980322565593,-53.7373990374417,3.8414434748346));
#8567=CARTESIAN_POINT('Ctrl Pts',(20.7331869484918,-52.1265866929583,29.3414434748346));
#8568=CARTESIAN_POINT('Ctrl Pts',(20.7331869484918,-52.1265866929583,-2.45855652516541));
#8569=CARTESIAN_POINT('Ctrl Pts',(20.71982906648,-52.156687121134,29.3414434748346));
#8570=CARTESIAN_POINT('Ctrl Pts',(20.71982906648,-52.156687121134,-2.45855652516541));
#8571=CARTESIAN_POINT('Ctrl Pts',(20.7064711844684,-52.1867875493094,29.3414434748346));
#8572=CARTESIAN_POINT('Ctrl Pts',(20.7064711844684,-52.1867875493094,-2.45855652516541));
#8573=CARTESIAN_POINT('Ctrl Pts',(20.6931133024566,-52.2168879774853,29.3414434748346));
#8574=CARTESIAN_POINT('Ctrl Pts',(20.6931133024566,-52.2168879774853,-2.45855652516541));
#8575=CARTESIAN_POINT('Ctrl Pts',(20.1615377412207,-53.4147314669597,29.3414434748346));
#8576=CARTESIAN_POINT('Ctrl Pts',(20.1615377412207,-53.4147314669597,-2.45855652516541));
#8577=CARTESIAN_POINT('Ctrl Pts',(19.2347199532181,-54.4666965129959,29.3414434748346));
#8578=CARTESIAN_POINT('Ctrl Pts',(19.2347199532181,-54.4666965129959,-2.45855652516541));
#8579=CARTESIAN_POINT('Ctrl Pts',(18.0859369592377,-55.1966778302255,29.3414434748346));
#8580=CARTESIAN_POINT('Ctrl Pts',(18.0859369592377,-55.1966778302255,-2.45855652516541));
#8581=CARTESIAN_POINT('Ctrl Pts',(16.8957286611674,-55.9529823940601,29.3414434748346));
#8582=CARTESIAN_POINT('Ctrl Pts',(16.8957286611674,-55.9529823940601,-2.45855652516541));
#8583=CARTESIAN_POINT('Ctrl Pts',(15.5759522936608,-56.3641666072698,29.3414434748346));
#8584=CARTESIAN_POINT('Ctrl Pts',(15.5759522936608,-56.3641666072698,-2.45855652516541));
#8585=CARTESIAN_POINT('Ctrl Pts',(14.1887200171585,-56.6592256195669,29.3414434748346));
#8586=CARTESIAN_POINT('Ctrl Pts',(14.1887200171585,-56.6592256195669,-2.45855652516541));
#8587=CARTESIAN_POINT('Ctrl Pts',(13.596433357901,-56.785202732151,29.3414434748346));
#8588=CARTESIAN_POINT('Ctrl Pts',(13.596433357901,-56.785202732151,-2.45855652516541));
#8589=CARTESIAN_POINT('Ctrl Pts',(12.985554974749,-56.8881500799477,29.3414434748346));
#8590=CARTESIAN_POINT('Ctrl Pts',(12.985554974749,-56.8881500799477,-2.45855652516541));
#8591=CARTESIAN_POINT('Ctrl Pts',(12.3495971001091,-56.9734029403812,29.3414434748346));
#8592=CARTESIAN_POINT('Ctrl Pts',(12.3495971001091,-56.9734029403812,-2.45855652516541));
#8593=CARTESIAN_POINT('Ctrl Pts',(12.3382871004647,-56.9749190939813,29.3414434748346));
#8594=CARTESIAN_POINT('Ctrl Pts',(12.3382871004647,-56.9749190939813,-2.45855652516541));
#8595=CARTESIAN_POINT('Ctrl Pts',(12.3269771008187,-56.9764352475817,29.3414434748346));
#8596=CARTESIAN_POINT('Ctrl Pts',(12.3269771008187,-56.9764352475817,-2.45855652516541));
#8597=CARTESIAN_POINT('Ctrl Pts',(12.3156671011742,-56.9779514011819,29.3414434748346));
#8598=CARTESIAN_POINT('Ctrl Pts',(12.3156671011742,-56.9779514011819,-2.45855652516541));
#8599=CARTESIAN_POINT('Origin',(-25.0490003526809,-39.,3.8414434748346));
#8600=CARTESIAN_POINT('',(-23.6490003526809,-39.,8.1414434748346));
#8601=CARTESIAN_POINT('',(-23.6490003526809,-39.,3.8414434748346));
#8602=CARTESIAN_POINT('Origin',(-25.0490003526809,-39.,8.1414434748346));
#8603=CARTESIAN_POINT('Origin',(-3.58611417936181,2.5000000000015,8.1414434748346));
#8604=CARTESIAN_POINT('Origin',(16.9509996473191,-39.,3.8414434748346));
#8605=CARTESIAN_POINT('',(18.3509996473191,-39.,8.1414434748346));
#8606=CARTESIAN_POINT('',(18.3509996473191,-39.,3.8414434748346));
#8607=CARTESIAN_POINT('Origin',(16.9509996473191,-39.,8.1414434748346));
#8608=CARTESIAN_POINT('Origin',(16.9509996473191,-39.,3.8414434748346));
#8609=CARTESIAN_POINT('',(20.5509996473191,-39.,8.1414434748346));
#8610=CARTESIAN_POINT('Origin',(16.9509996473191,-39.,8.1414434748346));
#8611=CARTESIAN_POINT('',(20.5509996473191,-39.,3.8414434748346));
#8612=CARTESIAN_POINT('Origin',(-3.58611417936181,2.5000000000015,8.1414434748346));
#8613=CARTESIAN_POINT('Origin',(-25.0490003526809,39.,3.8414434748346));
#8614=CARTESIAN_POINT('',(-23.6490003526809,39.,3.8414434748346));
#8615=CARTESIAN_POINT('Origin',(16.9509996473191,39.,3.8414434748346));
#8616=CARTESIAN_POINT('',(18.3509996473191,39.,3.8414434748346));
#8617=CARTESIAN_POINT('Origin',(16.9509996473191,39.,3.8414434748346));
#8618=UNCERTAINTY_MEASURE_WITH_UNIT(LENGTH_MEASURE(0.01),#8622,
'DISTANCE_ACCURACY_VALUE',
'Maximum model space distance between geometric entities at asserted c
onnectivities');
#8619=UNCERTAINTY_MEASURE_WITH_UNIT(LENGTH_MEASURE(0.01),#8622,
'DISTANCE_ACCURACY_VALUE',
'Maximum model space distance between geometric entities at asserted c
onnectivities');
#8620=(
GEOMETRIC_REPRESENTATION_CONTEXT(3)
GLOBAL_UNCERTAINTY_ASSIGNED_CONTEXT((#8618))
GLOBAL_UNIT_ASSIGNED_CONTEXT((#8622,#8624,#8625))
REPRESENTATION_CONTEXT('','3D')
);
#8621=(
GEOMETRIC_REPRESENTATION_CONTEXT(3)
GLOBAL_UNCERTAINTY_ASSIGNED_CONTEXT((#8619))
GLOBAL_UNIT_ASSIGNED_CONTEXT((#8622,#8624,#8625))
REPRESENTATION_CONTEXT('','3D')
);
#8622=(
LENGTH_UNIT()
NAMED_UNIT(*)
SI_UNIT(.MILLI.,.METRE.)
);
#8623=(
LENGTH_UNIT()
NAMED_UNIT(*)
SI_UNIT($,.METRE.)
);
#8624=(
NAMED_UNIT(*)
PLANE_ANGLE_UNIT()
SI_UNIT($,.RADIAN.)
);
#8625=(
NAMED_UNIT(*)
SI_UNIT($,.STERADIAN.)
SOLID_ANGLE_UNIT()
);
#8626=SHAPE_DEFINITION_REPRESENTATION(#8627,#8628);
#8627=PRODUCT_DEFINITION_SHAPE('',$,#8630);
#8628=SHAPE_REPRESENTATION('',(#2974),#8620);
#8629=PRODUCT_DEFINITION_CONTEXT('part definition',#8634,'design');
#8630=PRODUCT_DEFINITION('bike trip computer','(Unsaved)',#8631,#8629);
#8631=PRODUCT_DEFINITION_FORMATION('',$,#8636);
#8632=PRODUCT_RELATED_PRODUCT_CATEGORY('(Unsaved)','(Unsaved)',(#8636));
#8633=APPLICATION_PROTOCOL_DEFINITION('international standard',
'automotive_design',2009,#8634);
#8634=APPLICATION_CONTEXT(
'Core Data for Automotive Mechanical Design Process');
#8635=PRODUCT_CONTEXT('part definition',#8634,'mechanical');
#8636=PRODUCT('bike trip computer','(Unsaved)',$,(#8635));
#8637=PRESENTATION_STYLE_ASSIGNMENT((#8639));
#8638=PRESENTATION_STYLE_ASSIGNMENT((#8640));
#8639=SURFACE_STYLE_USAGE(.BOTH.,#8641);
#8640=SURFACE_STYLE_USAGE(.BOTH.,#8642);
#8641=SURFACE_SIDE_STYLE('',(#8643));
#8642=SURFACE_SIDE_STYLE('',(#8644));
#8643=SURFACE_STYLE_FILL_AREA(#8645);
#8644=SURFACE_STYLE_FILL_AREA(#8646);
#8645=FILL_AREA_STYLE('Steel - Satin',(#8647));
#8646=FILL_AREA_STYLE('Opaque(160,160,160)',(#8648));
#8647=FILL_AREA_STYLE_COLOUR('Steel - Satin',#8649);
#8648=FILL_AREA_STYLE_COLOUR('Opaque(160,160,160)',#8650);
#8649=COLOUR_RGB('Steel - Satin',0.627450980392157,0.627450980392157,0.627450980392157);
#8650=COLOUR_RGB('Opaque(160,160,160)',0.627450980392157,0.627450980392157,
0.627450980392157);
ENDSEC;
END-ISO-10303-21;
